from_value,to_value,count,percentage,N,N_1d,mean_return_1d,median_return_1d,mean_MFE_1d,median_MFE_1d,mean_MAE_1d,median_MAE_1d,hit_rate_1d,N_3d,mean_return_3d,median_return_3d,mean_MFE_3d,median_MFE_3d,mean_MAE_3d,median_MAE_3d,hit_rate_3d,N_5d,mean_return_5d,median_return_5d,mean_MFE_5d,median_MFE_5d,mean_MAE_5d,median_MAE_5d,hit_rate_5d,N_10d,mean_return_10d,median_return_10d,mean_MFE_10d,median_MFE_10d,mean_MAE_10d,median_MAE_10d,hit_rate_10d,target_before_stop_rate_10d,mean_time_to_target,mean_time_to_MFE_5d,mean_time_to_MFE_10d,from_decision_bucket,to_decision_bucket,true_decision_change
Avoid / exit risk,Avoid,1489,0.2546169630642955,1489,1211,0.46931376453996565,0.2197172334734265,2.035568427272469,1.5037593984962294,-1.0760236110264492,-0.8909060346276698,0.564822460776218,1032,1.1299260012538659,0.6056018168054456,3.693628699720002,2.4765163910230754,-2.092177294643421,-1.700811751063014,0.564922480620155,955,1.7303314239682157,0.8856524306238844,4.824276998367997,3.6177806619078767,-2.5330940789743552,-2.163805436337629,0.612565445026178,642,3.466222930429688,2.534315475224713,7.196426729436748,5.552037154317091,-2.8533177338501816,-2.481898331512844,0.721183800623053,0.7204301075268817,4.112956810631229,3.1926701570680627,6.308411214953271,AVOID,AVOID,False
No clear trade,Defensive / wait for confirmation,699,0.1195280437756498,699,655,0.19254087782226176,0.134559700221426,1.7543966515036655,1.4509354715540157,-1.2659430114189432,-1.030376020339907,0.5343511450381679,618,0.8484165191152612,0.6401795142555455,3.4234124955215415,2.5028245156921587,-2.1976192400912815,-1.705445630951924,0.5825242718446602,569,1.4118831814804949,1.2018288700196056,4.401383400458362,3.548098741662664,-2.648557755358767,-2.0212676175204614,0.6151142355008787,399,3.8910990939418375,3.021978021978033,7.1760788444951,6.252183024799174,-3.031394883838602,-2.175602175602187,0.7593984962406015,0.7063492063492064,4.0497512437810945,3.1159929701230227,6.370927318295739,NO_TRADE,WAIT_CONFIRM,True
"Improving, not ready",Defensive / wait for confirmation,563,0.09627222982216142,563,535,0.1593224620182064,-0.1266223488445739,1.69871663790158,1.1287171695246512,-1.430978465678583,-1.426735218509001,0.4803738317757009,513,0.9846389384005225,0.3379091869060158,3.562682215185433,2.309946409243313,-2.193527374572598,-2.013276743932957,0.5321637426900585,484,2.2125934529057827,1.486570893191752,5.1843114232566965,3.312455443527851,-2.43916058399453,-2.1794221996958907,0.6363636363636364,377,3.123603582077611,2.2087244616234347,6.953068956504769,5.068914454949303,-2.7117617152496227,-2.524686959177447,0.7480106100795756,0.625,4.397058823529412,3.2665289256198347,5.9204244031830235,WAIT_CONFIRM,WAIT_CONFIRM,False
"Do not chase, wait mini-pullback",Defensive / wait for confirmation,459,0.07848837209302326,459,455,0.04433634160549143,-0.1297241200380439,1.4804061364306558,1.0796448271222836,-1.361050511027161,-1.1293380595169489,0.4461538461538462,438,0.3901599379133599,0.2586652871184647,2.7031897482528846,1.910709292571533,-2.192339100853299,-1.8622848200312905,0.5593607305936074,416,0.6901014987113139,0.7297802072792958,3.499493151017883,2.563029118987825,-2.6317004947836318,-2.3202341137123828,0.5817307692307693,269,1.7247342190702306,1.5252820727120753,5.2966169185247995,4.346431435445064,-3.2249912329481085,-2.762589928057546,0.6319702602230484,0.5502958579881657,4.707070707070707,3.0697115384615383,5.672862453531598,WAIT_CONFIRM,WAIT_CONFIRM,False
Watch / trail / smaller size,Defensive / wait for confirmation,366,0.06258549931600547,366,361,-0.2360480054642137,-0.470202296336808,1.4647873846114814,1.0827574949670904,-1.645029666379714,-1.3355269524823354,0.4099722991689751,341,-0.5529082198730638,-0.6680488366735626,2.321615285756578,1.6666666666666607,-2.97018848280419,-2.5948660714285587,0.41935483870967744,322,-0.5388310090357661,-0.49681313608080924,2.7897791249212776,1.9917561118686256,-3.3641053288057274,-2.9279850529798317,0.4192546583850932,217,0.15540210514836075,0.3720508166969116,4.088423823286865,3.364120542034632,-4.120687425918596,-3.414820473643998,0.5161290322580645,0.35802469135802467,5.166666666666667,2.8198757763975157,5.940092165898617,WAIT_CONFIRM,WAIT_CONFIRM,False
"Good chart, R/R failed",Defensive / wait for confirmation,346,0.059165526675786596,346,312,-0.09990539657336879,-0.2190721649484417,1.2176154635188534,0.9801793479324972,-1.5065154195724506,-1.1083380940268284,0.42628205128205127,280,0.4343512435690863,-0.13565443193835344,3.015412517943922,1.5880667963129147,-2.42118035095892,-2.239484340137188,0.4607142857142857,260,0.48563546579377564,0.0747668034277282,4.050764100273848,2.5018356765478593,-2.996573647844166,-2.654867256637161,0.5230769230769231,162,2.4545812228246233,2.307884577998731,6.007052703581055,5.412054120541199,-3.6173118104470645,-3.023884816791628,0.7037037037037037,0.4939759036144578,4.733333333333333,2.9615384615384617,6.58641975308642,WAIT_CONFIRM,WAIT_CONFIRM,False
No clear trade,No qualified setup,233,0.03984268125854993,233,187,0.10678090579657312,0.2108116247553138,1.6503423604440262,1.1618664671778631,-1.2167803140830205,-0.8316430020283927,0.5668449197860963,156,1.132747017998857,0.12724983211422894,3.6294769774773137,2.239291758885553,-1.9619833112246938,-1.4977829471983006,0.5384615384615384,137,1.3432453290849522,0.9256677633413312,4.274115052796205,2.8014616321558883,-2.3195561313250455,-2.0502690552414604,0.635036496350365,80,2.0774985467389073,0.285632676378178,6.239456614759142,4.065037914902748,-2.8258903968569724,-2.0502690552414604,0.55,0.47368421052631576,3.2580645161290325,3.0948905109489053,5.975,NO_TRADE,NO_TRADE,False
"Improving, not ready","Setup candidate, wait for trigger",203,0.034712722298221615,203,124,0.9051573459990917,0.7859642032946645,1.9369132832542053,1.6960691589032018,-0.8007217959876379,-0.8295547561647021,0.7338709677419355,43,1.861030288517517,1.077009714205257,3.479392691669357,2.354857819905209,-1.7492175150667229,-1.969659897235132,0.6744186046511628,41,0.13283142229512532,0.1932367149758418,3.9854736633898145,3.0247578040904166,-2.1212454776525735,-2.347068819031428,0.5609756097560976,0,,,,,,,,,,3.097560975609756,,WAIT_CONFIRM,WAIT_CONFIRM,False
No clear trade,"Setup candidate, wait for trigger",194,0.03317373461012312,194,132,0.6648574764228635,0.6002304458766816,1.961572670326183,1.8375324876743648,-0.7386102353940401,-0.480065556824677,0.7196969696969697,58,0.3789940739121419,0.21612859032628104,2.758957147350997,2.2338078215372925,-1.7834723813222308,-1.4604138551506884,0.5172413793103449,47,1.119016973491488,0.7491146826477779,3.6926652400194686,3.0255081162188,-2.194307116627671,-1.6419159171721431,0.5531914893617021,0,,,,,,,,,,3.0638297872340425,,NO_TRADE,WAIT_CONFIRM,True
No clear trade,Avoid,167,0.028556771545827635,167,145,0.23414914348035556,0.0579206487112626,1.5657427883728303,1.1344669740386282,-0.954990404341635,-0.9727626459143934,0.503448275862069,130,1.05001223784833,0.6151475643001003,3.1103553862532958,2.4080560420315367,-1.7357891365297997,-1.4231836593416924,0.6076923076923076,123,1.327315796637081,0.8701472556894352,3.982260317134771,3.076923076923088,-2.3774315489551223,-2.1106977450459308,0.6910569105691057,90,2.559146214883507,2.2528797071569295,5.480795008652327,4.53579021970234,-2.71883246851864,-2.4883875248838727,0.8,0.631578947368421,4.931034482758621,3.186991869918699,5.933333333333334,NO_TRADE,AVOID,True
"Good chart, RS failed",Defensive / wait for confirmation,126,0.021545827633378933,126,104,0.22575291296772754,0.077586749152303,1.592448665540894,1.257943198028788,-1.1413940368675062,-1.2338620749380027,0.5096153846153846,86,0.6026780557968807,-0.0907794060433064,2.6020607937177886,1.6847544611016674,-1.7551995863131482,-1.857907780297302,0.4883720930232558,75,1.7003668654328299,1.0840633015535062,4.09367442709403,2.6595043501186355,-1.9277536786088585,-2.06119847003825,0.72,49,3.2616087762358146,3.67619018563996,6.688311533764453,6.406504065040641,-1.7928033068797438,-1.806893598801118,0.8367346938775511,0.9333333333333333,4.464285714285714,3.1333333333333333,6.551020408163265,WAIT_CONFIRM,WAIT_CONFIRM,False
Avoid,Avoid,120,0.02051983584131327,120,110,0.412528121317183,0.22965817855108425,2.11118412165658,1.5199350310528437,-1.0965914515139108,-0.8752975727993995,0.5818181818181818,101,1.2584584235240341,1.0452961672473782,3.7783021944154616,2.7994273898520827,-2.0392874536970753,-1.5323731075422289,0.5742574257425742,92,2.012055704586421,1.996513413181067,4.7949395403806845,4.441124304750044,-2.3239049443415793,-1.8072136466174893,0.5978260869565217,75,2.8545110263836615,2.300347222222232,6.493753734506137,5.409604519773992,-2.6215468923187175,-1.8072136466174893,0.6666666666666666,0.5384615384615384,3.727272727272727,2.9565217391304346,5.546666666666667,AVOID,AVOID,False
Watch / trail / smaller size,"Setup candidate, wait for trigger",116,0.019835841313269494,116,60,0.42314730908198045,0.49184823328202176,1.5836355398566093,1.408183167436694,-1.1190770107238317,-0.9903189552766534,0.55,31,1.0121934991155892,0.9317451037708312,2.3499085955644596,1.9084191540117643,-2.0700080777751824,-1.757708917342227,0.6129032258064516,29,0.1244073473270819,0.131305394463288,3.1027656991385184,2.8186356818232783,-2.432730352922999,-2.160013824088469,0.5517241379310345,0,,,,,,,,,,2.896551724137931,,WAIT_CONFIRM,WAIT_CONFIRM,False
"Overheated, avoid chasing",Defensive / wait for confirmation,103,0.017612859097127224,103,100,-0.24572131356346147,-0.4321150230545634,1.631190450661081,1.4236281217698377,-2.0530801715087446,-1.9454679439940947,0.46,96,0.8791565085714925,0.5879758929884016,3.585655142888633,2.3574062053971723,-2.9103255062837445,-2.675906787315563,0.6145833333333334,90,1.248289299294943,0.41015669422536094,4.639101748853973,3.036853639912873,-3.212401535680898,-2.88284302882843,0.5444444444444444,77,1.0459666337258031,-0.5297375391283388,6.146331400801049,4.40718343412132,-4.509149003413144,-4.593379045933787,0.42857142857142855,0.3508771929824561,4.357142857142857,2.933333333333333,5.51948051948052,AVOID,WAIT_CONFIRM,True
"Do not chase, wait mini-pullback","Setup candidate, wait for trigger",102,0.01744186046511628,102,69,0.42261553953544995,0.5253661642963259,1.680155808394396,1.5837104072398134,-0.8410975374549536,-0.7899785577248686,0.7101449275362319,32,1.5394256370653445,1.6267022201823524,3.08621593925416,2.5947857919187856,-1.839481755968117,-1.5951533433633591,0.71875,31,-0.17883705494893792,0.0065019505851804,3.4234670401142973,3.4559004176562214,-2.402043244966852,-2.2407987925229245,0.5161290322580645,0,,,,,,,,,,2.806451612903226,,WAIT_CONFIRM,WAIT_CONFIRM,False
"Good chart, R/R failed","Setup candidate, wait for trigger",93,0.015902872777017785,93,45,0.21547521384090754,0.3915426781519349,1.6204049561987874,1.4665444546287931,-0.7856508962320093,-0.5178365937859697,0.5777777777777777,23,0.9865522202868184,1.3946555945917094,2.9210140808542286,2.8770706190061057,-1.5308420233073203,-1.3210249880630245,0.6521739130434783,21,0.8909540396158396,1.9216437772809456,3.6513907662291802,3.7896000342950265,-1.9264199439457457,-1.3210249880630245,0.6190476190476191,0,,,,,,,,,,3.142857142857143,,WAIT_CONFIRM,WAIT_CONFIRM,False
"Momentum, R/R failed",Defensive / wait for confirmation,57,0.009746922024623803,57,55,0.3425114495541522,0.1671442215854801,1.4709644333987857,1.0887177009011095,-1.0857489896880381,-0.9074152842761918,0.6,52,0.42847935456432185,0.6656110262386106,2.837635266182988,2.5274970622262027,-2.311049266428827,-1.6783155822014506,0.5192307692307693,41,0.5515706009177813,0.8187807842384709,4.328329579150149,3.1865601637340424,-3.019653229877536,-1.6631510627940993,0.5121951219512195,28,3.335763406812183,3.141078484323012,6.365546195297638,5.8036385505938926,-2.8588197377827353,-2.0771302991634766,0.7857142857142857,0.5625,2.6363636363636362,2.4390243902439024,6.607142857142857,WAIT_CONFIRM,WAIT_CONFIRM,False
"Overheated, avoid chasing","Setup candidate, wait for trigger",47,0.008036935704514364,47,28,0.588396097756245,0.4781063004211772,1.801186400099004,1.6183767875083244,-1.0277896579103432,-0.9861202063492114,0.6428571428571429,12,1.6047233278391675,0.6149704007958223,4.991867793660072,2.7321588777424415,-3.076622341271175,-1.9034666167866088,0.5833333333333334,12,-1.0088012379536344,-1.4889895912481466,5.330686806335443,3.015934761627892,-3.600314467602702,-2.74621798077726,0.3333333333333333,0,,,,,,,,,,2.3333333333333335,,AVOID,WAIT_CONFIRM,True
"Do not chase, wait mini-pullback",Avoid,46,0.00786593707250342,46,46,-0.9196611875095286,-0.9166531469299077,1.0983578898651116,1.0468646579757657,-1.454184916387722,-1.1850395108862932,0.17391304347826086,43,-1.689011839940232,-1.9457547169811185,1.6198269884204857,1.2554718963403877,-3.214713150897419,-2.603198214949798,0.20930232558139536,37,-1.0023682119396005,-0.3187759005419233,1.8635964738547794,1.2554718963403877,-3.9323082152381117,-3.1043140835425698,0.43243243243243246,27,-0.8868266940346237,-0.5370201096892235,2.5644693276824664,1.895991332611047,-5.39124955439919,-3.64386792452831,0.48148148148148145,0.25,7.0,1.9189189189189189,5.555555555555555,WAIT_CONFIRM,AVOID,True
"Improving, not ready",Avoid,45,0.007694938440492476,45,43,0.4466492328900494,0.3249046475490846,1.6965876104646958,0.9263071222725516,-0.7948895264909411,-0.6921881621698156,0.6046511627906976,41,0.19252346265064962,-0.0510099979595946,3.2453538987533266,1.7375335499364208,-1.8332701587698779,-1.4390045983229682,0.4878048780487805,37,0.8259281632822766,0.6314580941446657,4.043343412624763,2.623120787973044,-1.9861671144982322,-1.7375071797817276,0.7027027027027027,28,1.4725495689558692,1.1953546952748084,5.3193765193434235,3.1391519143680435,-2.3815675980520488,-2.4083447176838693,0.8214285714285714,0.7272727272727273,2.5,2.4054054054054053,5.392857142857143,WAIT_CONFIRM,AVOID,True
"Do not chase, wait mini-pullback","Entry candidate, confirm R/R",44,0.007523939808481532,44,35,0.634868510673399,0.5072327634792373,1.859711273844533,1.513181227095406,-0.7373713122315517,-0.6088650754992653,0.7142857142857143,10,-0.4263489314566482,-0.25538427552599385,2.8270221685797847,2.128900138804335,-2.4319891992083766,-2.598135439010252,0.5,10,-0.2766314159512727,-0.690580587166445,3.133177714598021,2.360184358162687,-2.8541168776514425,-3.174758095181695,0.3,0,,,,,,,,,,2.6,,WAIT_CONFIRM,ENTRY,True
Watch / trail / smaller size,Avoid,33,0.005642954856361149,33,19,-0.22343740824021188,0.0433804191632969,1.2664709327565897,1.3136079581685944,-1.479781076838445,-0.8006405124099225,0.5263157894736842,16,-0.5268312472913075,0.1721349955662088,2.062537518899071,1.575745224089664,-2.467324102832601,-1.8267223382045887,0.6875,16,0.28010368055212537,1.1629001757885171,2.3445639278535713,2.146180838047429,-2.556475754484253,-1.8267223382045887,0.6875,16,0.08286521550548007,-0.5839822024471641,3.0131446785919103,3.5939700589431967,-3.2310822882277903,-2.5175360285677906,0.4375,0.5714285714285714,6.0,3.0,4.4375,WAIT_CONFIRM,AVOID,True
Watch / trail / smaller size,"Entry candidate, confirm R/R",32,0.005471956224350205,32,16,-0.092899191492956,-0.5013626089036383,1.3345467558566626,0.9109252405973045,-2.1932658611873546,-1.4075449678561058,0.4375,6,0.3371435888251819,0.33469290855516753,1.9171245629466036,1.3981182930798308,-3.4236931986029435,-3.7063139504243505,0.8333333333333334,6,0.9729631075085233,0.7258011031861855,3.557230272538632,3.2051434658101785,-3.74701578725857,-4.220881279022704,0.5,0,,,,,,,,,,4.166666666666667,,WAIT_CONFIRM,ENTRY,True
"Good chart, R/R failed",Avoid,28,0.0047879616963064295,28,27,-0.08124753584624464,-0.5007882778447548,1.2852681076703945,0.9695147241808312,-1.4882966122215402,-1.346124090979417,0.3333333333333333,27,0.7644309369675573,0.4536290322580738,2.3995324145116794,1.351281654546388,-1.8836497725111885,-2.281368821292773,0.5185185185185185,24,2.143230231649073,1.5750585680152418,4.038667765679169,2.419354838709676,-1.909501984202253,-2.447032267993643,0.6666666666666666,22,1.4841005500919573,0.9807546451346738,4.6654085230804565,3.4085879802418506,-2.4429961885262346,-2.6965725806451624,0.5909090909090909,1.0,3.0,3.3333333333333335,4.954545454545454,WAIT_CONFIRM,AVOID,True
"Buyable, R/R ok",Defensive / wait for confirmation,24,0.004103967168262654,24,24,-0.7906841620123681,-0.8624299818604853,0.7271728257277488,0.8946540724992569,-1.3718934667050648,-1.0340578128392341,0.4166666666666667,24,-0.25004092760806124,0.04438869263811426,1.608045226204326,1.549729624901286,-2.059425296110584,-1.2609049283426097,0.5,23,-0.16229852616841162,-0.6326201978375856,2.161359264606149,2.151554557276269,-2.531992803213163,-2.322969618158177,0.34782608695652173,5,2.4068371502475694,5.0920485703094265,5.232036721991036,6.311901964075872,-2.1255130030019154,-1.079961949527175,0.6,0.6,4.75,2.739130434782609,5.6,ENTRY,WAIT_CONFIRM,True
"Good chart, Sector RS failed",Defensive / wait for confirmation,19,0.0032489740082079343,19,15,-0.4115617487752784,-0.5556790397866163,0.9203602612682753,0.7869699698523913,-1.4908706517077077,-1.72663560549704,0.4666666666666667,13,-0.6992495671312864,-2.10649502633119,1.4154763456272201,1.229395873301753,-2.3800526061186775,-2.3859065057566964,0.46153846153846156,13,-0.746714747199063,-0.3884033846580648,1.734528995941731,1.229395873301753,-3.6031045220950992,-3.27677004095962,0.3076923076923077,7,1.0024347338597266,-0.8300379781527756,4.704068212492252,2.427469558748685,-4.52033862968714,-5.738119312436818,0.42857142857142855,0.6666666666666666,6.0,3.076923076923077,6.714285714285714,WAIT_CONFIRM,WAIT_CONFIRM,False
"Good chart, RS failed","Setup candidate, wait for trigger",17,0.0029069767441860465,17,12,0.4738603431862138,0.33217100015142664,1.2441618252920617,0.9803936164182514,-0.8750173497200912,-0.7033723428312932,0.6666666666666666,5,0.9074293439172919,1.417819009277088,2.320580915673678,2.380535620514612,-1.1611713308734228,-0.8930469912821648,0.6,4,1.3615714584878646,1.3348889703202804,3.0479421590601072,3.0669948261216495,-0.9549531598343958,-0.6040589411163144,1.0,0,,,,,,,,,,3.75,,WAIT_CONFIRM,WAIT_CONFIRM,False
"Overheated, avoid chasing","Entry candidate, confirm R/R",15,0.0025649794801641587,15,9,0.04546309299578017,0.0,1.5271084005373334,1.0011177528308268,-0.8067842527065173,-0.4922067268252617,0.4444444444444444,2,2.8178042407487447,2.8178042407487447,4.983755236585408,4.983755236585408,-3.5647939835761475,-3.5647939835761475,1.0,2,-1.4218470493044644,-1.4218470493044644,4.983755236585408,4.983755236585408,-3.5647939835761475,-3.5647939835761475,0.0,0,,,,,,,,,,2.0,,AVOID,ENTRY,True
"Momentum, R/R failed","Setup candidate, wait for trigger",15,0.0025649794801641587,15,9,0.35962590289147933,0.4403467730837995,1.0848633996765968,1.2745974955277184,-0.8687571768351506,-0.3853034264483246,0.7777777777777778,4,2.2549080897419915,2.199374688856648,3.125579619429791,2.8670154962789685,-0.9237146160906595,-0.8127634450677379,1.0,4,2.710257543811795,2.765426590424225,3.9831146540413975,3.9340408727647436,-0.9237146160906595,-0.8127634450677379,1.0,0,,,,,,,,,,4.5,,WAIT_CONFIRM,WAIT_CONFIRM,False
"Buyable, R/R ok","Setup candidate, wait for trigger",11,0.001880984952120383,11,9,0.7038200447604479,0.8074730842305256,2.3070234533014093,2.155255544840884,-0.5834144487615691,-0.4263280579070216,0.6666666666666666,5,0.5738055390459265,-0.1097092704333557,2.8746304246147814,2.843124921373774,-1.086160571705621,-1.4490161001788793,0.4,5,1.8246050207769884,1.8902802623733008,3.3462942205679225,3.283431878223686,-1.08854578339316,-1.4609421586165738,0.8,0,,,,,,,,,,3.4,,ENTRY,WAIT_CONFIRM,True
"Momentum, R/R failed",Avoid,9,0.0015389876880984952,9,8,1.3398827559122444,1.2739513205592967,2.1745078033030074,1.3464526152252798,-1.2753323035107191,-1.2025554302893648,0.75,8,1.2120708084945364,1.387881926462975,2.41106658675509,1.6157431382703311,-1.9685181665561753,-2.1420518602029315,0.75,8,4.216940769241561,4.246504401864337,5.019221746715153,4.774728120145011,-1.9685181665561753,-2.1420518602029315,1.0,8,4.008208465934901,4.58829621957535,5.523234651041631,5.592957017089595,-2.1846023454362973,-2.351113412739514,0.75,0.75,6.5,4.0,7.5,WAIT_CONFIRM,AVOID,True
"Improving, not ready","Entry candidate, confirm R/R",5,0.0008549931600547196,5,5,1.0638876408314557,1.4611338398597296,2.171826896081517,2.4683032101429747,-1.0061776279313548,-0.6195207481005327,0.8,5,0.6389875561570714,-0.4909409701928768,2.745227423900103,2.967359050445117,-1.9057274834187865,-1.537631507957915,0.4,5,-1.0475142416796013,-1.5985324947589086,2.986022280708986,2.967359050445117,-2.5921027102556615,-2.845967089290536,0.2,0,,,,,,,,,,3.0,,WAIT_CONFIRM,ENTRY,True
"Momentum, HTF failed",Defensive / wait for confirmation,4,0.0006839945280437756,4,4,0.8948197564013882,0.8948197564013882,4.9867726722689465,4.9867726722689465,-0.3271158034998056,-0.3271158034998056,1.0,4,1.8412682538106684,1.8412682538106684,5.677865256735815,5.6778652567358145,-0.3271158034998056,-0.3271158034998056,1.0,4,3.223029026374447,3.2230290263744465,5.677865256735815,5.6778652567358145,-0.3271158034998056,-0.3271158034998056,1.0,4,0.7192765013698144,0.7192765013698144,6.237321158447095,6.237321158447095,-0.4147244382068426,-0.4147244382068426,0.5,,,1.5,4.0,WAIT_CONFIRM,WAIT_CONFIRM,False
No clear trade,Wait for trend repair,3,0.0005129958960328317,3,2,1.228836040638126,1.228836040638126,2.110779473526858,2.110779473526858,0.18042703072287958,0.18042703072287958,1.0,2,-3.173015470211304,-3.173015470211304,2.110779473526858,2.110779473526858,-5.484718154368645,-5.484718154368645,0.0,2,-0.5844527119719445,-0.5844527119719445,2.137520273103244,2.137520273103244,-5.484718154368645,-5.484718154368645,0.5,1,-5.79083929044214,-5.79083929044214,3.0447445062218748,3.0447445062218748,-6.84617421233783,-6.84617421233783,0.0,,,3.0,5.0,NO_TRADE,WAIT_CONFIRM,True
"Good chart, Sector RS failed","Setup candidate, wait for trigger",3,0.0005129958960328317,3,1,-1.843097812421424,-1.843097812421424,1.4156399295951694,1.4156399295951694,-2.3987930600955387,-2.3987930600955387,0.0,1,0.1307518229821669,0.1307518229821669,1.765149610258998,1.765149610258998,-2.9821473472466664,-2.9821473472466664,1.0,1,-1.87578576816696,-1.87578576816696,1.765149610258998,1.765149610258998,-2.9821473472466664,-2.9821473472466664,0.0,0,,,,,,,,,,3.0,,WAIT_CONFIRM,WAIT_CONFIRM,False
"Good chart, RS failed",Avoid,2,0.0003419972640218878,2,2,1.091165082717338,1.091165082717338,1.2178810278071106,1.2178810278071106,-0.0422386483632575,-0.0422386483632575,1.0,2,0.8658922914466682,0.8658922914466682,2.1048926434353854,2.1048926434353854,-0.0422386483632575,-0.0422386483632575,1.0,0,,,,,,,,0,,,,,,,,,,,,WAIT_CONFIRM,AVOID,True
"Momentum, R/R failed",No qualified setup,2,0.0003419972640218878,2,2,14.103092783505168,14.103092783505168,14.666666666666671,14.666666666666671,-2.9140893470790408,-2.9140893470790408,1.0,2,13.745704467353947,13.745704467353947,19.36769759450172,19.36769759450172,-2.9140893470790408,-2.9140893470790408,1.0,2,17.168384879725075,17.168384879725075,19.36769759450172,19.36769759450172,-2.9140893470790408,-2.9140893470790408,1.0,2,4.59106529209623,4.59106529209623,19.36769759450172,19.36769759450172,-2.9140893470790408,-2.9140893470790408,1.0,1.0,1.0,2.0,2.0,WAIT_CONFIRM,NO_TRADE,True
"Buyable, R/R ok",Avoid,2,0.0003419972640218878,2,2,0.1430184161916648,0.1430184161916648,0.7699759788804439,0.7699759788804439,-0.5858077200548595,-0.5858077200548595,0.5,2,0.88827246133234,0.88827246133234,1.3042532444366817,1.3042532444366817,-0.7659407479050862,-0.7659407479050862,1.0,2,0.09656648617794586,0.09656648617794586,2.121798967805355,2.121798967805355,-0.7659407479050862,-0.7659407479050862,0.5,0,,,,,,,,,,4.5,,ENTRY,AVOID,True
"Momentum, HTF failed","Setup candidate, wait for trigger",2,0.0003419972640218878,2,2,-0.24659419217487044,-0.24659419217487044,0.28573220326545967,0.28573220326545967,-0.9463660224412473,-0.9463660224412473,0.5,1,-2.6173759373358307,-2.6173759373358307,-0.4441897119931259,-0.4441897119931259,-3.520084061708939,-3.520084061708939,0.0,1,-3.219181353584566,-3.219181353584566,-0.4441897119931259,-0.4441897119931259,-4.480106987629551,-4.480106987629551,0.0,0,,,,,,,,,,1.0,,WAIT_CONFIRM,WAIT_CONFIRM,False
"Best buyable, R/R ok","Setup candidate, wait for trigger",1,0.0001709986320109439,1,1,1.1843663639952595,1.1843663639952595,1.5791551519936942,1.5791551519936942,-0.0789577575996847,-0.0789577575996847,1.0,0,,,,,,,,0,,,,,,,,0,,,,,,,,,,,,ENTRY,WAIT_CONFIRM,True
Avoid chasing,Avoid,1,0.0001709986320109439,1,1,-3.8167482976944167,-3.8167482976944167,-1.2543304264723387,-1.2543304264723387,-5.083024728228402,-5.083024728228402,0.0,1,-6.220881615099749,-6.220881615099749,-1.2543304264723387,-1.2543304264723387,-7.421455023294698,-7.421455023294698,0.0,1,-3.86154581292556,-3.86154581292556,-1.2543304264723387,-1.2543304264723387,-7.478198542587499,-7.478198542587499,0.0,1,-6.226854617130561,-6.226854617130561,-1.2543304264723387,-1.2543304264723387,-7.478198542587499,-7.478198542587499,0.0,,,1.0,1.0,AVOID,AVOID,False
"Momentum, HTF failed",No qualified setup,1,0.0001709986320109439,1,1,3.430944055944063,3.430944055944063,4.425262237762229,4.425262237762229,0.5791083916083961,0.5791083916083961,1.0,1,2.8955419580419584,2.8955419580419584,4.425262237762229,4.425262237762229,0.2950174825175011,0.2950174825175011,1.0,1,5.233828671328689,5.233828671328689,5.277534965034958,5.277534965034958,0.2950174825175011,0.2950174825175011,1.0,1,-1.7154720279720204,-1.7154720279720204,5.539772727272729,5.539772727272729,-2.414772727272718,-2.414772727272718,0.0,0.0,,5.0,6.0,WAIT_CONFIRM,NO_TRADE,True
"Good chart, Sector RS failed",Avoid,1,0.0001709986320109439,1,1,1.504284354173269,1.504284354173269,1.872421453506812,1.872421453506812,0.1777213582989434,0.1777213582989434,1.0,1,2.4182799111393205,2.4182799111393205,3.1418597270707727,3.1418597270707727,0.1777213582989434,0.1777213582989434,1.0,1,-1.1488416375753707,-1.1488416375753707,3.1418597270707727,3.1418597270707727,-1.307521421770863,-1.307521421770863,0.0,0,,,,,,,,,,3.0,,WAIT_CONFIRM,AVOID,True
