component,component_column,analysis_kind,slice_value,N,N_1d,mean_return_1d,median_return_1d,mean_MFE_1d,median_MFE_1d,mean_MAE_1d,median_MAE_1d,hit_rate_1d,N_3d,mean_return_3d,median_return_3d,mean_MFE_3d,median_MFE_3d,mean_MAE_3d,median_MAE_3d,hit_rate_3d,N_5d,mean_return_5d,median_return_5d,mean_MFE_5d,median_MFE_5d,mean_MAE_5d,median_MAE_5d,hit_rate_5d,N_10d,mean_return_10d,median_return_10d,mean_MFE_10d,median_MFE_10d,mean_MAE_10d,median_MAE_10d,hit_rate_10d,target_before_stop_rate_10d,mean_time_to_target,mean_time_to_MFE_5d,mean_time_to_MFE_10d,spearman_5d,spearman_10d,decile_monotonicity_5d,decile_monotonicity_10d,bootstrap_clusters,bootstrap_mean_ci_low,bootstrap_mean_ci_high
Entry Quality,v5_EQ,OVERALL,ALL,5848,4984,0.22385097493081108,0.09651385752231785,1.7194404187923427,1.332458114528634,-1.241134852491841,-1.0497424433345115,0.5244783306581059,4268,0.7302323370630908,0.3047972435727519,3.2357115630158693,2.205151249349735,-2.2176758271205066,-1.8782249742002155,0.5433458294283037,3954,1.2027377907430892,0.7280657510193134,4.245471456266126,3.025153363116506,-2.632854894366562,-2.2514816398851223,0.5872534142640364,2587,2.665580682798213,1.9768983147131047,6.336219745957669,4.881706097967342,-3.0906655721678598,-2.625,0.6872825666795516,0.6161825726141079,4.270428015564202,3.0758725341426403,6.073830691921144,-0.046081814261790664,0.02073150314221625,-0.49090909090909085,0.2606060606060606,7.0,0.907255528739612,1.5285947465902214
Entry Quality,v5_EQ,TOP_10_PCT,TOP_10_PCT,592,491,0.1171026021464885,-0.2561421850496681,1.5553058811458358,1.1304347826087024,-1.3065268191728217,-1.1333333333333306,0.45010183299389,407,0.4196124643168437,-0.1298800519520138,2.9543819768641266,1.695073318471274,-2.291982157280611,-2.200392927308448,0.48402948402948404,356,1.2701479452817714,0.7905129727232119,4.027083876703478,2.594054523217748,-2.5677048157479803,-2.4984227129337566,0.5758426966292135,215,3.7507281848116616,2.353300733496333,6.703481488455259,4.670505438259753,-2.8914894263052173,-2.754742159946621,0.7906976744186046,0.6239316239316239,4.089887640449438,2.904494382022472,6.6465116279069765,,,,,7.0,0.4054648030497053,2.4633516421147137
Entry Quality,v5_EQ,TOP_20_PCT,TOP_20_PCT,1178,990,0.07029204385956554,-0.11095888337449561,1.5269660452994964,1.1760565445640303,-1.2767013380603576,-1.0834193253372093,0.4777777777777778,822,0.41489539698748246,-0.087329723010332,2.835257676186381,1.891065564488725,-2.2714651194026683,-2.1178513071895444,0.49148418491484186,727,1.2246606177829933,0.6640248953365901,4.002322374463648,2.594771241830074,-2.595346624379943,-2.406093127921072,0.5653370013755158,429,3.193207342469264,2.184354986276293,6.368977704403623,4.673867885334437,-2.9864301327229517,-2.836590662323568,0.717948717948718,0.6284584980237155,4.426229508196721,3.0178817056396148,6.4475524475524475,,,,,7.0,0.40540107353540156,2.3122930203332612
Entry Quality,v5_EQ,DECILE,1,525,475,0.1416672490914437,0.0241080038573038,1.5952050816465053,1.2289871450769765,-1.1021365321600833,-0.9882052916799556,0.5031578947368421,433,0.5716702133239656,0.2342704149933094,2.9405172119805214,2.027551416375628,-2.052633842731802,-1.659954473822456,0.535796766743649,393,1.3285162059652065,0.8701472556894352,3.8734455170547615,2.9127829560585905,-2.4862983271746697,-2.055682017159865,0.6335877862595419,314,1.8338601828881376,1.500717734568724,4.984305711179492,3.7991251103286827,-2.9607594492118503,-2.623550945698594,0.6624203821656051,0.5947712418300654,4.339805825242719,2.9796437659033077,5.808917197452229,,,,,7.0,0.8350558364382462,1.737865560991741
Entry Quality,v5_EQ,DECILE,2,591,420,0.6549883304705689,0.4069552349241556,1.9273351107491608,1.4322344322344471,-0.9526467092378317,-0.7781344227215214,0.5833333333333334,308,0.8651048422246738,0.6266873857570521,2.9882114463527425,2.470814006315347,-1.953591649900193,-1.489868891537549,0.5974025974025974,284,1.6911551410268648,1.212311606383143,3.961014161829907,3.621485894205801,-2.097572677409881,-1.7192679211474937,0.6690140845070423,123,3.9358987479882743,2.680856796443476,7.2352861646635676,5.685510071474975,-2.592985815879607,-2.2105068442471287,0.7154471544715447,0.7777777777777778,4.173913043478261,3.5035211267605635,6.926829268292683,,,,,7.0,-0.19624828652986756,1.8843562273176964
Entry Quality,v5_EQ,DECILE,3,878,764,0.38227191688313406,0.19806861733862036,2.1268711153510043,1.5547139724935155,-1.1764328047513426,-1.0601808543810431,0.5536649214659686,683,1.309420088161833,0.6102877070618851,4.163324283691338,2.547770700636942,-2.204163491822117,-2.012123253072906,0.5519765739385066,636,1.721519592779391,0.7491541807636448,5.337055333708367,3.6102069078539967,-2.7580990477795218,-2.374513244434157,0.5801886792452831,487,3.5394631652083333,2.5574632514042017,7.524323349377148,5.600517966979601,-2.956412159459884,-2.548543689320404,0.7371663244353183,0.6942446043165468,4.090909090909091,3.0125786163522013,6.08829568788501,,,,,6.0,1.3824787022534462,2.279742551020188
Entry Quality,v5_EQ,DECILE,4,353,318,0.050301743592750435,0.20859781462161386,1.4646307652455985,1.2000729048155079,-1.5898502410094235,-1.2799976632075771,0.5408805031446541,266,0.6691770564235644,0.5819375281523542,3.1324325135431814,2.3696438800173247,-2.6822140582062146,-2.1137782941260843,0.5789473684210527,255,0.9542251537309847,0.5150846210448812,4.18360698709526,3.1162722328384573,-2.9995282919142827,-2.547890028570088,0.5490196078431373,154,1.3490870281730127,0.6540092032319977,5.865368701127656,4.650637769499944,-3.8039103083640353,-3.415168231776644,0.5844155844155844,0.6923076923076923,4.766666666666667,3.1019607843137256,5.253246753246753,,,,,6.0,-0.02894228776551638,1.8571917034852443
Entry Quality,v5_EQ,DECILE,5,574,497,0.24052892911932225,0.1207729468599039,1.7488623282104012,1.3960855907858338,-1.4699332731899404,-1.2483281319661257,0.5271629778672032,439,0.7679486525805784,0.497017892644136,3.406478244008628,2.38883934259142,-2.419186240620433,-1.9207592648388008,0.592255125284738,416,1.0205673201878898,0.8278411347290238,4.249530160385045,3.1189083820662766,-2.829534982585043,-2.119588448359572,0.6081730769230769,299,1.9920968560571155,1.4830751577739498,5.99724622067852,4.810267857142869,-3.472570528915808,-2.613023641642476,0.6488294314381271,0.46511627906976744,4.294117647058823,3.0576923076923075,5.8561872909699,,,,,7.0,0.5165375488310021,1.469788354979625
Entry Quality,v5_EQ,DECILE,6,581,509,0.20331584515712117,0.084039045833606,1.7387921968009024,1.2667660208643738,-1.277955726432803,-1.1811023622047112,0.5127701375245579,437,0.4864536490187335,-0.0217592340749694,3.0518633147561793,2.062081025939944,-2.2897262204347038,-2.0884520884520974,0.4874141876430206,413,0.8937613548338522,0.3667647724699963,4.014222040124691,2.69245354569585,-2.6987881791657573,-2.3859065057566964,0.5423728813559322,246,2.127805835751956,1.4510341916420533,6.264861640618758,4.376807434783192,-3.0236729852103577,-2.4749249128291573,0.6585365853658537,0.5826771653543307,3.6219512195121952,3.1065375302663436,5.8861788617886175,,,,,7.0,0.290999587179791,1.4241453290358521
Entry Quality,v5_EQ,DECILE,7,583,508,0.19324771038289323,0.04455577412737495,1.6391574720508924,1.2854407290926684,-1.2029840115763715,-0.9976525821596248,0.5177165354330708,443,0.4564483579998948,0.2251434381581818,2.9742523099233016,2.1469492185327343,-2.155786287546805,-1.7795856107792107,0.5507900677200903,428,0.9499220664898744,0.7583446356493551,3.976703618617781,3.087703087703076,-2.6231057648978995,-2.1682127485513347,0.6004672897196262,286,2.222380295017453,2.0495106505469263,5.893268857216651,5.078608758055125,-3.2158342502709067,-2.2353189269581297,0.6643356643356644,0.5679012345679012,4.258928571428571,3.1261682242990654,6.129370629370629,,,,,7.0,0.41140820438477127,1.4121600124731437
Entry Quality,v5_EQ,DECILE,8,587,505,0.1491952711769338,0.1629934093969165,1.6150692278480825,1.3864459389549832,-1.2001164281515722,-0.8957415565345128,0.5485148514851486,438,0.9909391528070097,0.4603692197783227,3.34112371215644,2.3039146769182395,-1.99619843874699,-1.6367665155113786,0.5730593607305936,403,0.7944837224424767,0.4992511233150143,4.0741660994074795,2.996167240607784,-2.5392394106344423,-2.1162734127949334,0.5682382133995038,249,3.1319988326268136,2.674192031176492,6.494285655341257,5.570882852292014,-2.9651885085313885,-2.7104683459438728,0.7188755020080321,0.5985915492957746,4.608247422680412,2.9875930521091814,6.204819277108434,,,,,7.0,0.11221330815572042,1.7532335907093124
Entry Quality,v5_EQ,DECILE,9,584,497,0.022521224442281093,0.0116117045982244,1.5002390798552534,1.222556305667433,-1.2436759574476706,-1.0340073529411795,0.5050301810865191,414,0.4192781545486849,0.008457061278427349,2.7224123112351863,2.0555690032254548,-2.248340691185683,-2.000372946801443,0.5,370,1.1957316825034796,0.5757196495619343,3.9864239398337697,2.7063934431280634,-2.6125943932873534,-2.235123037692027,0.5567567567567567,214,2.633081262545827,2.052814442194961,6.032910818557352,4.913282743832859,-3.081814487301517,-2.9292722455497913,0.6448598130841121,0.6323529411764706,4.74468085106383,3.1297297297297297,6.247663551401869,,,,,7.0,0.16969558572551596,2.261106048898443
Entry Quality,v5_EQ,DECILE,10,592,491,0.1171026021464885,-0.2561421850496681,1.5553058811458358,1.1304347826087024,-1.3065268191728217,-1.1333333333333306,0.45010183299389,407,0.4196124643168437,-0.1298800519520138,2.9543819768641266,1.695073318471274,-2.291982157280611,-2.200392927308448,0.48402948402948404,356,1.2701479452817714,0.7905129727232119,4.027083876703478,2.594054523217748,-2.5677048157479803,-2.4984227129337566,0.5758426966292135,215,3.7507281848116616,2.353300733496333,6.703481488455259,4.670505438259753,-2.8914894263052173,-2.754742159946621,0.7906976744186046,0.6239316239316239,4.089887640449438,2.904494382022472,6.6465116279069765,,,,,7.0,0.4054648030497053,2.4633516421147137
Entry Quality (sector missing fix),v5_EQ_sector_missing_fix,OVERALL,ALL,5848,4984,0.22385097493081108,0.09651385752231785,1.7194404187923427,1.332458114528634,-1.241134852491841,-1.0497424433345115,0.5244783306581059,4268,0.7302323370630908,0.3047972435727519,3.2357115630158693,2.205151249349735,-2.2176758271205066,-1.8782249742002155,0.5433458294283037,3954,1.2027377907430892,0.7280657510193134,4.245471456266126,3.025153363116506,-2.632854894366562,-2.2514816398851223,0.5872534142640364,2587,2.665580682798213,1.9768983147131047,6.336219745957669,4.881706097967342,-3.0906655721678598,-2.625,0.6872825666795516,0.6161825726141079,4.270428015564202,3.0758725341426403,6.073830691921144,-0.04306087747226466,0.037118212878304704,-0.35757575757575755,0.2121212121212121,7.0,0.907255528739612,1.5285947465902214
Entry Quality (sector missing fix),v5_EQ_sector_missing_fix,TOP_10_PCT,TOP_10_PCT,593,492,0.10444473014893046,-0.17209817589472484,1.5914696937058368,1.2150617645136252,-1.331385645825598,-1.1727912431587106,0.46747967479674796,413,0.5724070307880222,0.1419446415897862,3.028255509081398,1.828373148271712,-2.2911986698025335,-2.117647058823535,0.5108958837772397,363,1.542794593492198,0.9398018796037632,4.217433092103381,2.594771241830074,-2.5975987670669913,-2.420688618252897,0.5785123966942148,215,4.071464271533446,2.735678200362224,6.926582525634946,5.172413793103448,-3.045610446113523,-2.559688077575517,0.7906976744186046,0.6083333333333333,4.484210526315789,3.0523415977961434,6.818604651162791,,,,,7.0,0.7026422596868752,2.7238388703783656
Entry Quality (sector missing fix),v5_EQ_sector_missing_fix,TOP_20_PCT,TOP_20_PCT,1178,995,0.11676934816357573,-0.0229832222477632,1.5835479196816407,1.2461576804851715,-1.2584384960091684,-1.0388349514563022,0.49748743718592964,836,0.5720074109596729,0.2271380604384587,2.985951675288233,2.048004973734585,-2.217017576035396,-2.055582479405344,0.5191387559808612,755,1.151723638667537,0.7118055555555447,4.065700536689644,2.8489595214559182,-2.6153980249914577,-2.339472374315588,0.5708609271523178,459,3.5520564018367375,2.5666683344173657,6.574906584689356,5.049479827454961,-3.0260085113965633,-2.848149723521909,0.7538126361655774,0.6313868613138686,4.434146341463415,3.014569536423841,6.509803921568627,,,,,7.0,0.37017644764648217,2.1805259826057886
Entry Quality (sector missing fix),v5_EQ_sector_missing_fix,DECILE,1,524,474,0.15425171715532723,0.0305297525060255,1.5957228394337881,1.2283748053122268,-1.0907116150495006,-0.9882052916799556,0.5042194092827004,432,0.5937045551266368,0.2342704149933094,2.944199455780304,2.027551416375628,-2.0289969138511648,-1.659954473822456,0.5370370370370371,392,1.334955090208172,0.8701472556894352,3.879883419163385,2.9127829560585905,-2.46135575372571,-2.055682017159865,0.6352040816326531,313,1.854751029902191,1.500717734568724,4.990249835393355,3.801020408163258,-2.9310373160810035,-2.623550945698594,0.6645367412140575,0.5947712418300654,4.339805825242719,2.9846938775510203,5.8083067092651754,,,,,7.0,0.8460503346782356,1.7463858432628327
Entry Quality (sector missing fix),v5_EQ_sector_missing_fix,DECILE,2,592,421,0.6396003044761274,0.4069552349241556,1.9259632646202423,1.4285714285714457,-0.965865000290892,-0.7781344227215214,0.5819477434679335,309,0.8333499221999012,0.6249035642647671,2.982909104747958,2.453810623556585,-1.9869579782796976,-1.489868891537549,0.5954692556634305,285,1.681026433804745,1.1570462818512706,3.9518519643865537,3.610046537092804,-2.1332436052756956,-1.7201944153245052,0.6666666666666666,124,3.866214282822961,2.680856796443476,7.202128976498867,5.685510071474975,-2.670976148970635,-2.3192709440259476,0.7096774193548387,0.7777777777777778,4.173913043478261,3.4947368421052634,6.919354838709677,,,,,7.0,-0.2748037338964723,1.874517986081732
Entry Quality (sector missing fix),v5_EQ_sector_missing_fix,DECILE,3,879,765,0.3948767054176222,0.2008300977373256,2.146128492505012,1.5681233933162009,-1.1701034939511603,-1.0521885521885488,0.5555555555555556,683,1.3309679959647913,0.6530459930963683,4.180382523821179,2.567693744164324,-2.188921959242401,-1.9917731110629888,0.5563689604685212,636,1.7635411854066432,0.7641874799922066,5.363177160149463,3.6881285479116843,-2.741731175528034,-2.365602039176179,0.5849056603773585,484,3.5909622330781135,2.5954579485899743,7.5726079295254545,5.600517966979601,-2.9274978932179163,-2.544810629528377,0.7417355371900827,0.7018181818181818,4.090909090909091,3.0267295597484276,6.113636363636363,,,,,6.0,1.4146965510458451,2.407470949267676
Entry Quality (sector missing fix),v5_EQ_sector_missing_fix,DECILE,4,352,315,-0.09197276443540514,0.0813338755591752,1.3676410736627034,1.1316010058675552,-1.6778222786933528,-1.3497606529074837,0.5079365079365079,266,0.47729023054559794,0.42147747162346594,2.886676547137846,2.11014533420687,-2.78881313513754,-2.2611929784558056,0.5714285714285714,253,0.8960916017677814,0.5150846210448812,4.016672375745738,2.941176470588247,-3.042797417321132,-2.733660602560406,0.5454545454545454,163,1.1640945378982488,0.6540092032319977,5.899683580734643,4.540624094290391,-3.927583444188145,-3.415168231776644,0.5766871165644172,0.5632183908045977,4.590163934426229,3.1146245059288535,5.134969325153374,,,,,6.0,0.1420156952347905,1.7413998878712604
Entry Quality (sector missing fix),v5_EQ_sector_missing_fix,DECILE,5,574,504,0.24417429821795283,0.1157200693634008,1.7069031715989642,1.3426747888387824,-1.441094996909082,-1.221763626199579,0.5238095238095238,444,0.8235336698871845,0.5030279351435851,3.378879379413219,2.3741520712240227,-2.3057135426401993,-1.9464873714198305,0.5675675675675675,412,0.9215730738115936,0.7734845137053359,4.165274499453063,3.0597234480729707,-2.748779577949811,-2.1885702054794565,0.6140776699029126,267,1.8258111843038527,1.2353304508956109,5.918647994014462,4.770459081836331,-3.3478771236700684,-2.802101576182148,0.6441947565543071,0.5165562913907285,4.566666666666666,3.1262135922330097,5.850187265917603,,,,,7.0,0.4750863780123498,1.4512653049775823
Entry Quality (sector missing fix),v5_EQ_sector_missing_fix,DECILE,6,581,501,0.17871350149316426,0.0990262419541032,1.6888903534759823,1.3773186715539287,-1.257155269931613,-1.1202119971091218,0.5209580838323353,434,0.2435220718773996,-0.01359434475258765,2.9170852981177995,2.02183301874167,-2.348922491541342,-1.8410942317766354,0.49539170506912444,419,0.48980222805439266,0.1302648719061938,3.7350023163038526,2.69245354569585,-2.817443161789789,-2.3364274394385265,0.522673031026253,280,1.3923031688986705,0.9438135968146132,5.203524076066814,3.97103379199919,-3.24060577540687,-2.5222900046926178,0.6,0.5228758169934641,3.6043956043956045,2.954653937947494,5.892857142857143,,,,,7.0,-0.31086137631665006,1.3108581330382596
Entry Quality (sector missing fix),v5_EQ_sector_missing_fix,DECILE,7,585,513,0.32737696482695505,0.2074526381712793,1.7632730902592517,1.2941897690893045,-1.0725606384370792,-0.9478021978021944,0.5633528265107213,442,0.9306509724064395,0.3047972435727519,3.3625603922151566,2.342621869212169,-1.986979582314745,-1.745820965474154,0.5610859728506787,426,1.5421146094270357,1.0054852793155877,4.387708856038126,3.083865034201305,-2.4189111443370055,-2.018606284009128,0.6032863849765259,267,3.105656939870708,2.307884577998731,6.966806632592406,5.116580310880825,-2.9996553529068386,-2.148997134670483,0.6779026217228464,0.5405405405405406,3.980392156862745,3.0821596244131455,6.01498127340824,,,,,7.0,0.7352066172906799,2.3253756650548
Entry Quality (sector missing fix),v5_EQ_sector_missing_fix,DECILE,8,585,498,0.013909851259467792,-0.0833068050492991,1.5037618431089455,1.2838801711840375,-1.365959083214603,-0.9898777838438733,0.4779116465863454,423,0.4889817512359778,0.2251434381581818,2.9614222217051,2.038816491890061,-2.277827993526155,-1.9088937093275529,0.5271867612293144,377,0.7734196970986683,0.5839217816403952,3.979989418995606,3.013623228292284,-2.674444778271807,-2.3795542879512355,0.5649867374005305,231,2.4745384974330453,2.342719726941289,6.072693033974963,5.441837244133807,-3.0492835926167308,-2.625,0.7056277056277056,0.68,4.818181818181818,3.1061007957559683,6.225108225108225,,,,,7.0,0.08203507670051512,1.6550737174678247
Entry Quality (sector missing fix),v5_EQ_sector_missing_fix,DECILE,9,583,501,0.12239391502019803,0.0930809804529975,1.570945716451785,1.2461576804851715,-1.191390830577167,-0.9756097560975618,0.5249500998003992,422,0.5703960552727354,0.26123510510827064,2.932479538259283,2.2366155876629046,-2.1480694654851398,-1.9958903407504223,0.5260663507109005,391,0.7965145770112405,0.4454781991642287,3.91456773049163,2.956713711267067,-2.632372232472283,-2.33100233100233,0.5652173913043478,243,3.1053759866228883,2.3804300131636813,6.257560367143924,5.048441694875683,-2.997857970796591,-2.9725459213904903,0.720164609053498,0.6470588235294118,4.4036697247706424,2.979539641943734,6.251028806584362,,,,,7.0,-0.0774546564660379,1.703604505555091
Entry Quality (sector missing fix),v5_EQ_sector_missing_fix,DECILE,10,593,492,0.10444473014893046,-0.17209817589472484,1.5914696937058368,1.2150617645136252,-1.331385645825598,-1.1727912431587106,0.46747967479674796,413,0.5724070307880222,0.1419446415897862,3.028255509081398,1.828373148271712,-2.2911986698025335,-2.117647058823535,0.5108958837772397,363,1.542794593492198,0.9398018796037632,4.217433092103381,2.594771241830074,-2.5975987670669913,-2.420688618252897,0.5785123966942148,215,4.071464271533446,2.735678200362224,6.926582525634946,5.172413793103448,-3.045610446113523,-2.559688077575517,0.7906976744186046,0.6083333333333333,4.484210526315789,3.0523415977961434,6.818604651162791,,,,,7.0,0.7026422596868752,2.7238388703783656
Risk Control,risk_control,OVERALL,ALL,5848,4984,0.22385097493081108,0.09651385752231785,1.7194404187923427,1.332458114528634,-1.241134852491841,-1.0497424433345115,0.5244783306581059,4268,0.7302323370630908,0.3047972435727519,3.2357115630158693,2.205151249349735,-2.2176758271205066,-1.8782249742002155,0.5433458294283037,3954,1.2027377907430892,0.7280657510193134,4.245471456266126,3.025153363116506,-2.632854894366562,-2.2514816398851223,0.5872534142640364,2587,2.665580682798213,1.9768983147131047,6.336219745957669,4.881706097967342,-3.0906655721678598,-2.625,0.6872825666795516,0.6161825726141079,4.270428015564202,3.0758725341426403,6.073830691921144,-0.026873043151905293,0.023911756045863083,-0.5151515151515151,0.2606060606060606,7.0,0.907255528739612,1.5285947465902214
Risk Control,risk_control,TOP_10_PCT,TOP_10_PCT,580,475,0.13038728404790378,-0.1088308457711351,1.4577778410582276,1.067740241554338,-1.1408229113610675,-0.9899683210137232,0.47789473684210526,394,0.4501815886724901,-0.17201488717818453,2.81815841618512,1.695073318471274,-2.1322472562864268,-1.8031784841075704,0.4416243654822335,341,0.7412670395985559,-0.1486436269045099,3.754528830409996,2.501359434475248,-2.534673528234276,-2.277480827329781,0.4897360703812317,179,2.7235062029870125,1.728395061728394,5.9741069681872165,4.087433173174526,-2.8098820641943596,-2.559688077575517,0.7374301675977654,0.5897435897435898,4.22,2.777126099706745,5.916201117318436,,,,,7.0,0.0978417975688249,1.680085177361922
Risk Control,risk_control,TOP_20_PCT,TOP_20_PCT,1167,975,0.09365704176045901,-0.0278138327461485,1.45094103545827,1.1614963945216106,-1.216921649914489,-1.0553745928338798,0.48717948717948717,810,0.4614538378084347,-0.0238574009066017,2.7451745975493305,1.808666118086455,-2.1986213750026278,-1.8509511456982208,0.49506172839506174,718,0.9505302213284126,0.7294115829283077,3.7924831080422097,2.5905912269548637,-2.606669766127435,-2.32160186593528,0.5584958217270195,426,2.886695416404199,2.1343751105179276,5.92167178398597,4.432973232798987,-3.070365389249762,-2.5529829916756563,0.7394366197183099,0.6266666666666667,4.804878048780488,3.0167130919220058,6.255868544600939,,,,,7.0,0.2380352869940917,1.6044757336465376
Risk Control,risk_control,DECILE,1,579,482,0.17063609029566743,0.12167708063740565,1.9144158798143445,1.5475968114143202,-1.5971542735706084,-1.2358609132802625,0.524896265560166,428,1.1151292278019727,0.7675324496835834,3.7651613570698657,2.762591987025753,-2.5887019884156377,-2.1065230400957424,0.5841121495327103,404,1.574666485013997,1.0741287456878412,4.967745864474899,3.9318767520775455,-2.9506407567454263,-2.3563126890622565,0.6089108910891089,305,2.372953068830847,1.5633814167136828,6.790853314560153,5.14083617531893,-3.377863805526954,-2.8064704735919044,0.6852459016393443,0.6538461538461539,3.888888888888889,3.123762376237624,5.9049180327868855,,,,,7.0,1.1074184380735292,2.1769056297808675
Risk Control,risk_control,DECILE,2,565,482,0.4423530811616034,0.4765050267602433,1.9557948407610537,1.5745600493979772,-1.2752398506205647,-1.1954832414978245,0.5995850622406639,411,1.1589129387237052,0.7926214151895206,3.5513447848431405,2.575423105224428,-2.3968484851620837,-2.103894116747007,0.6058394160583942,380,1.67731946226687,1.0863079858322688,4.921047203413666,3.6947219651336294,-2.8627043784346053,-2.5000955539737078,0.5631578947368421,286,2.655967319740691,1.5498154516392582,6.863949858759406,5.188444848769924,-3.3064371188040096,-2.833566869064308,0.6153846153846154,0.5978260869565217,4.469230769230769,3.123684210526316,5.884615384615385,,,,,7.0,1.0050563549542553,2.354978190438809
Risk Control,risk_control,DECILE,3,603,518,0.24074025851894856,0.062385977504575404,1.8273463647347366,1.2746773303104364,-1.2280633179666762,-1.0388470007422654,0.5135135135135135,452,0.38579356798580383,0.0,3.075287042410938,2.1121575360440454,-2.420160340903557,-1.9538188277086976,0.49557522123893805,437,1.08595248607348,0.7209002461610492,3.9123144377632766,2.726963121533532,-2.755463592233957,-2.20588235294118,0.6086956521739131,277,3.0714618075457785,2.607258246299504,6.345612307075314,5.217951470904025,-3.2006896602595987,-2.532121121045916,0.6823104693140795,0.6153846153846154,4.0,3.17162471395881,6.754512635379061,,,,,7.0,0.34558729629360097,1.82967179613381
Risk Control,risk_control,DECILE,4,599,524,0.44729128964246456,0.1503730819730098,1.8364055172807814,1.3405128738799288,-1.09473574818006,-0.9183640917940662,0.517175572519084,456,0.8322227757086345,0.3774624846953123,3.4250619317825635,2.2320903308441054,-2.0980807537403168,-1.873325079343785,0.5723684210526315,427,1.167385766552438,0.7123180945491026,4.211915331055379,3.087703087703076,-2.4477091679238723,-2.182422013995966,0.5901639344262295,263,2.7392913009734627,2.052814442194961,6.49670008961883,5.1667051667051656,-2.976020684343407,-2.329959990586028,0.6844106463878327,0.5986842105263158,3.9038461538461537,3.1756440281030445,5.828897338403042,,,,,7.0,0.7288101065567222,1.6458602559137585
Risk Control,risk_control,DECILE,5,647,567,0.30195556590392475,0.2640845070422726,1.7454191347902879,1.4190932546995991,-1.2200434195762937,-0.9801919542577032,0.5767195767195767,486,0.8055217914072204,0.5601613264620164,3.3978957941482464,2.35559316500642,-2.079669304911368,-1.7183912658848666,0.5637860082304527,468,0.9107723089188099,0.3471513171329432,4.10626704762872,2.9211508370516786,-2.687301043156402,-2.272417751318123,0.5491452991452992,319,2.072829702363231,1.7302938753089858,5.625084780580955,4.346431435445064,-3.137820827395765,-2.762589928057546,0.664576802507837,0.5909090909090909,4.61864406779661,3.014957264957265,6.122257053291536,,,,,7.0,0.46784547318321734,1.3571310814905924
Risk Control,risk_control,DECILE,6,532,440,-0.04097711961639019,-0.1447106030784795,1.5492377798186874,1.3048740066452735,-1.266527271031844,-1.1181332036946934,0.46136363636363636,386,0.42383690422495796,-0.0274633649645139,2.8446719625523555,1.9560781926175936,-2.238965559063004,-1.982909322279697,0.4948186528497409,354,0.9604567601022782,0.2629713489141316,3.9355984718429857,2.740965802572904,-2.712629240183573,-2.381202898190738,0.5649717514124294,241,2.5142599272629567,1.5937101572460757,5.9185180099485795,4.22523427041499,-3.2485443919920987,-2.9150339290834326,0.7095435684647303,0.5615384615384615,4.153846153846154,2.9350282485875705,5.850622406639004,,,,,7.0,0.45630805431233984,1.713508198223412
Risk Control,risk_control,DECILE,7,552,483,0.41568576788309874,0.134559700221426,1.8438854155502573,1.3027329674593968,-1.126031369291296,-0.9743167245764296,0.5507246376811594,391,1.0460622297321036,0.5509501339114875,3.654800278929127,2.331765187154833,-1.8567845508977878,-1.657399486740796,0.5549872122762148,356,1.408184890869321,0.9514092590230838,4.6226096169311095,3.072807032126146,-2.2912987686347197,-1.9121210136860856,0.648876404494382,216,3.0109480257051167,2.315139609934058,6.976630607509238,5.685510071474975,-2.598707528933466,-2.3122668926705003,0.7268518518518519,0.6,3.9270833333333335,3.109550561797753,6.078703703703703,,,,,7.0,0.8769672109029323,2.0640497899366648
Risk Control,risk_control,DECILE,8,607,516,0.031677010133296976,0.06497599664325725,1.594334027485276,1.2250095008559003,-1.190871648507308,-0.9963849258264934,0.5155038759689923,448,0.6055764123058848,0.4531250000000097,3.0915806538285695,2.1926667531963817,-2.097071189228599,-1.741874280287592,0.5625,410,1.363429162306389,1.1681084923270801,4.189928983764807,3.0608723889207434,-2.380227866706617,-2.035768336380961,0.6219512195121951,254,2.732303211215714,1.5189420636123385,6.459781704779095,5.375232582179046,-2.7449502290590115,-2.2049267477627033,0.6653543307086615,0.6971830985915493,4.285714285714286,3.0439024390243903,5.84251968503937,,,,,7.0,0.4391250610657035,2.6769954296868868
Risk Control,risk_control,DECILE,9,584,497,0.058136805738240024,0.0,1.4454181308125154,1.2469991997866137,-1.292260328286434,-1.1522346368715186,0.4949698189134809,416,0.4721299583843053,0.23356092684175822,2.676050500091395,1.9624010554089688,-2.2614853239790302,-2.0034525132431478,0.5456730769230769,377,1.1398107119647019,1.265925505152965,3.8268131045212144,2.91385135135136,-2.671791031701884,-2.322969618158177,0.6206896551724138,247,3.0049580447510675,2.50248121366794,5.883672197054705,4.83030913978495,-3.2591367057878866,-2.443680794196257,0.7408906882591093,0.6462585034013606,5.06140350877193,3.2334217506631298,6.502024291497976,,,,,7.0,0.4089613831285582,1.5366907582224079
Risk Control,risk_control,DECILE,10,580,475,0.13038728404790378,-0.1088308457711351,1.4577778410582276,1.067740241554338,-1.1408229113610675,-0.9899683210137232,0.47789473684210526,394,0.4501815886724901,-0.17201488717818453,2.81815841618512,1.695073318471274,-2.1322472562864268,-1.8031784841075704,0.4416243654822335,341,0.7412670395985559,-0.1486436269045099,3.754528830409996,2.501359434475248,-2.534673528234276,-2.277480827329781,0.4897360703812317,179,2.7235062029870125,1.728395061728394,5.9741069681872165,4.087433173174526,-2.8098820641943596,-2.559688077575517,0.7374301675977654,0.5897435897435898,4.22,2.777126099706745,5.916201117318436,,,,,7.0,0.0978417975688249,1.680085177361922
Execution Quality,execution_quality,OVERALL,ALL,5848,4984,0.22385097493081108,0.09651385752231785,1.7194404187923427,1.332458114528634,-1.241134852491841,-1.0497424433345115,0.5244783306581059,4268,0.7302323370630908,0.3047972435727519,3.2357115630158693,2.205151249349735,-2.2176758271205066,-1.8782249742002155,0.5433458294283037,3954,1.2027377907430892,0.7280657510193134,4.245471456266126,3.025153363116506,-2.632854894366562,-2.2514816398851223,0.5872534142640364,2587,2.665580682798213,1.9768983147131047,6.336219745957669,4.881706097967342,-3.0906655721678598,-2.625,0.6872825666795516,0.6161825726141079,4.270428015564202,3.0758725341426403,6.073830691921144,0.031207460885646195,0.024171048743451537,0.05454545454545454,-0.04242424242424241,7.0,0.907255528739612,1.5285947465902214
Execution Quality,execution_quality,TOP_10_PCT,TOP_10_PCT,593,509,0.11709376394082653,-0.0213766566908857,1.5419021740177183,1.2733580383190055,-1.3047340113771488,-1.023717174286265,0.48919449901768175,435,0.8104804679756074,0.2635740643120776,3.1592482158621995,2.2132443351484232,-2.11436229999345,-1.7039853541754746,0.542528735632184,400,1.3854941249549027,0.8058442536526433,4.197038910600198,3.2937757326229056,-2.5524709174491544,-2.1420518602029315,0.595,281,3.0681854225156733,2.141057934508805,6.251958888483918,5.3124268663702345,-3.1307321303337172,-2.550357374918777,0.6832740213523132,0.585635359116022,4.483606557377049,3.235,6.355871886120997,,,,,7.0,0.8468865409430697,2.0922779775364617
Execution Quality,execution_quality,TOP_20_PCT,TOP_20_PCT,1178,1014,0.16428260155888608,0.0697836706210708,1.5615630765810373,1.3164680205320134,-1.2677075204236583,-1.010681061215113,0.5138067061143984,853,0.5871281707362402,0.3379091869060158,2.8887636343779195,2.1362956633198094,-2.2006224900473415,-1.8245632145345687,0.5392731535756154,791,1.009989828845498,0.5757196495619343,3.8281861669539468,3.044634939402901,-2.6586189772472513,-2.1894839654891696,0.5828065739570164,541,2.678039077634647,2.04297574475012,5.692268085192024,4.658445879819939,-3.0487800839888437,-2.550357374918777,0.6894639556377079,0.577639751552795,4.773584905660377,3.079646017699115,6.521256931608133,,,,,7.0,0.5149893177518924,1.6531091103098732
Execution Quality,execution_quality,DECILE,1,576,484,0.1397423372980812,-0.0301959634027848,1.7558976844785688,1.2991781286186388,-1.5182040275636053,-1.240341525091293,0.49173553719008267,423,0.8083158207088796,0.1339285714285765,3.5755752522825532,2.3489932885906173,-2.44189698622946,-2.187499999999998,0.508274231678487,388,1.2252535864064733,0.3984063745019917,4.69809908011802,3.0089994363226458,-2.762527330279911,-2.54937163375224,0.5463917525773195,247,2.3566601962394733,1.2087150665948343,6.870741722873638,4.689221952832279,-3.1745670194611755,-2.9437229437229373,0.6680161943319838,0.8476190476190476,3.269662921348315,2.884020618556701,5.465587044534413,,,,,7.0,0.6558768263765281,1.8732893388132805
Execution Quality,execution_quality,DECILE,2,585,483,0.2029745356965702,-0.1301659616010475,1.882005644112508,1.3801035077630752,-1.3114178885982168,-1.1735700197238796,0.4782608695652174,413,0.5845011837126015,0.0487418509717896,3.614530431199545,2.2578796561604664,-2.541675892880083,-2.3859065057566964,0.5012106537530266,383,0.9525700863680985,0.1825557809330691,4.508043942867273,2.6883092576523104,-2.9148663180065455,-2.566991473812408,0.5378590078328982,241,2.366107604826403,1.2650948821161467,6.630223256295406,4.87598863549108,-3.246753384484458,-2.670692738412828,0.6431535269709544,0.7714285714285715,3.7777777777777777,2.8511749347258486,5.406639004149378,,,,,7.0,0.5342997277270731,1.638926766174631
Execution Quality,execution_quality,DECILE,3,585,488,0.4246241863763659,0.2249053030302983,1.8388101420806664,1.342493541894485,-1.2496428557119352,-1.0772929807056744,0.569672131147541,398,1.2474495042976033,0.3509837495111356,3.8051250922470756,2.1795989537924942,-2.146337894238201,-1.9437390115256803,0.5552763819095478,375,1.4219866477302563,0.5864164623094137,4.885437157003408,2.764384442301515,-2.6443757350723045,-2.214340005067139,0.5466666666666666,248,3.2750929670037037,2.184354986276293,7.10758442597113,5.120733984071723,-2.97829132919457,-2.464819765563031,0.7056451612903226,0.8620689655172413,4.105769230769231,3.029333333333333,5.826612903225806,,,,,7.0,0.8035499862256654,2.0797373719261967
Execution Quality,execution_quality,DECILE,4,496,434,0.27254362753365796,0.1420959147424572,1.6835418007701526,1.3256351986611015,-1.358977589967671,-1.2689921166346763,0.5276497695852534,392,0.8461730360632415,0.5335984869308086,3.233242175383517,2.0933388827268473,-2.2649699016100087,-2.0104795534798936,0.548469387755102,364,1.162019094271367,0.7901915080578248,4.068618949331102,2.93514281205618,-2.602458779821421,-2.215705441511895,0.6153846153846154,227,3.737131302524741,3.126241360133464,6.92626944399241,5.652358691032711,-2.917239428173393,-2.518746394924054,0.8149779735682819,0.8256880733944955,3.9690721649484537,3.1785714285714284,6.88546255506608,,,,,7.0,0.37015075684390575,1.7701254673928646
Execution Quality,execution_quality,DECILE,5,684,585,0.3533467871828849,0.2794725447746504,1.7312503225047187,1.4471312908518774,-1.1075210607037818,-0.9651600753295742,0.5897435897435898,476,0.6872527884261086,0.26648555611777924,3.2713496758747653,2.366993564450093,-2.015701512373596,-1.537014557569505,0.5378151260504201,420,1.4262843033548183,0.8995712920399357,4.316941480032074,3.209074259492606,-2.354708079267502,-1.9078175671013664,0.6047619047619047,250,2.5267859299101882,1.800569377679584,6.3622027251803415,4.977709526658881,-2.899806588919108,-2.11313157544189,0.644,0.5231788079470199,4.188679245283019,3.2285714285714286,6.38,,,,,7.0,1.1591089803811125,1.7774597202677151
Execution Quality,execution_quality,DECILE,6,576,496,0.18548083517382846,-0.13390885587517548,1.9153820561230352,1.3427081784297967,-1.1673585557469313,-1.1335012594458571,0.46975806451612906,441,0.5757744807795536,0.1741871267418648,3.284427933857609,2.1579055021476723,-2.31301253152058,-2.051418675902484,0.528344671201814,417,0.9590971216053348,0.7864238410596025,4.237895719294028,2.915951972555741,-2.85297934571126,-2.41150601975344,0.565947242206235,275,2.4847124201099686,2.2151394422310844,6.624035469784495,5.23727079562446,-3.2337234558448,-2.96173890936825,0.64,0.4745762711864407,4.165217391304348,2.9568345323741005,5.861818181818182,,,,,7.0,0.33380064058228087,1.9764381996317346
Execution Quality,execution_quality,DECILE,7,583,509,0.08755868198366079,0.1176816710797279,1.582186693608543,1.2549468860654,-1.1109524136682558,-0.8771128369118419,0.5363457760314342,441,0.712281035930942,0.4012401969724521,2.8391799650562075,2.1017979235249395,-2.0566294825094564,-1.6335748013021845,0.5804988662131519,411,1.1847322202432022,1.0629921259842634,3.8682539588278426,3.076923076923088,-2.5093312110161063,-1.980823333524706,0.6155717761557178,286,2.0192238816677395,1.5990524133846495,5.44600009321655,4.323635099107448,-3.183366929121659,-2.497088797642011,0.6643356643356644,0.45698924731182794,4.392523364485982,3.167883211678832,5.786713286713287,,,,,7.0,0.4513646812200833,1.6820879575558254
Execution Quality,execution_quality,DECILE,8,587,493,0.23651921033134735,0.1958224543080922,1.6929135453293664,1.3293517002215482,-1.1019987531024829,-0.96875545470414,0.5415821501014199,432,0.7106262379576539,0.6401795142555455,3.01340195432984,2.2949813128632646,-2.0346285060455833,-1.7272135718150783,0.5925925925925926,406,1.6582280931724442,1.3312531435524022,4.252637397999323,3.223449497858544,-2.3972946683588914,-2.0055421961971467,0.6674876847290641,273,2.7152181766678267,2.353300733496333,6.276875743377783,4.769805060141019,-3.1400522117428853,-2.754742159946621,0.7252747252747253,0.5542857142857143,4.923076923076923,3.2807881773399017,6.117216117216117,,,,,7.0,0.9914212652031177,2.147710630095039
Execution Quality,execution_quality,DECILE,9,583,503,0.2087918476004946,0.2008300977373256,1.581019485141203,1.3704765317090528,-1.2290041508198692,-1.0018287349924493,0.5387673956262425,417,0.360709717452332,0.5710421519272701,2.611848163976482,2.11655011655012,-2.2904125052564477,-1.9492357313139808,0.5371702637889688,390,0.6303242085422563,0.5245792684374195,3.4578922358317343,2.6719731314786888,-2.766212926559553,-2.3054417788180293,0.5717948717948718,259,2.266692160434924,1.7955017955018082,5.103457078364955,4.335871404399327,-2.959452100963327,-2.5596276905177406,0.6988416988416989,0.5673758865248227,5.166666666666667,2.9256410256410255,6.694980694980695,,,,,7.0,0.09528989618518066,1.440075618424379
Execution Quality,execution_quality,DECILE,10,593,509,0.11709376394082653,-0.0213766566908857,1.5419021740177183,1.2733580383190055,-1.3047340113771488,-1.023717174286265,0.48919449901768175,435,0.8104804679756074,0.2635740643120776,3.1592482158621995,2.2132443351484232,-2.11436229999345,-1.7039853541754746,0.542528735632184,400,1.3854941249549027,0.8058442536526433,4.197038910600198,3.2937757326229056,-2.5524709174491544,-2.1420518602029315,0.595,281,3.0681854225156733,2.141057934508805,6.251958888483918,5.3124268663702345,-3.1307321303337172,-2.550357374918777,0.6832740213523132,0.585635359116022,4.483606557377049,3.235,6.355871886120997,,,,,7.0,0.8468865409430697,2.0922779775364617
Trigger Quality,trigger_quality,OVERALL,ALL,5848,4984,0.22385097493081108,0.09651385752231785,1.7194404187923427,1.332458114528634,-1.241134852491841,-1.0497424433345115,0.5244783306581059,4268,0.7302323370630908,0.3047972435727519,3.2357115630158693,2.205151249349735,-2.2176758271205066,-1.8782249742002155,0.5433458294283037,3954,1.2027377907430892,0.7280657510193134,4.245471456266126,3.025153363116506,-2.632854894366562,-2.2514816398851223,0.5872534142640364,2587,2.665580682798213,1.9768983147131047,6.336219745957669,4.881706097967342,-3.0906655721678598,-2.625,0.6872825666795516,0.6161825726141079,4.270428015564202,3.0758725341426403,6.073830691921144,0.028224767186460692,0.13938773906989785,-0.006060606060606061,0.2121212121212121,7.0,0.907255528739612,1.5285947465902214
Trigger Quality,trigger_quality,TOP_10_PCT,TOP_10_PCT,859,677,0.43963832191264063,0.1958224543080922,1.9624067157312857,1.4964788732394263,-1.1736055653184139,-0.9683098591549256,0.5642540620384048,558,1.3952954340109152,0.6574523720582759,3.7832944025101907,2.2616599935072035,-2.039625660934677,-1.7212508275244454,0.6021505376344086,503,2.1437720787354184,1.2696078431372548,5.047221004013761,3.1441942088329844,-2.4120418387548144,-2.130681818181812,0.6819085487077535,333,5.063509859625387,3.2723611344185333,8.104347204843783,6.89424364123159,-2.6762701584617368,-2.3039088791095064,0.8438438438438438,0.7210526315789474,4.195121951219512,3.3101391650099403,7.069069069069069,,,,,7.0,1.7225207803959175,2.6473897112348124
Trigger Quality,trigger_quality,TOP_20_PCT,TOP_20_PCT,959,766,0.3724304109018417,0.1788340616007633,1.864959573622406,1.4772802215920366,-1.1897702319499275,-0.9733543065833572,0.5509138381201044,606,1.2129672131233338,0.5710421519272701,3.5912631871394796,2.2218240458699023,-2.1159238585056883,-1.829484051005409,0.5759075907590759,550,1.8704784835613464,1.2147699891515762,4.8140416917151265,2.877110827302398,-2.5241588207202637,-2.2508440665249485,0.649090909090909,360,4.679014624141577,2.990325417766071,7.799021363126692,6.409739052713881,-2.833688725060708,-2.4984227129337566,0.8138888888888889,0.6915422885572139,4.2023809523809526,3.2436363636363637,6.975,,,,,7.0,1.3613145932914192,2.5232335190658235
Trigger Quality,trigger_quality,DECILE,1,588,508,0.21313668176908668,0.07908829763125791,1.6051937242417018,1.236352357320103,-1.0220745734550167,-0.9515717926932954,0.5196850393700787,434,0.6546082654501222,0.2342704149933094,2.9665828497576605,2.0086738187628184,-1.9605790854694203,-1.5942098344013167,0.5368663594470046,393,1.3251731717421327,0.8701472556894352,3.8931463164831888,2.8833762886598,-2.399909193595755,-2.042270244597477,0.6310432569974554,304,1.9680098774366477,1.5277633520097256,5.062371340607625,3.7991251103286827,-2.8496881809142574,-2.5175360285677906,0.6743421052631579,0.5921052631578947,4.372549019607843,2.989821882951654,5.875,,,,,7.0,0.8192595859089726,1.750286763722851
Trigger Quality,trigger_quality,DECILE,2,366,261,0.18566316171064257,0.2356780275561965,1.5843255145096105,1.5046766978446646,-1.2395523557534647,-1.090635577284682,0.5900383141762452,191,0.4472611040645924,0.1339285714285765,3.111601442948518,2.1803370337832417,-2.2958948926188407,-1.72663560549704,0.5340314136125655,175,0.24412524090419702,0.0065019505851804,4.131561733068219,2.966123216008953,-2.9814294799284613,-2.443680794196257,0.5028571428571429,87,3.4544814904036545,2.3905354311501537,6.596433145024809,4.810267857142869,-3.4732604390584707,-2.895360650186252,0.7816091954022989,0.7358490566037735,5.333333333333333,2.817142857142857,6.287356321839081,,,,,7.0,-0.3557794109561967,1.3076802018970386
Trigger Quality,trigger_quality,DECILE,3,761,678,-0.08147441528323786,-0.265974278738379,1.536150830442247,1.1301590876961032,-1.6362790318096498,-1.3842158744495905,0.4336283185840708,656,0.19188008635228201,0.0536193029490483,2.924417051502357,2.0857283239524955,-2.6715471922610794,-2.1496771344997057,0.5060975609756098,633,0.745695484527229,0.3471513171329432,3.9386189002424863,2.8924202583743064,-3.094368807851832,-2.412455800159685,0.5418641390205371,484,1.4708509583846396,0.965147453083115,5.753912633524827,4.540624094290391,-3.679134008252163,-3.1789282470481406,0.6012396694214877,0.5173745173745173,4.4879518072289155,3.0410742496050553,5.580578512396694,,,,,5.0,0.08047766347456979,1.4003478023744373
Trigger Quality,trigger_quality,DECILE,4,653,590,0.24396069397778228,0.1622740753175477,1.627683043111087,1.2325969947690973,-1.1202790949461872,-0.9307558555794126,0.5576271186440678,504,0.9593720166259218,0.7349520885663763,3.174834049826183,2.310445818418483,-1.8457042113263153,-1.3980868285504044,0.6011904761904762,471,1.4138542282639093,1.5320491156922469,4.105556112224319,3.0993546330969624,-2.1504072447344806,-1.5469233413544117,0.6581740976645435,295,2.0028100087169767,1.1989630589760214,6.134048439199442,4.670084707980382,-2.792077902724912,-2.027089284068928,0.6779661016949152,0.5602409638554217,4.348214285714286,3.2653927813163484,5.803389830508475,,,,,7.0,0.9217060215203216,2.0082179617759075
Trigger Quality,trigger_quality,DECILE,5,173,164,0.17135228377102404,0.2947437366956018,1.5563290349960974,1.4077480145056387,-1.2422434192462564,-0.9424890309707445,0.5914634146341463,119,0.34003242432905667,-0.0503792437515748,2.8372459341494602,2.1739130434782705,-2.292174397806509,-1.916300921060776,0.4957983193277311,105,0.6610335379814091,0.2849191624701763,3.551585908576422,3.1275585393810257,-2.6076456984933354,-2.29245128541018,0.5523809523809524,54,1.4422783111343458,0.36246476037054,4.886041617273457,3.7462406538049664,-3.3755845894093746,-2.611667994412242,0.5370370370370371,0.4827586206896552,4.066666666666666,3.2476190476190476,6.314814814814815,,,,,5.0,-0.18697466216643951,2.843730296199382
Trigger Quality,trigger_quality,DECILE,6,238,192,1.1018778833612715,0.9877307436276128,2.288132101268578,1.9481416662828763,-0.8766060395405836,-0.7667219879490428,0.7708333333333334,184,2.3609573747893826,1.895290670795713,4.822464330085115,3.748798480575588,-1.6632430439991537,-1.0790893538623392,0.7391304347826086,174,2.097587420048115,0.9478118417973302,6.350570688182071,4.467574059247403,-2.550876802304314,-1.6431381624623986,0.6494252873563219,159,4.331878652436578,3.835314299718173,7.585773133880839,5.799955958992942,-2.8701932417182197,-1.8746041798606727,0.7672955974842768,0.7368421052631579,3.831460674157303,3.218390804597701,6.327044025157233,,,,,2.0,2.020193134186181,2.5813017066852018
Trigger Quality,trigger_quality,DECILE,7,2065,1797,0.17054597501797975,-0.056734369681155,1.7519525571807204,1.2991781286186388,-1.269510824192329,-1.1350737797956922,0.49081803005008345,1549,0.5862805886118801,0.1031282227569541,3.1732035893093418,2.138720715977893,-2.319121977461955,-2.104903857094087,0.5080697224015494,1428,1.1359257481124339,0.44566068363666167,4.119655965061543,3.0195381882770933,-2.659448074238507,-2.428035043804766,0.5553221288515406,825,2.6569824098366692,2.1127582584335336,6.447501965717999,5.109787432842783,-3.0226578552429553,-2.870981602281164,0.6678787878787878,0.631578947368421,4.180428134556575,2.9908963585434174,6.086060606060606,,,,,7.0,0.8804579596976218,1.5529393630901414
Trigger Quality,trigger_quality,DECILE,8,45,28,1.386765843685716,1.0986386434201023,2.4115469197290196,2.726805007717359,-0.28592778471083535,0.3618667332168757,0.8571428571428571,25,0.7848458043229347,1.6120734007888826,3.72426470038611,3.56714114217116,-1.5795210862731985,-1.0031048483400862,0.72,25,-1.2437679644988455,-0.5025125628140725,3.927766840194963,3.8243868976161934,-2.8072779705256004,-2.3054417788180293,0.48,19,2.695475274660683,2.5954579485899743,4.615311546209736,4.202056325435843,-3.6971665181968816,-2.3054417788180293,1.0,0.625,2.9,3.0,4.631578947368421,,,,,1.0,,
Trigger Quality,trigger_quality,DECILE,9,100,89,-0.1388027998207524,-0.1085776330076226,1.1237043465694712,1.2048192771084263,-1.3127306736300934,-1.083698409038503,0.449438202247191,48,-0.9065983546947969,-1.265846100687873,1.358900308454962,1.23913570012818,-3.002890405268699,-2.8152606842572925,0.2708333333333333,47,-1.0543444605356398,-1.34228187919464,2.3185269239233555,1.5211251852473184,-3.72404907452071,-3.478213831715038,0.2978723404255319,27,-0.06309328015875962,-0.2985884907709235,4.033335981949238,3.152554656359463,-4.775184379781352,-4.470588235294115,0.4444444444444444,0.18181818181818182,4.5,2.5319148936170213,5.814814814814815,,,,,5.0,-2.5801914888730564,-0.1879059896105087
Trigger Quality,trigger_quality,DECILE,10,859,677,0.43963832191264063,0.1958224543080922,1.9624067157312857,1.4964788732394263,-1.1736055653184139,-0.9683098591549256,0.5642540620384048,558,1.3952954340109152,0.6574523720582759,3.7832944025101907,2.2616599935072035,-2.039625660934677,-1.7212508275244454,0.6021505376344086,503,2.1437720787354184,1.2696078431372548,5.047221004013761,3.1441942088329844,-2.4120418387548144,-2.130681818181812,0.6819085487077535,333,5.063509859625387,3.2723611344185333,8.104347204843783,6.89424364123159,-2.6762701584617368,-2.3039088791095064,0.8438438438438438,0.7210526315789474,4.195121951219512,3.3101391650099403,7.069069069069069,,,,,7.0,1.7225207803959175,2.6473897112348124
RR Quality,rr_quality,OVERALL,ALL,5848,4984,0.22385097493081108,0.09651385752231785,1.7194404187923427,1.332458114528634,-1.241134852491841,-1.0497424433345115,0.5244783306581059,4268,0.7302323370630908,0.3047972435727519,3.2357115630158693,2.205151249349735,-2.2176758271205066,-1.8782249742002155,0.5433458294283037,3954,1.2027377907430892,0.7280657510193134,4.245471456266126,3.025153363116506,-2.632854894366562,-2.2514816398851223,0.5872534142640364,2587,2.665580682798213,1.9768983147131047,6.336219745957669,4.881706097967342,-3.0906655721678598,-2.625,0.6872825666795516,0.6161825726141079,4.270428015564202,3.0758725341426403,6.073830691921144,0.006922503375493933,-0.06951456765395418,-0.35757575757575755,-0.7696969696969697,7.0,0.907255528739612,1.5285947465902214
RR Quality,rr_quality,TOP_10_PCT,TOP_10_PCT,647,559,0.07123673055487555,0.134559700221426,1.7638871228837851,1.5037593984962294,-1.1257012651470548,-1.0062776957163844,0.5384615384615384,495,0.5377998198394204,0.2671826054910564,3.1999407298403457,2.5367785741229776,-2.2169511408197424,-1.6872427983539051,0.5353535353535354,451,0.9216237907778465,0.7534201308571742,4.0696120595744185,3.053274373552317,-2.696787946827047,-2.0355767467448938,0.5875831485587583,260,2.016846608637932,1.2458073790129198,6.040093133711734,4.8200885126034265,-3.0343399948559644,-2.519380392194892,0.6115384615384616,0.2849162011173184,4.555555555555555,2.966740576496674,5.9,,,,,6.0,0.3544725536613004,1.476651823332705
RR Quality,rr_quality,TOP_20_PCT,TOP_20_PCT,1195,1039,0.12662220759336668,0.087432699829737,1.74384318962166,1.3913586024021152,-1.0566295966478585,-0.9885736294774627,0.5264677574590952,908,0.4987148463136132,0.252232121096485,3.0248219112791825,2.2309685337365326,-2.0518677021023906,-1.6594002757057527,0.5429515418502202,830,0.9571890683954818,0.6307390567888094,3.9128646727342797,2.930076168256379,-2.5442209654541124,-2.021532470105969,0.591566265060241,472,1.8651032691727487,1.2458073790129198,5.81653156150375,4.631853427571531,-2.9914128315421626,-2.613023641642476,0.6165254237288136,0.3238095238095238,4.22289156626506,3.008433734939759,5.834745762711864,,,,,7.0,0.49552767773236045,1.3538790082114
RR Quality,rr_quality,DECILE,1,576,484,0.19157500353564666,-0.0077260678907453495,1.8416648703516831,1.4209681255139328,-1.4828294701125473,-1.1911614040117535,0.5,424,0.7328837079158673,0.11042113462343961,3.5746232476720827,2.2288219356516485,-2.508018128988277,-2.388973966309338,0.5070754716981132,400,1.2369591923070589,0.20905472314811654,4.664209781005797,2.9548865669918656,-2.7798282592350443,-2.6107025925934666,0.52,252,2.4352222876155136,1.20208616449885,6.889525348946661,4.729617992392932,-3.106707552469479,-2.9673284699127,0.7063492063492064,0.968421052631579,3.402173913043478,2.8175,5.337301587301587,,,,,7.0,0.4940937714213603,2.1047275913179555
RR Quality,rr_quality,DECILE,2,585,500,0.286826645325081,0.064819316156206,1.8784444001747933,1.4472439027913953,-1.3108733061656026,-1.1603659356921758,0.508,420,1.1488733351142948,0.3917624686425314,4.163302306250916,2.3993654570692025,-2.4256882341680814,-2.2053300721913525,0.5428571428571428,400,1.3506895909265166,0.4153513872736436,5.152365288728806,3.1953504045197256,-2.8367523178159098,-2.4022217107754376,0.5525,263,3.113594995901935,2.020104388169353,7.579857447194433,5.6397167791865765,-3.2055026719655393,-2.623550945698594,0.7072243346007605,0.9159663865546218,3.477064220183486,2.9125,5.425855513307985,,,,,7.0,1.0178947466476889,1.9024686457222117
RR Quality,rr_quality,DECILE,3,585,485,0.41539257170691796,0.2887082976903432,1.793635968880698,1.2745974955277184,-1.2601737283462053,-1.132431582258575,0.5835051546391753,405,1.1211256634038842,0.3237478575509378,3.5660752255453567,2.0258813029897293,-2.096117101015088,-1.9932372308239847,0.5456790123456791,372,1.3545955209216598,0.6882667162904421,4.435635107592054,2.6741199576975294,-2.564612139764839,-2.2443398672523207,0.5672043010752689,248,3.731429983909767,3.0259365994236287,6.915681985111201,5.371700048588246,-2.812984487006588,-2.4266874299031405,0.7379032258064516,0.85,3.954954954954955,3.096774193548387,6.403225806451613,,,,,7.0,0.8584273180302696,1.9270155482525164
RR Quality,rr_quality,DECILE,4,585,498,0.22601577403609469,0.124543250335285,1.6554026006706908,1.222556305667433,-1.3577842267664826,-1.2140997991807065,0.5261044176706827,426,0.7630015227414417,0.486428598978661,3.2486910539985256,2.201504372925822,-2.268364433564832,-1.8880591562973001,0.5422535211267606,388,1.3042201947930498,1.1799272455927712,4.3205617527762215,3.188304242578699,-2.590519284438635,-2.0685201241985975,0.6469072164948454,262,3.6439330011636866,3.2787661185400667,7.149463780697303,5.603365980970709,-3.0153230766263195,-2.1918588101337955,0.7748091603053435,0.7867647058823529,4.517543859649122,3.270618556701031,6.824427480916031,,,,,7.0,0.5793312190945188,1.8401601056539063
RR Quality,rr_quality,DECILE,5,590,493,0.25584633622235003,0.2066827419910488,1.6647672755743923,1.2693473098026375,-1.2974163373102396,-1.0796804145972838,0.5233265720081136,420,0.7164505012311434,0.23300753093110635,3.0226330707106044,2.0046444711126044,-2.242239359017799,-2.0290683466497645,0.5523809523809524,394,1.5041539152303316,1.0542961240907478,4.201304777452401,2.9647753693126,-2.6187434315232543,-2.3812004684504173,0.6116751269035533,288,2.723868984480923,2.2808717903379794,6.096379731892463,4.670064837684129,-3.186591400827286,-2.821256610836836,0.6944444444444444,0.68125,4.782608695652174,3.2563451776649748,6.711805555555555,,,,,7.0,1.0159908672742703,2.0712831418688475
RR Quality,rr_quality,DECILE,6,581,498,0.2024460479008449,-0.024595244718517102,1.5723345790613652,1.2733580383190055,-1.2666093798623845,-1.041430835408641,0.4899598393574297,422,0.4501411887331787,0.1231149761326655,2.718229987592666,2.005231037489086,-2.2597864948182464,-1.807701059338096,0.509478672985782,397,0.9627863806462655,0.5619684082624365,3.7308312208033834,2.9127829560585905,-2.694491073639594,-2.208365809301116,0.5793450881612091,269,2.5352259227674145,2.2414823670053874,5.407012150680679,4.369321218599676,-3.2819873635992947,-2.8535139712108304,0.6914498141263941,0.6025641025641025,4.726415094339623,3.0780856423173804,6.401486988847584,,,,,7.0,0.43310710979156547,1.609139819483413
RR Quality,rr_quality,DECILE,7,583,487,0.2774929482888503,0.3249046475490846,1.6522543253416622,1.3856032443393174,-1.1710908423622033,-0.9389386963896352,0.5708418891170431,416,0.47039195515183374,0.6276073289244399,2.812524779278376,2.2528525617936834,-2.179311659827545,-1.7963470063547704,0.5600961538461539,381,0.7368841751184042,0.6064016004001083,3.794549376347281,3.190213480450965,-2.6374523101266782,-2.194174757281553,0.5748031496062992,252,2.3864411042752596,1.6670567972830952,5.623918393801859,4.530070294194233,-3.1537494684217746,-2.6271090420998955,0.6507936507936508,0.5225806451612903,4.717391304347826,3.068241469816273,6.166666666666667,,,,,7.0,0.36784211207319856,1.1487857685376743
RR Quality,rr_quality,DECILE,8,568,500,0.14373293363024267,-0.0098486127525443,1.6490905843865042,1.3293517002215482,-1.1735441368230217,-0.9515717926932954,0.492,427,0.9482029352602054,0.647152528872974,3.2422466554573277,2.2969477496119994,-2.113679285482354,-1.7889172094779693,0.5878220140515222,392,1.6850410937155709,1.48267904847883,4.346109240683793,3.313600300610131,-2.5164495495153996,-2.033285363170234,0.6377551020408163,281,2.2599242049868553,1.3513513513513598,6.053434091848952,4.9324191968658,-3.112793180137444,-2.314081024535586,0.6654804270462633,0.5,4.536585365853658,3.260204081632653,5.701067615658363,,,,,7.0,1.2930655992426643,2.008685242128579
RR Quality,rr_quality,DECILE,9,548,480,0.1911232110611095,0.0582920431360989,1.7205003590101433,1.2800917080626473,-0.9761898827081696,-0.9527483149264326,0.5125,413,0.45186966012650764,0.2342704149933094,2.8149337389116855,2.1206646328821632,-1.8540074063031429,-1.6431381624623986,0.5520581113801453,379,0.9995108103626413,0.5382059800664418,3.726339418209469,2.75889644142342,-2.3626702831343396,-1.984995311034688,0.5963060686015831,212,1.6790029471871462,1.2441356175383222,5.542352274833583,4.209186385525154,-2.938766310496934,-2.6487937000158723,0.6226415094339622,0.375,3.7313432835820897,3.058047493403694,5.754716981132075,,,,,6.0,0.3503719073749949,1.5218904375889397
RR Quality,rr_quality,DECILE,10,647,559,0.07123673055487555,0.134559700221426,1.7638871228837851,1.5037593984962294,-1.1257012651470548,-1.0062776957163844,0.5384615384615384,495,0.5377998198394204,0.2671826054910564,3.1999407298403457,2.5367785741229776,-2.2169511408197424,-1.6872427983539051,0.5353535353535354,451,0.9216237907778465,0.7534201308571742,4.0696120595744185,3.053274373552317,-2.696787946827047,-2.0355767467448938,0.5875831485587583,260,2.016846608637932,1.2458073790129198,6.040093133711734,4.8200885126034265,-3.0343399948559644,-2.519380392194892,0.6115384615384616,0.2849162011173184,4.555555555555555,2.966740576496674,5.9,,,,,6.0,0.3544725536613004,1.476651823332705
Stop Geometry,stop_geometry_quality,OVERALL,ALL,5848,4984,0.22385097493081108,0.09651385752231785,1.7194404187923427,1.332458114528634,-1.241134852491841,-1.0497424433345115,0.5244783306581059,4268,0.7302323370630908,0.3047972435727519,3.2357115630158693,2.205151249349735,-2.2176758271205066,-1.8782249742002155,0.5433458294283037,3954,1.2027377907430892,0.7280657510193134,4.245471456266126,3.025153363116506,-2.632854894366562,-2.2514816398851223,0.5872534142640364,2587,2.665580682798213,1.9768983147131047,6.336219745957669,4.881706097967342,-3.0906655721678598,-2.625,0.6872825666795516,0.6161825726141079,4.270428015564202,3.0758725341426403,6.073830691921144,0.014285832877123998,0.10258435440671693,0.21428571428571433,0.7500000000000002,7.0,0.907255528739612,1.5285947465902214
Stop Geometry,stop_geometry_quality,TOP_10_PCT,TOP_10_PCT,0,0,,,,,,,,0,,,,,,,,0,,,,,,,,0,,,,,,,,,,,,,,,,0.0,,
Stop Geometry,stop_geometry_quality,TOP_20_PCT,TOP_20_PCT,150,127,0.8498948231896964,0.9028987802946364,1.7792135393647937,1.604179282173401,-0.8095814628272996,-0.5685407454200986,0.8031496062992126,0,,,,,,,,0,,,,,,,,0,,,,,,,,,,,,,,,,0.0,,
Stop Geometry,stop_geometry_quality,DECILE,1,701,610,0.08106787238246284,0.11273155511711816,1.7855253848471837,1.4560820807379304,-1.2411210740457743,-1.0303769441950938,0.5295081967213114,533,0.3480549989470938,0.0,3.2158599205472522,2.438494148338721,-2.3841132441652904,-1.797838768289184,0.49530956848030017,485,0.8133266933069285,0.4814636494944624,4.08313897351605,3.024798610014212,-2.817694550213079,-2.201887331998842,0.5587628865979382,267,1.8392079677553979,0.6540092032319977,6.2122860273885285,4.828039224886216,-3.2790708488538005,-2.902155887230517,0.602996254681648,0.3258426966292135,4.3076923076923075,2.843298969072165,5.730337078651686,,,,,6.0,0.05531175943452648,1.4148120971656626
Stop Geometry,stop_geometry_quality,DECILE,2,487,421,0.17450778514386744,0.0464037122969829,1.611117550563096,1.3605442176870763,-1.0990598288753595,-0.9899683210137232,0.5083135391923991,368,0.8276294430558844,0.5080491844504653,3.012079414986953,2.284988892415085,-1.9946064137061281,-1.6838674633351425,0.6032608695652174,339,1.535166965566113,0.7209002461610492,4.2521497649175535,3.0255081162188,-2.3381791294847667,-1.9360116342483136,0.6224188790560472,206,2.325205774968122,1.5920265674139955,6.2850716920786605,4.6642652939001605,-2.6207262097895954,-2.613023641642476,0.6650485436893204,0.4214876033057851,3.984848484848485,3.2949852507374633,6.116504854368932,,,,,7.0,1.005639145804824,2.069048854692281
Stop Geometry,stop_geometry_quality,DECILE,3,558,494,0.31104415587532647,0.0829931318056309,2.024778990453244,1.3660143414570558,-1.043586842292239,-0.9259016283805988,0.5303643724696356,422,0.9796796044754951,0.4012401969724521,3.64919014776403,2.2508416247004503,-2.051070701163669,-1.8270528391985952,0.5402843601895735,392,1.6008985758482546,0.7123180945491026,4.715689482684427,3.2483302975106154,-2.506409577994532,-2.1816781519147517,0.5816326530612245,248,2.5496217580171288,1.2287721473369762,6.773544429981599,5.036996259343097,-3.045430894062947,-2.477171690682922,0.6733870967741935,0.5743243243243243,3.73,2.9591836734693877,5.254032258064516,,,,,7.0,0.9809374760684487,2.302688692525238
Stop Geometry,stop_geometry_quality,DECILE,4,585,500,0.16751404963327485,-0.0563131559630669,1.641984691486353,1.3336747520466985,-1.2269078161591158,-1.0426799467786574,0.486,425,0.896146504569709,0.7410965484114573,3.3699312751043293,2.2313413695819406,-2.096311490789031,-1.8421896898164536,0.5929411764705882,393,1.110777988201732,0.9193054136874546,4.1931783653245365,3.181066293421564,-2.567162923945706,-2.272306267366453,0.5928753180661578,274,1.8086738737889538,1.2542632166473888,5.926041146064916,4.269795878118532,-3.144662015857423,-2.6370309291516514,0.6532846715328468,0.5527950310559007,4.194444444444445,3.068702290076336,5.350364963503649,,,,,7.0,0.4486678382044275,1.7108178420768065
Stop Geometry,stop_geometry_quality,DECILE,5,580,484,0.5000759489657558,0.4302816285384092,1.8785604602892885,1.4457004591022726,-1.0674181488857388,-0.9359450280388648,0.5847107438016529,414,0.9673479129834673,0.7150828345410365,3.509257633525949,2.309946409243313,-2.0191730419955323,-1.5979365641578647,0.5797101449275363,384,1.0401767818228655,0.6067961165048485,4.398500932037344,3.2621828433346822,-2.4840053799398585,-2.045376806126548,0.5911458333333334,252,2.8701224405458627,2.1131610339828573,6.777393288998984,5.386772290433783,-2.7921567300438097,-2.074860412214785,0.7261904761904762,0.7323943661971831,4.046296296296297,2.984375,5.928571428571429,,,,,7.0,0.40171957665642416,1.8039289730783234
Stop Geometry,stop_geometry_quality,DECILE,6,345,307,0.15839502561806088,-0.1038675383393306,1.7144020377500537,1.333333333333342,-1.2646611522890099,-1.10086693270951,0.4755700325732899,246,1.0426471062611549,0.2073167648471763,3.5894124729102908,2.2616599935072035,-2.116906564601395,-1.9917731110629888,0.524390243902439,231,1.584723654621358,0.5259938837920641,4.725217575558957,3.190213480450965,-2.532537684828185,-2.199626478522509,0.5887445887445888,139,3.440687601096493,2.295937955924132,7.037242013066106,5.335191990875687,-3.4205654651754203,-3.0599565082323643,0.6690647482014388,0.6666666666666666,4.328767123287672,3.0606060606060606,5.913669064748201,,,,,5.0,1.2238256813043762,2.075240544994943
Stop Geometry,stop_geometry_quality,DECILE,7,44,42,0.5988300013002805,0.5397955667853616,1.708863192609678,1.7414376239163532,-0.8519083960333885,-0.5286935510419422,0.7619047619047619,0,,,,,,,,0,,,,,,,,0,,,,,,,,,,,,,,,,0.0,,
Stop Geometry,stop_geometry_quality,DECILE,8,2398,1999,0.1658777922828262,0.0387146728610288,1.6246772609964453,1.222556305667433,-1.3974806889930322,-1.2025554302893648,0.5047523761880941,1860,0.631876550245011,0.19817500689116585,3.0535006589749516,2.034179313863027,-2.3371570091461655,-2.029151186053157,0.5290322580645161,1730,1.1625162644416713,0.7386610647308722,4.096979175128688,2.8715374451345754,-2.72878717676299,-2.379201680672272,0.5872832369942197,1201,2.9944937888330228,2.343504246618422,6.202115989683926,4.881706097967342,-3.1508609239256153,-2.672147995888996,0.7144046627810158,0.7336683417085427,4.477611940298507,3.148554913294798,6.526228143213988,,,,,7.0,0.8017331074011391,1.5643545377714017
Stop Geometry,stop_geometry_quality,DECILE,9,150,127,0.8498948231896964,0.9028987802946364,1.7792135393647937,1.604179282173401,-0.8095814628272996,-0.5685407454200986,0.8031496062992126,0,,,,,,,,0,,,,,,,,0,,,,,,,,,,,,,,,,0.0,,
Liquidity,liquidity_quality,OVERALL,ALL,5848,4984,0.22385097493081108,0.09651385752231785,1.7194404187923427,1.332458114528634,-1.241134852491841,-1.0497424433345115,0.5244783306581059,4268,0.7302323370630908,0.3047972435727519,3.2357115630158693,2.205151249349735,-2.2176758271205066,-1.8782249742002155,0.5433458294283037,3954,1.2027377907430892,0.7280657510193134,4.245471456266126,3.025153363116506,-2.632854894366562,-2.2514816398851223,0.5872534142640364,2587,2.665580682798213,1.9768983147131047,6.336219745957669,4.881706097967342,-3.0906655721678598,-2.625,0.6872825666795516,0.6161825726141079,4.270428015564202,3.0758725341426403,6.073830691921144,0.020593744707005212,0.04224600573057355,,,7.0,0.907255528739612,1.5285947465902214
Liquidity,liquidity_quality,TOP_10_PCT,TOP_10_PCT,0,0,,,,,,,,0,,,,,,,,0,,,,,,,,0,,,,,,,,,,,,,,,,0.0,,
Liquidity,liquidity_quality,TOP_20_PCT,TOP_20_PCT,0,0,,,,,,,,0,,,,,,,,0,,,,,,,,0,,,,,,,,,,,,,,,,0.0,,
Liquidity,liquidity_quality,DECILE,1,278,227,0.3806607541933519,0.2159827213822795,1.8197019137367079,1.5031704280283886,-1.238747726285501,-1.111538831681269,0.5594713656387665,194,0.9014267967313287,0.5653883972468021,3.5782140052819797,2.6741199576975294,-2.180265201987128,-1.957397812320083,0.5567010309278351,168,0.4413202624966767,0.259433962264155,4.422217642427197,3.0141600557342274,-2.794110507590282,-2.0920502092050097,0.5952380952380952,107,1.7442110710666872,0.4906771344455496,5.677734087923256,3.852545701767629,-3.4094886005261316,-2.6272814601344896,0.5794392523364486,0.4647887323943662,3.1515151515151514,2.9166666666666665,5.626168224299065,,,,,7.0,-0.19976315275971865,1.7758277876366801
Liquidity,liquidity_quality,DECILE,6,5570,4757,0.21636814543898913,0.087432699829737,1.7146560254031538,1.3265950726468745,-1.2412487641270817,-1.0459739179369154,0.5228084927475299,4074,0.7220802199360319,0.29147485376327387,3.219401922907959,2.1803370337832417,-2.2194572854601913,-1.8781784743827137,0.5427098674521355,3786,1.2365249393815987,0.7491344317057114,4.2376285193207845,3.025153363116506,-2.625699336252039,-2.258685257978188,0.5868991019545695,2480,2.705333323304371,2.04297574475012,6.364630215880928,4.9065003057316865,-3.0769099011862733,-2.624275472849297,0.6919354838709677,0.624,4.307537688442211,3.082937136819863,6.093145161290322,,,,,7.0,0.9285919862990353,1.605815637552967
Stop Validity,stop_validity_quality,OVERALL,ALL,5848,4984,0.22385097493081108,0.09651385752231785,1.7194404187923427,1.332458114528634,-1.241134852491841,-1.0497424433345115,0.5244783306581059,4268,0.7302323370630908,0.3047972435727519,3.2357115630158693,2.205151249349735,-2.2176758271205066,-1.8782249742002155,0.5433458294283037,3954,1.2027377907430892,0.7280657510193134,4.245471456266126,3.025153363116506,-2.632854894366562,-2.2514816398851223,0.5872534142640364,2587,2.665580682798213,1.9768983147131047,6.336219745957669,4.881706097967342,-3.0906655721678598,-2.625,0.6872825666795516,0.6161825726141079,4.270428015564202,3.0758725341426403,6.073830691921144,0.0013710481728189015,0.0019213685860105622,,,7.0,0.907255528739612,1.5285947465902214
Stop Validity,stop_validity_quality,TOP_10_PCT,TOP_10_PCT,0,0,,,,,,,,0,,,,,,,,0,,,,,,,,0,,,,,,,,,,,,,,,,0.0,,
Stop Validity,stop_validity_quality,TOP_20_PCT,TOP_20_PCT,0,0,,,,,,,,0,,,,,,,,0,,,,,,,,0,,,,,,,,,,,,,,,,0.0,,
Stop Validity,stop_validity_quality,DECILE,6,5848,4984,0.22385097493081108,0.09651385752231785,1.7194404187923427,1.332458114528634,-1.241134852491841,-1.0497424433345115,0.5244783306581059,4268,0.7302323370630908,0.3047972435727519,3.2357115630158693,2.205151249349735,-2.2176758271205066,-1.8782249742002155,0.5433458294283037,3954,1.2027377907430892,0.7280657510193134,4.245471456266126,3.025153363116506,-2.632854894366562,-2.2514816398851223,0.5872534142640364,2587,2.665580682798213,1.9768983147131047,6.336219745957669,4.881706097967342,-3.0906655721678598,-2.625,0.6872825666795516,0.6161825726141079,4.270428015564202,3.0758725341426403,6.073830691921144,,,,,7.0,0.907255528739612,1.5285947465902214
Entry Quality,,COHORT,TS_GE_8_EQ_LT_5,256,210,-0.1216590090966359,-0.1549853624935537,1.7037661129544328,1.4550720639955994,-1.4775843448773494,-1.168171779050664,0.44761904761904764,197,-0.012723529917942799,-0.0871839581516931,2.786962773775826,2.163118543462117,-2.626308187511841,-2.072538860103623,0.4873096446700508,179,0.2643576794547652,-0.1256855575868298,3.7531565025244134,3.4545649608411333,-3.283109135197501,-2.422696844118588,0.49162011173184356,140,0.9467059492655965,-0.033329893115352505,5.213859162863379,4.498681269210958,-4.334628725885347,-3.4112062626707074,0.5,0.48863636363636365,4.48,2.877094972067039,5.078571428571428,,,,,7.0,-0.6973259199941692,1.2388787974199122
Entry Quality,,COHORT,TS_GE_8_EQ_5_TO_LT_7,253,214,-0.15547977016722608,-0.470202296336808,1.645942130137611,1.3326483715380144,-1.810056495861909,-1.5042117930204602,0.40186915887850466,189,-0.5326852064727315,-0.5743288366502064,2.4164964910094073,1.6759776536312776,-3.1870101295112603,-2.54716981132076,0.43915343915343913,178,0.006396760086458965,-0.1366867140513927,3.087287327162062,1.9068032513082973,-3.547469064394141,-2.910618792971731,0.48314606741573035,127,-0.48676129038499183,-0.7117038863515224,4.217495467810084,3.0404889228418552,-4.880866558386916,-4.942723801442506,0.36220472440944884,0.2835820895522388,4.44,2.842696629213483,5.21259842519685,,,,,6.0,-0.8635904780522704,0.769187056428439
Entry Quality,,COHORT,TS_GE_8_EQ_GE_7,481,433,-0.032624780670948476,-0.3386960203217493,1.5541080008675172,1.2838801711840375,-1.3904248904322127,-1.1241249326871428,0.44803695150115475,368,-0.2028566775943067,-0.2969281433892856,2.5014918168841493,1.7920513288590234,-2.6259566150438074,-2.35468429711731,0.4673913043478261,344,0.08886187609489632,-0.1640647287408092,3.2089317197036715,2.3622047244094446,-3.1115713015030124,-2.6869200626032264,0.4883720930232558,231,1.6633281987239827,1.5252820727120753,5.00959960278061,4.268027801911378,-3.70948866334374,-3.286852589641432,0.6147186147186147,0.42857142857142855,5.043478260869565,3.0,6.58008658008658,,,,,7.0,-0.9064868356496529,0.9490856706092943
Entry Quality,,COHORT,EQ_GE_7,2757,2394,0.1305363975724007,0.0413864459389401,1.576251929334557,1.2461576804851715,-1.2516963442509608,-1.0450661541515194,0.5087719298245614,2027,0.5801317199458095,0.1851470890763318,3.0077125439353716,2.062081025939944,-2.1765444772828193,-1.8992955909209568,0.5224469659595461,1864,1.054006095951241,0.6873871202522919,4.028082874325676,2.8496262711168785,-2.5938356708640664,-2.272417751318123,0.5724248927038627,1140,2.8269337768216944,2.141057934508805,6.306896536118838,5.004644901110167,-3.0328061338408396,-2.520746937788804,0.7008771929824561,0.5993788819875776,4.303571428571429,3.074570815450644,6.25,,,,,7.0,0.4738140456778319,1.8415032212381768
Entry Quality,,COHORT,EQ_GE_8,1100,938,0.04393761183810406,-0.1183444035086134,1.4945985053283266,1.1437203280103558,-1.3128650172543865,-1.1460931706330555,0.47547974413646055,782,0.4211465224173828,-0.1465948980500453,2.862653068312039,1.7826444774209693,-2.3175148091247166,-2.1304541571799565,0.4859335038363171,691,1.1593974169054257,0.570003562522281,4.0230308965671675,2.525802377738096,-2.6550328042595206,-2.483900643974246,0.5499276410998553,403,3.285987102853899,2.2466039707419005,6.439871781543992,4.83030913978495,-3.0801289084072825,-2.84913591779542,0.7270471464019851,0.6131687242798354,4.454545454545454,3.0101302460202604,6.4342431761786605,,,,,7.0,0.39726846794772486,2.2846370824077744
Entry Quality,,COHORT,EQ_GE_9,100,81,0.2883587920467306,-0.0213766566908857,1.5006982664886388,1.0813808401497482,-1.1622868821263783,-1.0142630744849446,0.49382716049382713,67,0.5977704573159709,-0.1798561151079125,2.5384637457170034,1.3315828957239262,-1.972043539054897,-2.051418675902484,0.44776119402985076,58,0.5172610540326796,0.4650130979346856,3.132765789134802,2.096639276638556,-2.476436693001569,-2.400422656655543,0.5172413793103449,37,2.935535424616164,1.9768983147131047,5.696891399111531,3.5221238938053068,-2.6437748582001546,-2.051418675902484,0.7297297297297297,0.7142857142857143,3.933333333333333,2.9482758620689653,6.8108108108108105,,,,,6.0,-1.0270750751841358,1.368492625121088
EQ_INTERNAL,,SLICE_STOP_DISTANCE_BUCKET,0.5_1.0,1633,1408,0.2624962664587666,0.1480541455160855,1.7149047562200708,1.3880661990628873,-1.0315946210129787,-0.9142987882681196,0.5355113636363636,1175,0.7720140333890289,0.6020514345176142,3.029894193189159,2.260964314900571,-1.927860790766249,-1.6431381624623986,0.5897872340425532,1074,1.282491843162507,1.0454002389486128,4.044992696439698,3.2258064516129004,-2.3989861826382364,-1.9328982834444508,0.6247672253258846,686,2.4387485353719134,1.7472510920319315,5.936725747120054,4.657124546037172,-2.960801420318705,-2.420688618252897,0.6807580174927114,0.49159663865546216,4.444055944055944,3.1396648044692737,5.927113702623907,,,,,,,
EQ_INTERNAL,,SLICE_STOP_DISTANCE_BUCKET,1.0_1.5,1056,862,0.04737738431121994,0.0,1.4689426700583423,1.2516469038208244,-1.3917781182120343,-1.173166161267425,0.4988399071925754,757,0.4826613606315894,0.1721349955662088,2.7740978661347984,1.9891745602165,-2.4260726281422147,-2.1167132147581924,0.5217965653896962,714,1.0184132603714455,0.6111356868499396,3.8138904063930616,2.859337532219397,-2.857534108126001,-2.473658029213588,0.5882352941176471,506,2.4938231816678376,2.04297574475012,5.515181157431438,4.455877639532502,-3.3853581944851925,-2.8535139712108304,0.6837944664031621,0.6209386281588448,4.8994708994708995,3.1596638655462184,6.466403162055336,,,,,,,
EQ_INTERNAL,,SLICE_STOP_DISTANCE_BUCKET,1.5_2.0,818,697,0.3573274050671756,0.1420959147424572,1.7513024827370394,1.2191727439737177,-1.3526499448946525,-1.146888688266967,0.5322812051649928,605,0.6369382262791857,0.2046873400880278,3.1889065486380135,1.9996552318565897,-2.325394589026982,-2.0212676175204614,0.5190082644628099,550,1.3074921752431083,1.0926999435694862,4.249754417522904,2.983205679463929,-2.5841572883597417,-2.227594890824541,0.62,386,3.314232235102767,2.585051124189608,6.661722719336698,5.116580310880825,-2.957584147778796,-2.3000100877635488,0.7409326424870466,0.7909604519774012,4.346666666666667,3.149090909090909,6.808290155440415,,,,,,,
EQ_INTERNAL,,SLICE_STOP_DISTANCE_BUCKET,2.0_2.5,674,567,0.26389742982428227,0.1698350956007344,1.7403942719104328,1.3136079581685944,-1.3295784719326136,-1.1507889429351217,0.54673721340388,498,0.8525463987122487,0.2746070944979029,3.313716223099134,2.14791189076049,-2.216287813547966,-2.001326846528084,0.5522088353413654,466,1.2122003716634546,0.3407184994592693,4.350410500365637,2.7027027027026973,-2.7022230772535423,-2.3030896728859442,0.5472103004291845,309,3.4149477919574953,2.5954579485899743,6.752863004162204,5.376579735554099,-3.008301754636058,-2.730715567071962,0.7313915857605178,0.8811188811188811,4.015384615384615,3.130901287553648,6.271844660194175,,,,,,,
EQ_INTERNAL,,SLICE_STOP_DISTANCE_BUCKET,2.5_4.0,852,732,0.3053524139878624,0.046754850814056906,1.9669182687063809,1.446069762656954,-1.3115786771199232,-1.1656318121548492,0.505464480874317,632,1.3206004683464978,0.4628021271891991,4.286816005102173,2.353278569639128,-2.2848480226349013,-2.104398986920547,0.5458860759493671,602,1.4871635912061871,0.43485034597053884,5.259147589731579,3.1193628950057284,-2.659042026891208,-2.409353740980835,0.553156146179402,404,2.904973626723557,1.5802041433890524,7.527123516179212,5.412054120541199,-2.991553438850481,-2.6152614131488727,0.7054455445544554,0.9390243902439024,3.311688311688312,2.8803986710963456,5.193069306930693,,,,,,,
EQ_INTERNAL,,SLICE_STOP_DISTANCE_BUCKET,GT_4.0,119,101,0.1618510806378253,-0.1049174345406411,1.873947176807892,1.429459291485391,-1.7094575423264349,-1.0126813246966515,0.48514851485148514,83,-0.21383146254474647,-1.5875226291602873,3.544737790315387,2.4145736768351966,-3.364614243944939,-3.2852869186837053,0.3253012048192771,76,0.28403674117141275,-1.200859210112143,4.3559281726611,2.5075845034499444,-3.6033560645789637,-3.4245936201206693,0.42105263157894735,42,1.2654875461055932,0.950353084374056,7.219610188794077,5.751528094852354,-4.040265876688019,-3.427015503909825,0.6428571428571429,1.0,2.2666666666666666,2.223684210526316,5.380952380952381,,,,,,,
EQ_INTERNAL,,SLICE_STOP_DISTANCE_BUCKET,LT_0.5,696,617,0.10808304761624378,0.1147959183673386,1.7056115862581607,1.3605442176870763,-1.14136034348488,-1.043478260869568,0.5348460291734197,518,0.41960088280631247,0.2216042517273475,3.024901730579744,2.2714385482151322,-2.180318593504681,-1.6519929085195009,0.5212355212355212,472,0.9538486722932177,0.7151240208541632,3.9352555487007232,2.949305758787768,-2.623722278125931,-1.9937562083156,0.5720338983050848,254,1.5737357031993353,0.4848805801691558,6.008991292094437,4.8200885126034265,-3.1573989571199483,-2.6744893737442323,0.5551181102362205,0.25773195876288657,4.5673076923076925,3.0508474576271185,5.846456692913386,,,,,,,
EQ_INTERNAL,,SLICE_REWARD_RISK_BUCKET,1_TO_2,1927,1601,0.10319037984447679,0.0311696407698791,1.5150736769355746,1.2870325400679894,-1.2780098609072716,-1.0307259150446724,0.504684572142411,1385,0.5511803806687527,0.3839590443686091,2.818053138236601,2.133604267208544,-2.2603270226830734,-1.8622848200312905,0.5494584837545127,1293,1.0418448127485616,0.7794232268121482,3.865248375941007,3.044634939402901,-2.7266123257068573,-2.243088158581119,0.5962877030162413,889,2.499399356272699,1.8929780033840824,5.640059200262981,4.543515358361772,-3.299467465162418,-2.720826267920473,0.6816647919010124,0.5732838589981447,4.913544668587896,3.1322505800464038,6.3329583802024745,,,,,,,
EQ_INTERNAL,,SLICE_REWARD_RISK_BUCKET,2_TO_3,762,669,0.3665564279808785,0.2044989775051187,1.8762055628913241,1.4146260754467344,-0.9059853168497838,-0.8713910761154797,0.5620328849028401,547,0.930724519202924,0.4870129870129913,3.2122745250523064,2.4080560420315367,-1.7755401869066576,-1.6309887869520925,0.5978062157221207,495,1.530177706217888,1.2731044888721232,4.181159103129614,3.2909104601250183,-2.204607628720128,-1.9207440355843208,0.6464646464646465,303,2.352772268853562,1.708337656050074,6.103177884986384,4.769805060141019,-2.676153281249996,-2.338435374149661,0.6831683168316832,0.4532710280373832,3.84375,3.187878787878788,5.636963696369637,,,,,,,
EQ_INTERNAL,,SLICE_REWARD_RISK_BUCKET,3_TO_4,443,394,-0.0012893732911855404,0.0726216412491043,1.6536026946839195,1.423741022696401,-1.1752883488736545,-0.9996858486001625,0.5152284263959391,333,0.22902955790699495,0.0993432308626252,2.7822406938949795,2.266458808010552,-2.31140009729797,-1.766138855054833,0.5195195195195195,305,0.85598169396684,0.7864238410596025,3.7517470825138473,2.897884084636626,-2.785462009078453,-2.1302264961781003,0.5770491803278689,165,1.1094918454347813,0.285632676378178,5.444307269162274,4.0473610896146095,-3.553984048924004,-2.9820051413881665,0.5212121212121212,0.23015873015873015,4.830508474576271,3.091803278688525,5.715151515151515,,,,,,,
EQ_INTERNAL,,SLICE_REWARD_RISK_BUCKET,GE_4,253,223,0.3013240065289215,0.2108116247553138,1.7975017354969542,1.3298820175191794,-1.0814157958473138,-1.1240236235473433,0.5695067264573991,185,0.7626292676250837,0.2671826054910564,3.4616915966123187,2.3617967940513296,-1.9443718866767608,-1.5301243226012118,0.5243243243243243,167,1.1325877644461828,0.4036681146066367,4.2704057414372345,3.2941996354669323,-2.3283293563264156,-1.7795856107792107,0.562874251497006,89,2.4344125181560927,1.28350934199839,7.055877402024848,6.009967751392553,-2.422156932988832,-1.916300921060776,0.6179775280898876,0.3088235294117647,4.222222222222222,2.9760479041916166,6.089887640449438,,,,,,,
EQ_INTERNAL,,SLICE_REWARD_RISK_BUCKET,LT_1,2463,2097,0.30450737731317357,0.0990262419541032,1.8295251407685262,1.3489662128088886,-1.3492602806886593,-1.1507889429351217,0.5245588936576061,1818,0.8948224521789768,0.2191952403319375,3.621012152282793,2.226302501721356,-2.3288569802315173,-2.0805229045441354,0.5286028602860287,1694,1.2992121273990742,0.5567584934820902,4.640917126888216,2.9344035791828205,-2.6889733315788176,-2.396961036408024,0.5672963400236127,1141,3.121185217000251,2.2087244616234347,7.013357726920105,5.371700048588246,-3.0232002448217776,-2.6131545212503604,0.7221735319894829,0.8717434869739479,3.826280623608018,3.0070838252656436,6.038562664329535,,,,,,,
EQ_INTERNAL,,SLICE_TARGET_SOURCE,ATR_TARGET,5848,4984,0.22385097493081108,0.09651385752231785,1.7194404187923427,1.332458114528634,-1.241134852491841,-1.0497424433345115,0.5244783306581059,4268,0.7302323370630908,0.3047972435727519,3.2357115630158693,2.205151249349735,-2.2176758271205066,-1.8782249742002155,0.5433458294283037,3954,1.2027377907430892,0.7280657510193134,4.245471456266126,3.025153363116506,-2.632854894366562,-2.2514816398851223,0.5872534142640364,2587,2.665580682798213,1.9768983147131047,6.336219745957669,4.881706097967342,-3.0906655721678598,-2.625,0.6872825666795516,0.6161825726141079,4.270428015564202,3.0758725341426403,6.073830691921144,,,,,,,
EQ_INTERNAL,,SLICE_TRIGGER_STATE,approaching,528,451,0.13084779330660068,0.1622740753175477,1.3982995888266856,1.222556305667433,-1.2084327967190398,-0.9307558555794126,0.5565410199556541,370,0.6260976781910599,0.8181054605294502,2.6787638245828207,2.3103712860266024,-1.9955489170210625,-1.371689845684887,0.6189189189189189,348,1.1411741169222924,1.621316237559034,3.76767333512545,3.111730924351319,-2.3270893613935453,-1.5327065242703553,0.6494252873563219,223,2.5397386969930715,1.9996537396121727,5.997352201955001,5.116580310880825,-2.9954263399885876,-2.06119847003825,0.7757847533632287,0.628099173553719,4.7176470588235295,3.3045977011494254,6.071748878923767,,,,,,,
EQ_INTERNAL,,SLICE_TRIGGER_STATE,at_trigger,126,98,0.1303942089684562,-0.00955584435440855,1.3599432987857425,1.433628318584068,-1.0381947505266858,-0.8624844783364116,0.4897959183673469,73,-0.32733665640105314,-0.1074755194649945,2.168956607061519,2.038816491890061,-2.5154351590373634,-2.528752763494546,0.4246575342465753,72,-1.1201165105228639,-0.9364820846905708,2.877290783739886,2.246928028086592,-3.405725774522408,-3.111936832326989,0.3611111111111111,46,1.076315470744923,1.5252820727120753,4.2737171932742255,3.5221238938053068,-4.329916132605158,-3.8166749615094755,0.6739130434782609,0.4444444444444444,3.357142857142857,2.6944444444444446,5.326086956521739,,,,,,,
EQ_INTERNAL,,SLICE_TRIGGER_STATE,beyond_trigger,1850,1608,0.26461618294680594,0.0830871491875884,1.8644081309172151,1.4104338337322164,-1.292978042635548,-1.1506148700520025,0.5155472636815921,1405,0.8283333512376786,0.2271380604384587,3.496316459502467,2.292579090308533,-2.329980658239165,-2.095557418273264,0.5245551601423487,1294,1.2884603466612603,0.4458431681090946,4.5469521698196615,3.190213480450965,-2.7521729091711964,-2.418829789912402,0.5571870170015456,815,3.1576703522179583,2.619327910958913,6.848810218593055,5.461010922021869,-3.0509788707208783,-2.769489710045137,0.698159509202454,0.6638830897703549,4.030470914127424,2.989180834621329,6.094478527607362,,,,,,,
EQ_INTERNAL,,SLICE_TRIGGER_STATE,extended_beyond_trigger,866,759,0.015515984514984517,-0.1389403482771278,1.5995076961929613,1.2533333333333283,-1.5648243880132566,-1.3470908569790718,0.461133069828722,692,0.20526187401021423,0.0580460796570703,3.010705252806536,2.11014533420687,-2.671043169154425,-2.1496771344997057,0.5101156069364162,670,0.6138368500588804,0.16722244631834915,3.9123391079610204,2.8248784980205777,-3.077870573351006,-2.4820091055955285,0.5343283582089552,455,1.4274069552675908,0.9355587156649968,5.785186478487578,4.430697207824763,-3.698565365951953,-3.187819674081116,0.5956043956043956,0.5256410256410257,4.4605263157894735,2.9985074626865673,5.578021978021978,,,,,,,
EQ_INTERNAL,,SLICE_TRIGGER_STATE,freshly_triggered,894,708,0.4621657961571457,0.21664114272863516,1.9570928761436592,1.5004815590234366,-1.1597480877876944,-0.9548748614411906,0.5748587570621468,558,1.3952954340109152,0.6574523720582759,3.7832944025101907,2.2616599935072035,-2.039625660934677,-1.7212508275244454,0.6021505376344086,503,2.143772078735419,1.2696078431372548,5.047221004013761,3.1441942088329844,-2.412041838754815,-2.130681818181812,0.6819085487077535,333,5.063509859625387,3.2723611344185333,8.104347204843783,6.89424364123159,-2.676270158461737,-2.3039088791095064,0.8438438438438438,0.7210526315789474,4.195121951219512,3.3101391650099403,7.069069069069069,,,,,,,
EQ_INTERNAL,,SLICE_TRIGGER_STATE,invalidated,513,465,0.17774824080279433,0.0241080038573038,1.6043612574280424,1.2277624655474773,-1.0463082177620053,-0.9727626459143934,0.5032258064516129,423,0.6433977812096037,0.2342704149933094,2.9779447028475294,2.027551416375628,-1.9667319744972682,-1.6079965232507654,0.5366430260047281,383,1.362929416309062,0.8701472556894352,3.9205837950111198,2.9127829560585905,-2.402599661540018,-2.042270244597477,0.6370757180156658,304,1.9680098774366481,1.5277633520097256,5.062371340607625,3.7991251103286827,-2.8496881809142574,-2.5175360285677906,0.6743421052631579,0.5921052631578947,4.372549019607843,2.989556135770235,5.875,,,,,,,
EQ_INTERNAL,,SLICE_TRIGGER_STATE,near,469,399,0.2615711351874862,0.1216545012165504,1.5785741630482228,1.3084565059365172,-0.975545746431523,-0.9347069659548346,0.5388471177944862,328,0.544989116561312,0.29147485376327387,2.7143328383380068,2.1206646328821632,-1.904676336458495,-1.8046413776831471,0.5670731707317073,308,1.0383587364066773,0.7123180945491026,3.5847789289120855,2.857688999330988,-2.2085476270974387,-1.9437390115256803,0.6006493506493507,169,1.818212170384804,1.7513134851138368,5.583116697343564,4.37547217325609,-2.7426371382906454,-2.5737448720453138,0.6153846153846154,0.5934065934065934,4.6,3.1266233766233764,6.272189349112426,,,,,,,
EQ_INTERNAL,,SLICE_TRIGGER_STATE,not_applicable,403,341,0.21794502366643578,0.1558379285542921,1.8128358117759806,1.2941897690893045,-1.197235342405706,-0.9307320565598688,0.5454545454545454,304,0.9001023779690807,0.0954328561690642,3.5450735526892307,2.314050940040957,-2.0480123733939912,-1.5828705531321041,0.5230263157894737,276,1.1274662071679467,0.6307390567888094,4.29116136718785,2.9947319857516863,-2.3908398256455747,-2.021532470105969,0.5978260869565217,171,1.2740522323348094,0.285632676378178,5.904767888772975,4.0473610896146095,-3.085371907725177,-2.4920466595970248,0.5263157894736842,0.4485981308411215,3.7096774193548385,3.068840579710145,5.578947368421052,,,,,,,
EQ_INTERNAL,,SLICE_TRIGGER_STATE,too_far_below,199,155,0.11645397230335167,0.2356780275561965,1.3813614813435937,1.210378494048414,-1.078222276695922,-0.9976525821596248,0.6064516129032258,115,0.8687113695946626,0.046067027525054,2.835264574781933,2.075926138318618,-1.7713697606770393,-1.6147635524798254,0.5304347826086957,100,1.292921565058462,0.5111412826451556,4.344473649858582,3.149339654588545,-2.582266938944299,-1.8782249742002155,0.54,71,3.485195902684296,2.3905354311501537,6.377313202982883,4.810267857142869,-2.963283884190001,-2.464819765563031,0.7605633802816901,0.7333333333333333,5.818181818181818,3.21,6.408450704225352,,,,,,,
EQ_INTERNAL,,SLICE_TRIGGER_DISTANCE_BUCKET,0.25_TO_1,469,399,0.2615711351874862,0.1216545012165504,1.5785741630482228,1.3084565059365172,-0.975545746431523,-0.9347069659548346,0.5388471177944862,328,0.544989116561312,0.29147485376327387,2.7143328383380068,2.1206646328821632,-1.904676336458495,-1.8046413776831471,0.5670731707317073,308,1.0383587364066773,0.7123180945491026,3.5847789289120855,2.857688999330988,-2.2085476270974387,-1.9437390115256803,0.6006493506493507,169,1.818212170384804,1.7513134851138368,5.583116697343564,4.37547217325609,-2.7426371382906454,-2.5737448720453138,0.6153846153846154,0.5934065934065934,4.6,3.1266233766233764,6.272189349112426,,,,,,,
EQ_INTERNAL,,SLICE_TRIGGER_DISTANCE_BUCKET,0_TO_0.25,122,94,0.19620582311575196,0.1758499413833547,1.423576415845688,1.504269595462071,-0.9794503247066413,-0.7165612293153156,0.5106382978723404,69,-0.25533220256309214,-0.095727090766684,2.2112021745036192,2.038816491890061,-2.4772961699875857,-2.4984227129337566,0.4492753623188406,68,-0.9909098602529629,-0.5812653699977632,2.8571108021918508,2.246928028086592,-3.310866347255473,-2.836590662323568,0.38235294117647056,44,1.1613226154503122,1.5252820727120753,4.2033631614379035,3.363585606208652,-4.316788892279306,-3.742059002697762,0.7045454545454546,0.48,3.0833333333333335,2.676470588235294,5.340909090909091,,,,,,,
EQ_INTERNAL,,SLICE_TRIGGER_DISTANCE_BUCKET,1_TO_2,528,451,0.13084779330660068,0.1622740753175477,1.3982995888266856,1.222556305667433,-1.2084327967190398,-0.9307558555794126,0.5565410199556541,370,0.6260976781910599,0.8181054605294502,2.6787638245828207,2.3103712860266024,-1.9955489170210625,-1.371689845684887,0.6189189189189189,348,1.1411741169222924,1.621316237559034,3.76767333512545,3.111730924351319,-2.3270893613935453,-1.5327065242703553,0.6494252873563219,223,2.5397386969930715,1.9996537396121727,5.997352201955001,5.116580310880825,-2.9954263399885876,-2.06119847003825,0.7757847533632287,0.628099173553719,4.7176470588235295,3.3045977011494254,6.071748878923767,,,,,,,
EQ_INTERNAL,,SLICE_TRIGGER_DISTANCE_BUCKET,GT_2,199,155,0.11645397230335167,0.2356780275561965,1.3813614813435937,1.210378494048414,-1.078222276695922,-0.9976525821596248,0.6064516129032258,115,0.8687113695946626,0.046067027525054,2.835264574781933,2.075926138318618,-1.7713697606770393,-1.6147635524798254,0.5304347826086957,100,1.292921565058462,0.5111412826451556,4.344473649858582,3.149339654588545,-2.582266938944299,-1.8782249742002155,0.54,71,3.485195902684296,2.3905354311501537,6.377313202982883,4.810267857142869,-2.963283884190001,-2.464819765563031,0.7605633802816901,0.7333333333333333,5.818181818181818,3.21,6.408450704225352,,,,,,,
EQ_INTERNAL,,SLICE_TRIGGER_DISTANCE_BUCKET,LT_NEG_1.5,866,759,0.015515984514984517,-0.1389403482771278,1.5995076961929613,1.2533333333333283,-1.5648243880132566,-1.3470908569790718,0.461133069828722,692,0.20526187401021423,0.0580460796570703,3.010705252806536,2.11014533420687,-2.671043169154425,-2.1496771344997057,0.5101156069364162,670,0.6138368500588804,0.16722244631834915,3.9123391079610204,2.8248784980205777,-3.077870573351006,-2.4820091055955285,0.5343283582089552,455,1.4274069552675908,0.9355587156649968,5.785186478487578,4.430697207824763,-3.698565365951953,-3.187819674081116,0.5956043956043956,0.5256410256410257,4.4605263157894735,2.9985074626865673,5.578021978021978,,,,,,,
EQ_INTERNAL,,SLICE_TRIGGER_DISTANCE_BUCKET,MISSING,916,806,0.19475457201433496,0.0839895013123426,1.6925620304214009,1.236352357320103,-1.1101620012651094,-0.9651600753295742,0.5210918114143921,727,0.7507405561956847,0.1741871267418648,3.215093492877622,2.1059782608695565,-2.000719926718181,-1.5941743751230142,0.530949105914718,659,1.264313565439642,0.7491541807636448,4.075787755437186,2.9127829560585905,-2.3976744495417384,-2.027089284068928,0.6206373292867982,475,1.7181851251999862,1.0280079723067326,5.365634097947152,3.96326727887868,-2.9345343225661886,-2.5175360285677906,0.6210526315789474,0.5328185328185329,4.121951219512195,3.0227617602427923,5.768421052631579,,,,,,,
EQ_INTERNAL,,SLICE_TRIGGER_DISTANCE_BUCKET,NEG_0.5_TO_0,898,712,0.45161329885574036,0.21629014155628562,1.9453371018275545,1.4964788732394263,-1.1668207881782005,-0.9641889142843474,0.5716292134831461,562,1.3741943029139985,0.6530459930963683,3.766617720418911,2.261246090930946,-2.0476947503240814,-1.7388113428382035,0.597864768683274,507,2.100691986870751,1.2694592181373698,5.032807824258674,3.1441942088329844,-2.432604317644799,-2.163805436337629,0.6765285996055227,335,5.028540596506588,3.246146660439053,8.090718301493512,6.833702029431565,-2.6878668465889737,-2.3045639403524665,0.8388059701492537,0.7135416666666666,4.204819277108434,3.3076923076923075,7.056716417910447,,,,,,,
EQ_INTERNAL,,SLICE_TRIGGER_DISTANCE_BUCKET,NEG_1.5_TO_NEG_0.5,1850,1608,0.26461618294680594,0.0830871491875884,1.8644081309172151,1.4104338337322164,-1.292978042635548,-1.1506148700520025,0.5155472636815921,1405,0.8283333512376786,0.2271380604384587,3.496316459502467,2.292579090308533,-2.329980658239165,-2.095557418273264,0.5245551601423487,1294,1.2884603466612603,0.4458431681090946,4.5469521698196615,3.190213480450965,-2.7521729091711964,-2.418829789912402,0.5571870170015456,815,3.1576703522179583,2.619327910958913,6.848810218593055,5.461010922021869,-3.0509788707208783,-2.769489710045137,0.698159509202454,0.6638830897703549,4.030470914127424,2.989180834621329,6.094478527607362,,,,,,,
