score,quantile,N,N_5d,N_10d,mean_return_5d,median_return_5d,std_return_5d,mean_return_10d,median_return_10d,std_return_10d,mean_MFE_5d,median_MFE_5d,mean_MAE_5d,median_MAE_5d,mean_MFE_10d,median_MFE_10d,mean_MAE_10d,median_MAE_10d,positive_5d_rate,positive_10d_rate,target_hit_5d_rate,stop_hit_5d_rate,target_hit_10d_rate,stop_hit_10d_rate,MFE_MAE_ratio_5d,evidence_strength
v4,1,576,369,266,2.2473378834688345,1.693285,5.388796444698436,3.4633714135338343,2.619328,5.761623524727759,5.568224680216801,4.343761,-2.7560993170731707,-2.060941,7.719346733082706,5.751528,-2.978855251879699,-2.32391,0.6368563685636857,0.7556390977443609,0.445993031358885,0.18118466898954705,0.5951219512195122,0.17560975609756097,2.020328021462578,USEFUL_BUT_NOISY
v4,2,585,415,295,1.8158033759036145,1.36713,4.668874471581879,2.9852017220338984,2.463081,4.927931008107485,4.875828677108433,3.477933,-2.361222539759036,-2.198629,6.974225274576271,5.810928,-2.792330020338983,-2.552903,0.655421686746988,0.7220338983050848,0.39009287925696595,0.2043343653250774,0.6545454545454545,0.2545454545454545,2.0649593992127544,USEFUL_BUT_NOISY
v4,3,585,402,286,1.3697066592039802,0.645457,4.461543004688431,2.5799993916083914,1.7822399999999998,5.36876534425665,4.367508047263682,3.1810074999999998,-2.6359770248756225,-2.179327,6.30792956993007,4.810268,-3.2452993811188806,-2.550357,0.5920398009950248,0.6503496503496503,0.32894736842105265,0.27631578947368424,0.5518867924528302,0.330188679245283,1.656883958413773,USEFUL_BUT_NOISY
v4,4,585,403,256,1.1449455558312653,0.453074,4.015285710131474,3.16945212890625,2.241,5.379560168453562,4.345176399503722,3.014607,-2.5266456178660053,-2.265501,7.01471340234375,5.244519,-2.8573972421874996,-2.338435,0.5707196029776674,0.73046875,0.3104575163398693,0.24836601307189543,0.5572916666666666,0.2760416666666667,1.719741133769935,USEFUL_BUT_NOISY
v4,5,590,426,285,1.1617573098591547,0.43668799999999997,4.393976490769726,2.5015125263157896,1.708338,4.5410814307375365,4.2886728661971825,2.8318149999999997,-2.6247606572769953,-2.149677,6.066613245614035,4.642166,-2.939406568421053,-2.469401,0.5633802816901409,0.6771929824561403,0.3238993710691824,0.2830188679245283,0.5467289719626168,0.35046728971962615,1.633929118187248,USEFUL_BUT_NOISY
v4,6,581,385,232,1.241019174025974,0.570004,4.4416196774993315,2.373022288793104,1.598209,5.232644999277612,4.2681241454545455,3.012563,-2.5203254285714287,-2.07486,6.046675474137931,4.26631,-3.097408646551724,-2.76259,0.6207792207792208,0.6594827586206896,0.2408026755852843,0.27424749163879597,0.4076086956521739,0.33695652173913043,1.6934813643783313,USEFUL_BUT_NOISY
v4,7,583,386,260,0.910598005181347,0.124843,4.358345034707045,2.495259565384615,0.940573,5.713784956050732,3.79748174611399,2.502312,-2.660141378238342,-2.385278,6.068192734615385,4.434303,-3.0658190999999997,-2.894673,0.5284974093264249,0.6384615384615384,0.26545454545454544,0.3236363636363636,0.4772727272727273,0.4318181818181818,1.4275488427719745,USEFUL_BUT_NOISY
v4,8,587,404,259,0.7948915816831684,0.5175305,3.936714393560006,1.8172246293436292,1.248436,4.814883358425589,3.7735488564356436,2.8745570000000003,-2.660134495049505,-2.422697,5.5363009073359075,4.225234,-3.333824061776062,-2.669485,0.599009900990099,0.6525096525096525,0.3143939393939394,0.2878787878787879,0.52,0.36,1.4185556645568846,USEFUL_BUT_NOISY
v4,9,583,396,234,0.9175582828282828,1.0220544999999999,3.9575899432588524,2.1982611623931625,1.560367,4.667592090580667,3.6156299722222225,2.764384,-2.698804313131313,-2.2794404999999998,5.363925431623931,4.138275,-3.282097739316239,-2.517536,0.5959595959595959,0.6282051282051282,0.2916666666666667,0.2881944444444444,0.5,0.30864197530864196,1.3397155009090504,USEFUL_BUT_NOISY
v4,10,593,368,214,0.4132687527173913,0.018993,4.320467575187181,3.025291144859813,2.502481,4.652412535073791,3.5578055190217386,2.466317,-2.9260613586956525,-2.46482,5.993547831775701,5.044288,-3.4339986962616824,-2.853514,0.5054347826086957,0.7616822429906542,0.2901960784313726,0.3686274509803922,0.6428571428571429,0.42142857142857143,1.2159025676097572,USEFUL_BUT_NOISY
TS,1,576,371,232,2.505982385444744,2.244898,4.6669633946502485,4.601919219827586,3.720355,4.791811203257765,5.270459525606468,4.105477,-2.1207385094339624,-1.852679,8.04954840086207,7.592841,-2.1572915387931033,-1.865972,0.6765498652291105,0.8706896551724138,0.45051194539249145,0.1945392491467577,0.7821229050279329,0.16201117318435754,2.4852000858008587,USEFUL_BUT_NOISY
TS,2,585,399,291,2.2516432155388473,1.735546,5.037270215366455,3.7516555257731956,2.382486,5.334989011159951,5.592026711779448,4.322419,-2.2389011729323305,-1.775667,7.684078896907217,5.880024,-2.4381932405498286,-2.01048,0.6842105263157895,0.8178694158075601,0.42391304347826086,0.2246376811594203,0.634020618556701,0.24742268041237114,2.4976657207497315,USEFUL_BUT_NOISY
TS,3,585,392,257,1.604408168367347,0.9489295,4.431741075840131,2.773550766536965,2.086342,4.97246050871114,4.374553966836735,3.0344575000000003,-2.1584506224489792,-1.824062,6.34663512840467,4.543515,-2.395209167315175,-1.973285,0.6198979591836735,0.6926070038910506,0.2899022801302932,0.20195439739413681,0.4896907216494845,0.25257731958762886,2.0267102343408547,USEFUL_BUT_NOISY
TS,4,585,378,266,1.170155619047619,0.7326889999999999,4.333721455991384,3.01014607518797,2.2476085,5.231665669473974,4.115349518518518,2.8452279999999996,-2.4017600026455024,-2.251482,6.209994278195489,5.1563015,-3.021410522556391,-2.623551,0.6031746031746031,0.7556390977443609,0.2872727272727273,0.2,0.5526315789473685,0.25263157894736843,1.7134724177209724,USEFUL_BUT_NOISY
TS,5,590,408,220,1.4904974779411766,0.642724,4.767349233817559,4.234811163636364,3.122649,5.992228235511437,4.501261046568627,3.055686,-2.698668786764706,-2.420689,7.854768036363636,6.4877675,-2.6912103363636364,-2.2856115,0.5759803921568627,0.7772727272727272,0.3519736842105263,0.26973684210526316,0.6181818181818182,0.26666666666666666,1.6679560932577262,USEFUL_BUT_NOISY
TS,6,581,387,231,1.0860256589147286,0.445843,4.128768556315164,2.896455199134199,2.439391,4.703875245158843,4.112343839793281,2.934404,-2.5625174263565893,-2.39835,6.484263774891775,5.014327,-2.8409233376623373,-2.972546,0.5736434108527132,0.6926406926406926,0.3169811320754717,0.26037735849056604,0.5542168674698795,0.23493975903614459,1.6048061946803027,USEFUL_BUT_NOISY
TS,7,583,380,247,0.6950675157894737,0.403668,3.8466909218833107,1.9894533400809715,1.973887,4.5280720861560715,3.697269863157895,2.5669674999999996,-2.6927418710526316,-2.32297,5.5510664210526315,4.323635,-3.4700145506072877,-3.243174,0.5421052631578948,0.659919028340081,0.2920962199312715,0.28865979381443296,0.5494505494505495,0.34615384615384615,1.3730502366023591,USEFUL_BUT_NOISY
TS,8,587,407,263,0.6370906707616707,0.389718,4.228122911228384,1.846076524714829,0.739572,5.013751300342174,3.805227297297298,2.72197,-3.0239152014742015,-2.46482,5.615835216730037,3.971572,-3.6264715741444866,-2.943723,0.5601965601965602,0.5551330798479087,0.31186440677966104,0.3389830508474576,0.4838709677419355,0.3924731182795699,1.2583776474426913,USEFUL_BUT_NOISY
TS,9,583,404,279,0.577658495049505,0.2694305,4.146622649304065,1.5128009032258065,0.896574,4.716378792330921,3.6596863514851488,2.857689,-3.070459915841584,-2.426586,5.131627856630824,4.193139,-3.585461390681004,-2.945351,0.551980198019802,0.5806451612903226,0.25752508361204013,0.35785953177257523,0.475,0.465,1.1919016863250804,USEFUL_BUT_NOISY
TS,10,593,428,301,0.16598784112149534,-0.0085105,4.026939443818518,0.7417096976744185,0.372051,4.802481798462692,3.433207544392523,2.563029,-3.24537963317757,-2.733661,4.981988235880399,4.144504,-4.341405654485049,-3.72577,0.4976635514018692,0.521594684385382,0.24203821656050956,0.3630573248407643,0.38392857142857145,0.5089285714285714,1.0578754822070073,USEFUL_BUT_NOISY
SQ,1,576,398,257,1.2238533567839196,0.8096505,4.5183110397518975,1.6160108949416343,0.399907,5.39701031948918,4.340871771356784,3.2752274999999997,-2.4240474145728643,-1.866904,5.873470859922179,4.094488,-3.007008941634241,-2.312261,0.6306532663316583,0.5486381322957199,0.30201342281879195,0.38926174496644295,0.4587628865979381,0.4639175257731959,1.7907536565746913,USEFUL_BUT_NOISY
SQ,2,585,423,313,1.620742742316785,0.788229,4.70682948124118,2.869328811501597,2.371659,5.199622088466863,4.917764047281324,3.779841,-2.724200330969267,-2.179422,6.82588463258786,5.552037,-3.2108345079872205,-2.788403,0.6217494089834515,0.7252396166134185,0.40797546012269936,0.3374233128834356,0.5899581589958159,0.3514644351464435,1.8052138058186014,USEFUL_BUT_NOISY
SQ,3,585,412,310,1.4990148131067962,1.052934,4.592217609866029,2.1678269193548387,1.451034,4.958343851746038,4.5266700946601945,3.3717335,-2.761976033980583,-2.116713,6.003546512903225,4.430697,-3.243346193548387,-2.8020535,0.6116504854368932,0.6258064516129033,0.36451612903225805,0.2709677419354839,0.5818965517241379,0.33189655172413796,1.6389244652989692,USEFUL_BUT_NOISY
SQ,4,585,403,273,1.0311848957816379,0.664962,4.481524434426351,2.4131861904761904,2.085264,4.77893110948668,4.06966212158809,3.044635,-2.7360134292803973,-2.304564,6.051736615384615,4.770459,-3.258527871794872,-2.657602,0.5707196029776674,0.7032967032967034,0.30094043887147337,0.29153605015673983,0.5231481481481481,0.3287037037037037,1.487442304937245,USEFUL_BUT_NOISY
SQ,5,590,379,243,1.7662124089709763,0.747709,5.355271517653679,3.593997596707819,2.619328,5.746703284152579,4.864843817941953,2.996167,-2.5667154617414245,-2.469401,7.351989172839507,5.549723,-2.666042144032922,-2.339472,0.5804749340369393,0.720164609053498,0.35424354243542433,0.3247232472324723,0.5930232558139535,0.3313953488372093,1.8953576625284871,USEFUL_BUT_NOISY
SQ,6,581,404,246,0.8877210371287128,0.071225,4.7533456870994,3.496025069105691,2.3999215,5.371439652542801,4.192442235148515,2.464998,-2.8443761113861386,-2.3661285,6.644381430894309,5.117672,-3.331661605691057,-2.851325,0.5099009900990099,0.7398373983739838,0.27946127946127947,0.16498316498316498,0.4945054945054945,0.27472527472527475,1.4739408822785494,USEFUL_BUT_NOISY
SQ,7,583,399,256,1.5903649724310776,1.0927,4.263419096971591,3.9295046054687504,2.698264,5.49268928396634,4.552978458646617,3.164091,-2.6278180250626573,-2.397857,7.2540344609375,6.164145,-2.88326202734375,-2.502962,0.5889724310776943,0.765625,0.3525423728813559,0.21016949152542372,0.6388888888888888,0.2,1.7326079717936544,USEFUL_BUT_NOISY
SQ,8,587,396,255,1.3613326388888884,0.787319,4.0040758248744375,3.225538858823529,2.072043,5.160826935891472,4.1457249166666665,2.966123,-2.4861916111111113,-2.052059,6.713376145098039,5.226997,-2.8321044705882357,-2.320234,0.601010101010101,0.7607843137254902,0.2926829268292683,0.1951219512195122,0.56,0.24571428571428572,1.6675001629556172,USEFUL_BUT_NOISY
SQ,9,583,380,223,0.7797717552631579,0.8718815,3.479900992941188,1.8975493587443943,2.08606,3.808552891276306,3.612999794736842,2.7315355,-2.269867957894737,-1.9100385,5.513253452914798,4.717621,-2.916319470852018,-2.518129,0.6105263157894737,0.6502242152466368,0.28888888888888886,0.25555555555555554,0.5641025641025641,0.3333333333333333,1.5917224533570826,USEFUL_BUT_NOISY
SQ,10,593,360,211,0.1439038111111111,0.348112,3.486305463791639,1.2636664834123226,1.525282,4.449810209228052,3.069008961111111,2.439299,-2.875441455555556,-2.566991,4.8016237772511845,4.138275,-3.5292225260663503,-2.915034,0.5416666666666666,0.6255924170616114,0.24796747967479674,0.26422764227642276,0.4253731343283582,0.29850746268656714,1.0673174914347738,USEFUL_BUT_NOISY
EQ,1,576,374,287,1.2567294893048129,0.809683,4.256822115940769,1.781445337979094,1.345182,4.368937482590012,3.8046859224598926,2.843845,-2.565407152406417,-2.229581,5.005778139372822,3.723034,-3.04686368641115,-2.696573,0.6203208556149733,0.6515679442508711,0.29304029304029305,0.32234432234432236,0.46568627450980393,0.30392156862745096,1.4830729379120196,USEFUL_BUT_NOISY
EQ,2,585,380,230,1.9325131631578947,1.0673575,4.911639982474862,3.533146273913044,2.216179,5.865075807580031,4.781039897368421,3.6288704999999997,-2.2709178921052633,-2.060941,7.203306573913043,5.1488855000000004,-2.690013369565218,-2.5365995000000003,0.6473684210526316,0.7434782608695653,0.352059925093633,0.21348314606741572,0.5652173913043478,0.2360248447204969,2.105333668817123,USEFUL_BUT_NOISY
EQ,3,585,373,273,1.6205868820375333,0.7209,5.001095770853368,3.5389413479853484,2.595458,5.513878247432654,5.255269514745309,3.940749,-2.734250892761394,-2.272306,7.874473776556777,6.646351,-3.1897191135531138,-2.578493,0.5871313672922251,0.7106227106227107,0.3543859649122807,0.19298245614035087,0.6333333333333333,0.2523809523809524,1.9220143728060997,USEFUL_BUT_NOISY
EQ,4,585,431,278,1.2517496774941994,0.749154,4.486769993339881,2.4003156906474823,1.743274,5.023517582348803,4.375312343387471,3.116012,-2.841043204176334,-2.18829,6.241183499999999,4.747016,-3.180988176258993,-2.71918,0.5730858468677494,0.658273381294964,0.358600583090379,0.20116618075801748,0.5779816513761468,0.22477064220183487,1.5400372429943203,USEFUL_BUT_NOISY
EQ,5,590,426,309,0.9784270868544601,0.7481979999999999,4.196400975501225,2.038010783171521,1.557701,4.655851491236391,4.2029595751173705,3.0824715,-2.8219879788732394,-2.1464115,5.946931611650485,4.770459,-3.4441043203883495,-2.613024,0.6032863849765259,0.6601941747572816,0.29429429429429427,0.3033033033033033,0.4658119658119658,0.41452991452991456,1.4893612611331974,USEFUL_BUT_NOISY
EQ,6,581,413,246,0.8937613753026634,0.366765,4.46592806039132,2.1278058008130083,1.451034,5.220463424561646,4.014222075060532,2.692454,-2.6987881791767556,-2.385907,6.264861662601626,4.3768069999999994,-3.0236729756097565,-2.474925,0.5423728813559322,0.6585365853658537,0.2857142857142857,0.24916943521594684,0.4823529411764706,0.3352941176470588,1.4874165027227293,USEFUL_BUT_NOISY
EQ,7,583,428,286,0.9499220327102804,0.7583445,4.089931537636474,2.222380332167832,2.049511,4.370041741853175,3.9767036004672898,3.087703,-2.6231057593457945,-2.1682129999999997,5.893268856643356,5.078609,-3.2158342657342653,-2.235319,0.6004672897196262,0.6643356643356644,0.30618892508143325,0.3322475570032573,0.5463414634146342,0.36097560975609755,1.5160286947252497,USEFUL_BUT_NOISY
EQ,8,587,403,249,0.794483741935484,0.499251,4.083606700982531,3.131998791164658,2.674192,5.185170268296233,4.0741661191067,2.996167,-2.5392394243176177,-2.116273,6.494285666666666,5.570883,-2.9651885381526104,-2.710468,0.5682382133995038,0.7188755020080321,0.303886925795053,0.26501766784452296,0.5773809523809523,0.39880952380952384,1.6044828542316643,USEFUL_BUT_NOISY
EQ,9,583,369,214,1.1999384742547425,0.57572,4.347903871459077,2.6330812803738315,2.052814,5.143484798732801,3.9908267398373987,2.75392,-2.615470894308943,-2.240799,6.032910836448598,4.913283,-3.081814504672897,-2.9292724999999997,0.5582655826558266,0.6448598130841121,0.315018315018315,0.304029304029304,0.5802469135802469,0.35802469135802467,1.5258540053040242,USEFUL_BUT_NOISY
EQ,10,593,357,215,1.2655913473389357,0.749115,4.3356732876505335,3.7507282186046513,2.353301,5.930102552168262,4.0224192324929975,2.593338,-2.5648573893557423,-2.498423,6.703481493023256,4.670505,-2.8914893813953486,-2.754742,0.5742296918767507,0.7906976744186046,0.3543307086614173,0.3425196850393701,0.6013513513513513,0.30405405405405406,1.5682818269687016,USEFUL_BUT_NOISY
raw_TCS,1,576,394,276,1.286661421319797,0.8504495000000001,3.952429435782383,2.1743684057971016,1.599052,4.3765574859138425,4.183800972081219,3.380014,-2.4746520989847713,-1.794759,5.789733804347826,4.53007,-2.753727373188406,-2.151639,0.6421319796954315,0.6739130434782609,0.32653061224489793,0.3673469387755102,0.5190476190476191,0.319047619047619,1.6906622849319415,USEFUL_BUT_NOISY
raw_TCS,2,585,365,257,2.1499775479452055,1.36713,5.602224789722512,3.3974441361867704,2.34213,5.677815470155885,5.191085394520548,3.642937,-2.2091826136986303,-2.110698,7.04487313618677,4.944579,-2.7167807354085607,-2.488388,0.6191780821917808,0.7042801556420234,0.36220472440944884,0.21653543307086615,0.5872093023255814,0.2558139534883721,2.34977650210165,USEFUL_BUT_NOISY
raw_TCS,3,585,403,264,1.4818630049627792,0.805844,4.808118144657069,3.0439332007575755,1.89973,5.415853840378897,4.650541330024814,3.076923,-2.5958381166253104,-2.208366,6.977946867424243,4.8217395,-3.01468140530303,-2.428035,0.6004962779156328,0.7234848484848485,0.3549382716049383,0.20987654320987653,0.5454545454545454,0.2822966507177033,1.7915375000620983,USEFUL_BUT_NOISY
raw_TCS,4,585,386,258,1.5237755518134715,1.0159015,4.5459914820735845,3.02373188372093,2.371659,5.578860661711674,4.373016259067358,3.2462665,-2.761073730569948,-2.235294,6.643214166666667,5.600518,-3.1219540387596902,-2.649312,0.616580310880829,0.7054263565891473,0.31788079470198677,0.25165562913907286,0.6078431372549019,0.3088235294117647,1.5838100267480608,USEFUL_BUT_NOISY
raw_TCS,5,590,428,298,1.5104966985981307,0.9910875,4.555711790234509,2.891125731543624,1.9695425000000002,5.14530639450834,4.742924658878505,3.4138155,-2.571907691588785,-2.1854959999999997,6.950334694630873,5.577500499999999,-2.9873583624161073,-2.5608175,0.5957943925233645,0.697986577181208,0.37888198757763975,0.2329192546583851,0.6351351351351351,0.24774774774774774,1.8441270946036885,USEFUL_BUT_NOISY
raw_TCS,6,581,418,277,1.1174525789473686,0.48210749999999997,4.409159126474649,2.3243019458483754,1.451034,4.926945939645054,4.3987768349282295,3.0654595000000002,-2.7220981028708136,-2.3776479999999998,6.2218128122743686,4.739678,-3.2798884512635382,-3.18782,0.5765550239234449,0.6750902527075813,0.27358490566037735,0.21069182389937108,0.4461538461538462,0.3384615384615385,1.6159508837279362,USEFUL_BUT_NOISY
raw_TCS,7,583,404,278,1.0315670816831684,0.6153035,4.057691344179542,2.4102955035971223,1.557701,4.967057717442705,4.152118435643564,2.827381,-2.7842078539603956,-2.4622015,6.064054737410072,4.3388355,-3.322934550359712,-2.972546,0.5816831683168316,0.6906474820143885,0.2881944444444444,0.2881944444444444,0.47692307692307695,0.37435897435897436,1.491310510361999,USEFUL_BUT_NOISY
raw_TCS,8,587,411,254,0.9628562579075426,0.809882,3.8892975002694663,2.4084333503937003,2.184355,4.799421955971289,3.9305277591240873,2.809874,-2.599923099756691,-2.061198,5.918271421259843,4.851426,-2.913559933070866,-2.1803245,0.5888077858880778,0.6614173228346457,0.34551495016611294,0.2591362126245847,0.580110497237569,0.287292817679558,1.5117861599413915,USEFUL_BUT_NOISY
raw_TCS,9,583,366,217,0.9117394426229507,0.8143315,4.261449345795027,3.238723792626728,2.726767,5.651332384010442,3.753844978142076,3.0277365,-2.8367011666666664,-2.0683115,6.624547981566821,5.166705,-3.448404244239631,-2.46482,0.5655737704918032,0.7004608294930875,0.34901960784313724,0.3333333333333333,0.5512820512820513,0.391025641025641,1.3233135101619187,USEFUL_BUT_NOISY
raw_TCS,10,593,379,208,0.04960221372031668,-0.107508,3.716856180112946,1.6772730480769231,1.185396,4.618089200687703,3.023238751978892,2.237878,-2.7620368891820584,-2.731933,4.8363335625,4.138275,-3.48598441826923,-3.097835,0.48284960422163586,0.6298076923076923,0.20689655172413793,0.3716475095785441,0.5,0.4411764705882353,1.0945685641708374,USEFUL_BUT_NOISY
confidence_adjusted_TCS,1,576,392,274,1.3012608214285715,0.8504495000000001,3.9667035412625693,2.168373124087591,1.599052,4.385597821759137,4.204593354591836,3.42055,-2.467499130102041,-1.777447,5.810200645985402,4.53007,-2.756488649635037,-2.151639,0.6428571428571429,0.6751824817518248,0.3321917808219178,0.3698630136986301,0.5192307692307693,0.3269230769230769,1.7039898021840272,USEFUL_BUT_NOISY
confidence_adjusted_TCS,2,585,372,263,2.124565053763441,1.374391,5.570022877609908,3.39784725095057,2.34213,5.647517883195077,5.0900526236559145,3.424345,-2.266996795698925,-2.1244235,6.996737228136883,5.014327,-2.7701952091254753,-2.532121,0.6155913978494624,0.7034220532319392,0.3436293436293436,0.21621621621621623,0.5898876404494382,0.25842696629213485,2.2452844367989626,USEFUL_BUT_NOISY
confidence_adjusted_TCS,3,585,386,238,1.4918753549222796,0.8625775,4.596587365283026,3.2012014663865545,2.150594,5.413167667253434,4.397531694300517,3.0875595000000002,-2.645014274611399,-2.196435,6.748861949579831,4.820089,-2.9967258655462183,-2.428035,0.6424870466321243,0.7521008403361344,0.3580645161290323,0.18387096774193548,0.5502645502645502,0.2222222222222222,1.6625738985649123,USEFUL_BUT_NOISY
confidence_adjusted_TCS,4,585,391,263,1.102610948849105,0.357009,4.317724731386505,2.524995847908745,1.713702,5.18332104870669,4.296912324808184,3.094876,-2.7685098132992327,-2.30011,6.375652574144486,5.140836,-3.353172330798479,-3.019496,0.5396419437340153,0.6501901140684411,0.30434782608695654,0.2809364548494983,0.5527638190954773,0.35175879396984927,1.5520668571109575,USEFUL_BUT_NOISY
confidence_adjusted_TCS,5,590,421,284,1.6971297553444182,1.429891,4.41762212536609,2.951605767605634,2.168947,5.409407529098128,4.729335052256532,3.330313,-2.427661085510689,-2.073704,7.009090147887324,5.552433,-2.9034824436619715,-2.3018445,0.6508313539192399,0.7077464788732394,0.3710691823899371,0.22327044025157233,0.6350710900473934,0.32701421800947866,1.9481034978412803,USEFUL_BUT_NOISY
confidence_adjusted_TCS,6,581,423,302,1.4109932482269503,0.604452,4.8082293871493,2.7209068874172186,1.751313,5.047103996034024,4.800992338061466,3.2942,-2.5715968297872345,-2.265501,6.602171278145695,5.396077,-2.940632930463576,-2.669223,0.5910165484633569,0.7019867549668874,0.3248407643312102,0.2070063694267516,0.5571428571428572,0.24761904761904763,1.8669304155498918,USEFUL_BUT_NOISY
confidence_adjusted_TCS,7,583,400,276,1.1924885949999997,0.445843,4.217839105971019,2.356905105072464,1.351351,4.698301084350801,4.216099395,2.925509,-2.6456358825,-2.2546559999999998,6.114306391304348,4.5565929999999994,-3.194781713768116,-2.953545,0.585,0.6920289855072463,0.2857142857142857,0.23469387755102042,0.4527363184079602,0.3582089552238806,1.5936053116334308,USEFUL_BUT_NOISY
confidence_adjusted_TCS,8,587,416,262,0.7477557307692307,0.703484,3.7322444840343443,2.1578931030534347,2.112758,4.810616372538665,3.8510459711538463,2.7526025,-2.8988978629807693,-2.401079,5.820810591603054,4.558495,-3.2836213244274814,-2.458082,0.5600961538461539,0.6564885496183206,0.31699346405228757,0.2875816993464052,0.5405405405405406,0.31351351351351353,1.328451761040673,USEFUL_BUT_NOISY
confidence_adjusted_TCS,9,583,377,224,0.8354796259946949,0.664025,4.299831830444423,3.280041089285714,2.761062,5.542201680520226,3.75414400530504,3.012563,-2.823281615384615,-2.320234,6.499495558035714,5.1416425,-3.378014647321428,-2.7104865,0.5570291777188329,0.6964285714285714,0.35074626865671643,0.34328358208955223,0.5595238095238095,0.40476190476190477,1.3297093654589658,USEFUL_BUT_NOISY
confidence_adjusted_TCS,10,593,376,201,0.08996968085106385,-0.112509,3.8485340181307452,1.8485390796019903,1.185396,5.140174373557223,3.036428321808511,2.108375,-2.8134551941489363,-2.7314555,5.093097422885572,4.138275,-3.5084753681592042,-3.097835,0.48138297872340424,0.6268656716417911,0.21235521235521235,0.3938223938223938,0.4961832061068702,0.4198473282442748,1.0792524182092131,USEFUL_BUT_NOISY
