analysis_kind,slice_value,N,N_1d,mean_return_1d,median_return_1d,mean_MFE_1d,median_MFE_1d,mean_MAE_1d,median_MAE_1d,hit_rate_1d,N_3d,mean_return_3d,median_return_3d,mean_MFE_3d,median_MFE_3d,mean_MAE_3d,median_MAE_3d,hit_rate_3d,N_5d,mean_return_5d,median_return_5d,mean_MFE_5d,median_MFE_5d,mean_MAE_5d,median_MAE_5d,hit_rate_5d,N_10d,mean_return_10d,median_return_10d,mean_MFE_10d,median_MFE_10d,mean_MAE_10d,median_MAE_10d,hit_rate_10d,target_before_stop_rate_10d,mean_time_to_target,mean_time_to_MFE_5d,mean_time_to_MFE_10d,spearman_5d,spearman_10d,missing_sector_N,total_N,missing_sector_rate
SCORE_MODEL,BROAD_ONLY,5848,4984,0.22385097493081108,0.09651385752231785,1.7194404187923427,1.332458114528634,-1.241134852491841,-1.0497424433345115,0.5244783306581059,4268,0.7302323370630908,0.3047972435727519,3.2357115630158693,2.205151249349735,-2.2176758271205066,-1.8782249742002155,0.5433458294283037,3954,1.2027377907430892,0.7280657510193134,4.245471456266126,3.025153363116506,-2.632854894366562,-2.2514816398851223,0.5872534142640364,2587,2.665580682798213,1.9768983147131047,6.336219745957669,4.881706097967342,-3.0906655721678598,-2.625,0.6872825666795516,0.6161825726141079,4.270428015564202,3.0758725341426403,6.073830691921144,-0.09647058925380952,-0.19322562876925836,,,
SCORE_MODEL,CURRENT_BROAD_SECTOR_MIX,5848,4984,0.22385097493081108,0.09651385752231785,1.7194404187923427,1.332458114528634,-1.241134852491841,-1.0497424433345115,0.5244783306581059,4268,0.7302323370630908,0.3047972435727519,3.2357115630158693,2.205151249349735,-2.2176758271205066,-1.8782249742002155,0.5433458294283037,3954,1.2027377907430892,0.7280657510193134,4.245471456266126,3.025153363116506,-2.632854894366562,-2.2514816398851223,0.5872534142640364,2587,2.665580682798213,1.9768983147131047,6.336219745957669,4.881706097967342,-3.0906655721678598,-2.625,0.6872825666795516,0.6161825726141079,4.270428015564202,3.0758725341426403,6.073830691921144,-0.09647058925380952,-0.19322562876925836,,,
SCORE_MODEL,SECTOR_ONLY,0,0,,,,,,,,0,,,,,,,,0,,,,,,,,0,,,,,,,,,,,,,,,,
SCORE_MODEL,ISOLATED_SECTOR_CONTRIBUTION,0,0,,,,,,,,0,,,,,,,,0,,,,,,,,0,,,,,,,,,,,,,,,,
SCORE_MODEL,V5_SECTOR_DATA_FIX,5848,4984,0.22385097493081108,0.09651385752231785,1.7194404187923427,1.332458114528634,-1.241134852491841,-1.0497424433345115,0.5244783306581059,4268,0.7302323370630908,0.3047972435727519,3.2357115630158693,2.205151249349735,-2.2176758271205066,-1.8782249742002155,0.5433458294283037,3954,1.2027377907430892,0.7280657510193134,4.245471456266126,3.025153363116506,-2.632854894366562,-2.2514816398851223,0.5872534142640364,2587,2.665580682798213,1.9768983147131047,6.336219745957669,4.881706097967342,-3.0906655721678598,-2.625,0.6872825666795516,0.6161825726141079,4.270428015564202,3.0758725341426403,6.073830691921144,-0.0861850186612504,-0.014073654945861836,,,
MISSINGNESS_BY_COUNTRY,MISSING,5848,4984,0.22385097493081108,0.09651385752231785,1.7194404187923427,1.332458114528634,-1.241134852491841,-1.0497424433345115,0.5244783306581059,4268,0.7302323370630908,0.3047972435727519,3.2357115630158693,2.205151249349735,-2.2176758271205066,-1.8782249742002155,0.5433458294283037,3954,1.2027377907430892,0.7280657510193134,4.245471456266126,3.025153363116506,-2.632854894366562,-2.2514816398851223,0.5872534142640364,2587,2.665580682798213,1.9768983147131047,6.336219745957669,4.881706097967342,-3.0906655721678598,-2.625,0.6872825666795516,0.6161825726141079,4.270428015564202,3.0758725341426403,6.073830691921144,,,5848.0,5848.0,1.0
MISSINGNESS_BY_EXCHANGE,MISSING,5848,4984,0.22385097493081108,0.09651385752231785,1.7194404187923427,1.332458114528634,-1.241134852491841,-1.0497424433345115,0.5244783306581059,4268,0.7302323370630908,0.3047972435727519,3.2357115630158693,2.205151249349735,-2.2176758271205066,-1.8782249742002155,0.5433458294283037,3954,1.2027377907430892,0.7280657510193134,4.245471456266126,3.025153363116506,-2.632854894366562,-2.2514816398851223,0.5872534142640364,2587,2.665580682798213,1.9768983147131047,6.336219745957669,4.881706097967342,-3.0906655721678598,-2.625,0.6872825666795516,0.6161825726141079,4.270428015564202,3.0758725341426403,6.073830691921144,,,5848.0,5848.0,1.0
MISSINGNESS_BY_SECTOR_LABEL,Commercial services,196,161,-0.014260325138030494,-0.0977517106549363,1.8891446128405374,1.7913204062788737,-1.688948653349103,-1.2393998695368502,0.4720496894409938,131,0.04351061349377394,0.2271380604384587,3.3421973969960015,2.443174911875534,-3.1449537678482056,-2.3000100877635488,0.5267175572519084,127,0.4522533598989432,0.1427381943618577,4.3926380551633475,3.8831534490849418,-3.890911038022579,-3.187819674081116,0.5590551181102362,103,2.9573415511106447,2.6982637259502784,6.360787856184766,6.558812200161079,-4.098046426709791,-3.25915714848366,0.8058252427184466,0.7796610169491526,5.06,3.1496062992125986,6.097087378640777,,,196.0,196.0,1.0
MISSINGNESS_BY_SECTOR_LABEL,Communications,27,23,-0.5465709075565255,-0.1240438288195089,0.9760021818501875,0.4233017536787065,-2.4814718178054482,-1.915301127899549,0.34782608695652173,21,-0.7818191870417159,-0.1699957501062554,1.5580951467736146,1.2798634812286602,-3.21232052582102,-2.623673142399363,0.42857142857142855,21,1.0764991420821377,1.696690406367818,4.35353420718699,3.293667658308541,-3.2575154804206337,-2.623673142399363,0.9047619047619048,19,0.5775096466448618,0.2897950734837451,5.854248882878127,5.506106396191268,-4.151667915743347,-3.839590443686014,0.5263157894736842,0.5,6.222222222222222,3.0952380952380953,7.2631578947368425,,,27.0,27.0,1.0
MISSINGNESS_BY_SECTOR_LABEL,Consumer durables,171,151,0.007937857751507002,0.084039045833606,1.5780822650787167,1.2667660208643738,-1.4259308143756608,-1.3441676792223634,0.5033112582781457,128,0.7868818937745903,-0.4473148074278288,3.4945057948085774,2.0055881703474054,-2.17720325662537,-1.991409605622807,0.4296875,106,1.3818459133670886,0.0789525626686105,4.814928925699075,2.740965802572904,-2.3658489428533627,-2.35161086993429,0.5094339622641509,59,2.267152762140528,1.5514900769280526,7.001685489629474,4.084687767322515,-2.952440445667245,-3.0725705638528944,0.7288135593220338,0.5151515151515151,3.3684210526315788,3.047169811320755,5.203389830508475,,,171.0,171.0,1.0
MISSINGNESS_BY_SECTOR_LABEL,Consumer non-durables,219,184,0.15031315142478982,0.0582920431360989,1.6407287818661003,1.2617297960133222,-1.3702335390418419,-1.1470974044029358,0.5163043478260869,152,0.22446053378663247,-0.28261053977171047,2.504455679498285,1.7206780731563676,-2.4372304665434377,-2.0875972165370404,0.4342105263157895,131,0.1465879009039522,-0.1844709039074299,3.1664137380362587,2.237878159966855,-2.904603656892662,-2.7955271565495154,0.48854961832061067,96,1.2832744111125416,1.790757773484597,4.3900049097193135,4.254747659432079,-3.423160052958797,-2.8322832593635994,0.6770833333333334,0.4473684210526316,3.3684210526315788,2.7938931297709924,5.770833333333333,,,219.0,219.0,1.0
MISSINGNESS_BY_SECTOR_LABEL,Consumer services,282,233,0.13543523199668486,-0.0979858464888239,1.6927891536914736,1.2965808682289692,-1.3009570589920576,-1.1522346368715186,0.47639484978540775,197,0.8425241242477268,0.0,3.7762380865480885,1.9304556354916125,-2.6703692309269447,-2.310453117990119,0.49746192893401014,180,1.4661360098271283,0.04880690086910835,5.344078680910229,2.9954357540259546,-3.1719146889290175,-2.5785453374890577,0.5,126,2.372142114064138,1.4648542380612306,7.0939711184294145,4.437672960858007,-3.927617465459213,-3.206253441467899,0.6190476190476191,0.5054945054945055,5.326923076923077,3.05,5.595238095238095,,,282.0,282.0,1.0
MISSINGNESS_BY_SECTOR_LABEL,Distribution services,159,142,0.39848636061592785,0.1867989203022446,1.8570061200274879,1.5852180936995142,-1.0896419756598823,-0.7704558915310744,0.5704225352112676,128,1.252189369130393,0.4745521414165177,4.254133863793269,3.014606857971613,-2.1855728772342053,-1.8736988202637028,0.6015625,127,0.8159839266188849,-0.4423800044237924,5.14671615587838,3.8214108978940953,-2.9642506381393896,-2.399364628182077,0.44881889763779526,88,1.2683385267536627,-0.15897183087658634,6.367896940797834,4.552798937473179,-3.178132532953206,-3.002945494592757,0.48863636363636365,0.5961538461538461,2.625,2.8976377952755907,4.170454545454546,,,159.0,159.0,1.0
MISSINGNESS_BY_SECTOR_LABEL,Electronic technology,260,236,0.59120137148795,0.39693194035652635,2.1623236941815116,1.7738044557968011,-1.0236150268852382,-0.91618394609293,0.576271186440678,210,1.7383263670565117,0.970032642754981,4.391808342271874,3.0640373197625026,-1.631841275995208,-1.457681780977954,0.6190476190476191,194,2.010572485296361,1.92431510151585,5.393535114381072,3.7871387464008643,-1.7816403195465773,-1.6292226513626715,0.6237113402061856,113,3.007123834385551,1.9996537396121727,8.196954060325712,7.376040323525967,-2.465704026123,-2.0771302991634766,0.6637168141592921,0.8095238095238095,2.8867924528301887,3.1391752577319587,4.327433628318584,,,260.0,260.0,1.0
MISSINGNESS_BY_SECTOR_LABEL,Energy minerals,177,148,-0.036201147911370794,-0.2444673185795109,1.693623932870937,1.0135315743974416,-1.9517104594069432,-1.7969530380689713,0.4391891891891892,121,-0.5915318196253648,-1.2340867757859253,3.0729295578926763,1.534526854219953,-3.721960937974709,-3.555695405915682,0.39669421487603307,115,2.3108782571998834,4.092883394587377,4.790685969712237,4.631372228131903,-4.172197838848058,-3.769841269841268,0.6956521739130435,86,7.256644124910096,7.328136632673332,9.011846399758225,7.901785714285725,-4.844359574557821,-4.354908216134068,0.9302325581395349,0.6857142857142857,3.32,3.3130434782608695,8.627906976744185,,,177.0,177.0,1.0
MISSINGNESS_BY_SECTOR_LABEL,Finance,1398,1179,0.1278587003712579,0.0824931255728689,1.356679138612165,1.143147466023109,-1.033016335073516,-0.8691873098652936,0.5318066157760815,1024,0.31542668178729133,0.3661456132938889,2.402105479734305,1.9501955963974527,-1.8524593554404785,-1.551614946168456,0.5380859375,927,0.6365821455920346,0.5715918833952394,3.1861517115018114,2.6567944250871056,-2.235916061777755,-1.8746041798606727,0.5771305285868392,541,1.4506216814166026,1.1989630589760214,4.581508106548912,4.0473610896146095,-2.638181743926101,-2.2657807308970046,0.6598890942698706,0.579136690647482,4.351351351351352,3.0765911542610573,5.99815157116451,,,1398.0,1398.0,1.0
MISSINGNESS_BY_SECTOR_LABEL,Health services,112,99,0.5931219058000288,0.1579778830963718,2.535924705484614,1.6093445814406415,-1.6831634808963247,-1.492537313432829,0.5656565656565656,83,1.9941122360878683,1.4117647058823346,4.440324896745024,2.827380952380953,-3.8274619316425373,-3.577842243403795,0.6024096385542169,81,3.452715012047656,3.2244501940491777,6.221452385898518,4.294117647058826,-4.134942786498198,-3.7974025974025993,0.7283950617283951,56,5.3781220131903495,3.932781981347877,8.044570510149402,6.076234751823284,-4.010767629236229,-3.9027861691906915,0.7678571428571429,0.5151515151515151,3.76,3.2098765432098766,5.875,,,112.0,112.0,1.0
MISSINGNESS_BY_SECTOR_LABEL,Health technology,555,461,0.6197162884480474,0.4994763554338144,1.9979409498428666,1.623563218390811,-1.13058890740208,-1.0018287349924493,0.6247288503253796,376,1.8846079798863868,1.392655328798842,3.888517346434457,2.9252586147838766,-1.9096981975687974,-1.5877549466829788,0.723404255319149,361,1.9007148250165675,1.3051172393452326,4.892394929759195,4.084108370400319,-2.410846833507899,-1.9538188277086976,0.6481994459833795,266,4.230984862920271,3.76458112407212,7.529551135746005,7.005974151625926,-2.5934308097193686,-2.351113412739514,0.8195488721804511,0.8055555555555556,4.863636363636363,3.3490304709141276,6.7669172932330826,,,555.0,555.0,1.0
MISSINGNESS_BY_SECTOR_LABEL,Industrial services,171,139,0.5980337272195454,0.2022430593859203,1.9861412257353779,1.5046766978446646,-1.0569128915676624,-0.9515717926932954,0.5323741007194245,112,2.2142599278178525,1.4958403841894397,4.257322065235551,3.073633747382909,-1.5030539947264445,-1.0307259150446724,0.7142857142857143,107,3.8719684162252763,3.223070398642913,6.362647144944513,4.880423143070378,-1.5808868057725147,-1.159420289855062,0.8878504672897196,82,5.838213932135925,4.975208958645993,9.079609404677772,7.285193914720378,-1.698464752475759,-1.4512907124211383,0.975609756097561,0.9361702127659575,4.044444444444444,4.158878504672897,8.158536585365853,,,171.0,171.0,1.0
MISSINGNESS_BY_SECTOR_LABEL,Miscellaneous,29,20,1.8700738186068506,2.051835853131756,3.006098177163218,2.134900893290159,-0.8387128320625485,-0.7178210330131995,0.7,14,3.3030353156855745,1.8832621517185344,5.854114096500674,4.249102316539988,-1.9568981011379907,-1.2723845428840752,0.7857142857142857,14,3.3944612500028173,3.7574663603544445,6.917927972828385,4.276911716442411,-2.1749366217245227,-1.2723845428840752,0.7857142857142857,12,6.957511290711075,4.388111888111879,8.537202343477048,8.049533799533794,-2.2396522591813093,-1.2723845428840752,0.9166666666666666,,,3.4285714285714284,8.75,,,29.0,29.0,1.0
MISSINGNESS_BY_SECTOR_LABEL,Process industries,247,211,0.466020339905795,0.29827519128518,1.5195362625379614,1.1725648089284446,-1.0537316629684161,-1.1293380595169489,0.5687203791469194,189,1.0975632616985305,-0.0863259668508309,3.2452745016240976,1.8590831918505968,-1.9165365597332402,-1.745820965474154,0.4973544973544973,182,1.0325535499012672,0.2849191624701763,3.556718875082105,2.018093249826025,-2.348814685258568,-2.29245128541018,0.532967032967033,123,1.5077198239800231,0.1367031208322044,4.6273028102354665,2.592435189120268,-3.0802182460504905,-3.2845625559868696,0.5121951219512195,0.44642857142857145,4.12,2.879120879120879,5.5772357723577235,,,247.0,247.0,1.0
MISSINGNESS_BY_SECTOR_LABEL,Producer manufacturing,398,342,0.28527247474492534,0.187468755207476,1.6524143966799911,1.3304485419963097,-1.0369115982089332,-0.9642666708601422,0.5467836257309941,298,0.8412646076439104,0.4800224581814394,3.1577384700874433,2.3636250544255777,-1.5827329079339598,-1.3883571500708403,0.5671140939597316,272,1.0373515855678987,0.4778007889209346,3.78370767222096,2.9025006949344734,-1.8460661893413126,-1.5870031539480578,0.5625,150,1.7756815687524647,0.1175951785976847,5.5765325972600275,3.920508855783278,-2.1937452116120344,-1.7290760581308962,0.5333333333333333,0.65,3.5689655172413794,2.875,5.386666666666667,,,398.0,398.0,1.0
MISSINGNESS_BY_SECTOR_LABEL,Retail trade,255,224,0.1793519204457765,-0.0604707414643246,1.7777148402001397,1.6695576756287966,-1.1848815080169535,-0.9905842781072483,0.4955357142857143,189,0.3431300488050236,0.1876040616279439,3.0196494721740716,2.162939643942674,-2.358985528733373,-1.816276632902547,0.5291005291005291,167,0.47519856390020865,0.0945179584120881,4.256925211784838,2.696109898574917,-2.942335020458796,-2.497146770143799,0.5269461077844312,86,0.5313969649440274,-0.1759620534006689,5.975046606750837,4.770298127645645,-4.387842292766709,-4.511122607346096,0.4418604651162791,0.43859649122807015,3.8,2.7724550898203595,4.825581395348837,,,255.0,255.0,1.0
MISSINGNESS_BY_SECTOR_LABEL,Technology services,411,335,0.676710402670098,0.5730453780308897,2.141955546546177,1.6274089935760072,-1.1353622713817062,-1.1727912431587106,0.6417910447761194,270,1.3657663374383398,1.2048192771084487,4.333382304142287,3.0812711104983848,-2.2617355836119537,-1.9869657005892933,0.662962962962963,245,2.0304754792628894,1.225211570039164,5.6609584339317385,4.595022059435627,-2.5953340242959713,-2.1794221996958907,0.673469387755102,171,3.003291921561659,2.141057934508805,7.582524587402662,6.338788734734568,-2.792645130678535,-2.095557418273264,0.7309941520467836,0.7901234567901234,3.8767123287671232,3.273469387755102,5.56140350877193,,,411.0,411.0,1.0
MISSINGNESS_BY_SECTOR_LABEL,Transportation,235,199,-0.4314799379670612,-0.2733254597604206,1.6098709600124879,1.3027329674593968,-1.6829080462175574,-1.5553121577218,0.457286432160804,165,-0.720905044602809,-1.4290949065591807,2.597947567265474,1.942183385204688,-3.7055185436645623,-3.4519196900317017,0.3333333333333333,153,0.632995941097771,0.1876300617473569,3.859008455743925,2.69245354569585,-4.156082386019272,-4.1392691602888725,0.5424836601307189,108,5.386946008131599,4.706299392513902,8.04459331785627,7.26643598615917,-4.687930818108986,-5.301973290811246,0.9351851851851852,0.42857142857142855,5.767857142857143,2.980392156862745,8.407407407407407,,,235.0,235.0,1.0
MISSINGNESS_BY_SECTOR_LABEL,Unknown,469,430,-0.16378495017498157,-0.5439070662835443,1.890662862260535,1.1336577240366186,-1.5167197425131749,-1.3133642792698463,0.37209302325581395,398,0.32471320957217814,-0.38716251038675153,3.2163585976000024,1.820764119564311,-2.4032051025788252,-2.289223054877665,0.4271356783919598,382,0.8746538320261682,0.22191132696429688,3.9797153523327324,2.4323291893541876,-2.8478618203290123,-2.6171093691254983,0.5340314136125655,270,2.0760853208510928,1.6276347636679511,6.18548745680029,4.5307740808509305,-3.0203203802995815,-2.8663084112034776,0.5925925925925926,0.5371428571428571,4.103448275862069,2.764397905759162,6.007407407407407,,,469.0,469.0,1.0
MISSINGNESS_BY_SECTOR_LABEL,Utilities,77,67,-0.6384965211652589,-0.6552419354838634,0.6140095453434119,0.4091653027823216,-1.818646430415526,-1.957397812320083,0.34328358208955223,62,-0.3324420075092544,0.43689854974248155,1.2244784928339425,1.3472277739132288,-2.4342896246046983,-2.3859065057566964,0.5806451612903226,62,-0.14629815611298932,0.8058442536526433,1.8219212119920076,2.1416234887737584,-2.991565582188018,-2.3859065057566964,0.6774193548387096,32,0.6849084866509396,2.0495106505469263,3.170325735538688,3.4938763242918336,-4.046525471611448,-2.614346850845539,0.78125,0.0,10.0,3.2903225806451615,7.65625,,,77.0,77.0,1.0
MISSINGNESS_BY_SETUP_TYPE,breakout,116,104,0.5170582148880418,0.45128629678794496,2.2793619885213228,1.6330524702221516,-1.4905975754958012,-1.348737014437662,0.6057692307692307,99,0.6025702727462011,0.7110208227526504,3.4892100448720016,2.859493931289858,-2.4766741493054565,-1.98491950275117,0.6060606060606061,95,1.3923214322337483,1.2369033760186277,4.3359507056204425,3.7599072105161335,-2.6141356855653566,-2.0289310539169603,0.7157894736842105,75,1.6061082504579054,1.2073649260488928,5.692496935368317,4.361120051496603,-3.229751203935912,-2.6510721247563374,0.6133333333333333,0.7407407407407407,3.608695652173913,2.957894736842105,5.466666666666667,,,116.0,116.0,1.0
MISSINGNESS_BY_SETUP_TYPE,extended_momentum,211,195,-0.00695564121472384,-0.2049705354855158,1.3967917457390446,1.0455635491606774,-1.2399355610161609,-0.9683098591549256,0.4358974358974359,155,-0.23165522764794982,-0.0950703240779504,2.1329225783125887,1.5539568345323884,-2.343242382886438,-2.3147295388960543,0.4838709677419355,148,0.09662196115181648,0.08362735595986434,2.7800531192739455,2.375829257712747,-2.758897474661906,-2.508276051265029,0.5,72,-0.2602429408473676,-0.540450553329902,4.227468309682338,3.421421549796011,-3.5568690881678413,-3.7409339610637415,0.4305555555555556,0.25,4.071428571428571,2.9054054054054053,5.486111111111111,,,211.0,211.0,1.0
MISSINGNESS_BY_SETUP_TYPE,momentum_continuation,121,97,-0.7838670988887531,-1.1117752540346748,1.2015108677001776,0.921452336178219,-1.7420048686551717,-1.5667841754798406,0.25773195876288657,88,-1.1276930948424528,-1.0946853699496162,1.6246307530597164,0.9437845466305994,-3.0846353387204073,-2.788938785157169,0.29545454545454547,81,-1.4508917958863363,-1.6823376247649402,2.096070332270618,1.3600714782090684,-3.8660449277520486,-3.493661085841482,0.2962962962962963,39,-0.00659923140754697,-0.274375961988893,4.042398732404659,2.512168315277141,-4.169670263250336,-4.223968565815328,0.4358974358974359,0.4,3.625,2.493827160493827,5.923076923076923,,,121.0,121.0,1.0
MISSINGNESS_BY_SETUP_TYPE,none,421,357,0.21489225085680738,0.1520372998175645,1.77393793154249,1.2732138512691726,-1.1864237305373724,-0.9484536082474238,0.5406162464985994,318,0.9001075401046416,0.12724983211422894,3.4671018357288577,2.2259983007646422,-2.0246783295596815,-1.6485690935710062,0.5251572327044025,285,1.1442826449293984,0.6972616632860085,4.256830002571962,3.093172387778176,-2.372253836787828,-1.916300921060776,0.6070175438596491,176,1.2569649224031005,0.285632676378178,5.885519580134711,4.0473610896146095,-3.051123077998123,-2.4534096934348715,0.5227272727272727,0.44642857142857145,3.75,3.101754385964912,5.5852272727272725,,,421.0,421.0,1.0
MISSINGNESS_BY_SETUP_TYPE,pullback,3588,3051,0.3241527856890714,0.1540832049306439,1.867447727457163,1.4371257485029876,-1.245348520154537,-1.080308205576297,0.5362176335627663,2632,0.865576059070027,0.36815253329842695,3.5093046520673656,2.304134213475917,-2.2754037930062783,-1.9831848151955045,0.5448328267477204,2445,1.335499985643666,0.6640248953365901,4.521140395924603,3.0812711104983848,-2.720332723352559,-2.3054417788180293,0.5815950920245399,1630,3.1999045197521596,2.50248121366794,6.780478876506539,5.188444848769924,-3.116579458297747,-2.6576019777503124,0.7134969325153374,0.6477516059957173,4.189111747851003,3.042944785276074,6.160736196319019,,,3588.0,3588.0,1.0
MISSINGNESS_BY_SETUP_TYPE,trend_repair,176,149,-0.11991605989073525,-0.2987506789788097,1.4013178463054272,1.0781671159029615,-1.4557579213711962,-1.469842878864669,0.3959731543624161,129,0.9139689051833485,0.6289112363398575,3.1946372209607965,2.1496598639455744,-2.199453180997474,-1.9079837618403368,0.5271317829457365,121,2.3227085697956977,1.7413817562774936,5.09502749941367,3.454623697045056,-2.280499243719064,-1.9328982834444508,0.7024793388429752,95,2.0978907588315767,1.195457262402866,6.322873767933005,5.086336668732838,-2.4409114739240945,-2.3239099185433654,0.6421052631578947,0.45614035087719296,3.7,3.553719008264463,5.778947368421052,,,176.0,176.0,1.0
MISSINGNESS_BY_SETUP_TYPE,vcp,1215,1031,0.08870172023896093,0.0990262419541032,1.3618246738475313,1.202773454082351,-1.1445320205940135,-0.9478021978021944,0.5363724539282251,847,0.6018752493751198,0.4737496116806516,2.6444843224258188,2.138040677594444,-1.9701998321996586,-1.5469233413544117,0.577331759149941,779,1.0964199205434815,0.9478118417973302,3.73500143296295,2.966123216008953,-2.3584757846306244,-1.8782249742002155,0.6110397946084724,500,2.3160483075051443,1.9495958155016704,5.628253842031911,4.7530288909599205,-2.971400023024852,-2.4883875248838727,0.736,0.6854838709677419,5.0220994475138125,3.202824133504493,6.206,,,1215.0,1215.0,1.0
MISSINGNESS_BY_LIQUIDITY_BUCKET,LOW,278,227,0.3806607541933519,0.2159827213822795,1.8197019137367079,1.5031704280283886,-1.238747726285501,-1.111538831681269,0.5594713656387665,194,0.9014267967313287,0.5653883972468021,3.5782140052819797,2.6741199576975294,-2.180265201987128,-1.957397812320083,0.5567010309278351,168,0.4413202624966767,0.259433962264155,4.422217642427197,3.0141600557342274,-2.794110507590282,-2.0920502092050097,0.5952380952380952,107,1.7442110710666872,0.4906771344455496,5.677734087923256,3.852545701767629,-3.4094886005261316,-2.6272814601344896,0.5794392523364486,0.4647887323943662,3.1515151515151514,2.9166666666666665,5.626168224299065,,,278.0,278.0,1.0
MISSINGNESS_BY_LIQUIDITY_BUCKET,NORMAL,5570,4757,0.21636814543898913,0.087432699829737,1.7146560254031538,1.3265950726468745,-1.2412487641270817,-1.0459739179369154,0.5228084927475299,4074,0.7220802199360319,0.29147485376327387,3.219401922907959,2.1803370337832417,-2.2194572854601913,-1.8781784743827137,0.5427098674521355,3786,1.2365249393815987,0.7491344317057114,4.2376285193207845,3.025153363116506,-2.625699336252039,-2.258685257978188,0.5868991019545695,2480,2.705333323304371,2.04297574475012,6.364630215880928,4.9065003057316865,-3.0769099011862733,-2.624275472849297,0.6919354838709677,0.624,4.307537688442211,3.082937136819863,6.093145161290322,,,5570.0,5570.0,1.0
MISSINGNESS_BY_MARKET_REGIME,Bull trend,912,385,0.3060059431694902,0.3774494057179556,1.6107254871021357,1.461632155907422,-0.9904883448529627,-0.789117691267105,0.5974025974025974,359,0.9899627055410446,0.7606787595084707,2.9773980217338987,2.525832376578641,-1.8588928727732787,-1.5298738887740249,0.6211699164345403,327,0.7744530015006037,0.5864164623094137,3.7305501476485605,3.1208401124094065,-2.2057168123537627,-1.8402013211701875,0.5779816513761468,0,,,,,,,,,,3.162079510703364,,,,912.0,912.0,1.0
MISSINGNESS_BY_MARKET_REGIME,Choppy,483,426,0.7822543034223749,0.7185263917095397,1.8636415721094246,1.6263755308704275,-0.7364469279200138,-0.6088293810416312,0.7464788732394366,0,,,,,,,,0,,,,,,,,0,,,,,,,,,,,,,,483.0,483.0,1.0
MISSINGNESS_BY_MARKET_REGIME,Distribution,4453,4173,0.1592668674040204,-0.0196972255050886,1.714749682484567,1.2778860732077124,-1.3157804219403355,-1.136485472284765,0.4950874670500839,3909,0.7063788701192214,0.2419784155253346,3.259434909477938,2.1739130434782705,-2.2506262186811754,-1.9328982834444508,0.5361985162445638,3627,1.241350728731039,0.7472423200094891,4.291895296331729,3.014606857971613,-2.67136444849344,-2.272417751318123,0.5880893300248139,2587,2.6655806827982125,1.9768983147131047,6.33621974595767,4.881706097967342,-3.0906655721678598,-2.625,0.6872825666795516,0.6161825726141079,4.270428015564202,3.068100358422939,6.073830691921144,,,4453.0,4453.0,1.0
COVERAGE_OUTCOME,MISSING_SECTOR,5848,4984,0.22385097493081108,0.09651385752231785,1.7194404187923427,1.332458114528634,-1.241134852491841,-1.0497424433345115,0.5244783306581059,4268,0.7302323370630908,0.3047972435727519,3.2357115630158693,2.205151249349735,-2.2176758271205066,-1.8782249742002155,0.5433458294283037,3954,1.2027377907430892,0.7280657510193134,4.245471456266126,3.025153363116506,-2.632854894366562,-2.2514816398851223,0.5872534142640364,2587,2.665580682798213,1.9768983147131047,6.336219745957669,4.881706097967342,-3.0906655721678598,-2.625,0.6872825666795516,0.6161825726141079,4.270428015564202,3.0758725341426403,6.073830691921144,,,,,
