setup_type,setup_model,analysis_kind,N,N_1d,mean_return_1d,median_return_1d,mean_MFE_1d,median_MFE_1d,mean_MAE_1d,median_MAE_1d,hit_rate_1d,N_3d,mean_return_3d,median_return_3d,mean_MFE_3d,median_MFE_3d,mean_MAE_3d,median_MAE_3d,hit_rate_3d,N_5d,mean_return_5d,median_return_5d,mean_MFE_5d,median_MFE_5d,mean_MAE_5d,median_MAE_5d,hit_rate_5d,N_10d,mean_return_10d,median_return_10d,mean_MFE_10d,median_MFE_10d,mean_MAE_10d,median_MAE_10d,hit_rate_10d,target_before_stop_rate_10d,mean_time_to_target,mean_time_to_MFE_5d,mean_time_to_MFE_10d,spearman_5d,spearman_10d,slice_value
breakout,CURRENT_TYPE_SPECIFIC,ALL,116,104,0.5170582148880418,0.45128629678794496,2.2793619885213228,1.6330524702221516,-1.4905975754958012,-1.348737014437662,0.6057692307692307,99,0.6025702727462011,0.7110208227526504,3.4892100448720016,2.859493931289858,-2.4766741493054565,-1.98491950275117,0.6060606060606061,95,1.3923214322337483,1.2369033760186277,4.3359507056204425,3.7599072105161335,-2.6141356855653566,-2.0289310539169603,0.7157894736842105,75,1.6061082504579054,1.2073649260488928,5.692496935368317,4.361120051496603,-3.229751203935912,-2.6510721247563374,0.6133333333333333,0.7407407407407407,3.608695652173913,2.957894736842105,5.466666666666667,0.35308944918650603,-0.1997468028495408,
breakout,CURRENT_TYPE_SPECIFIC,TOP_20_PCT_WITHIN_SETUP,34,31,0.6554658092267389,0.8524201319398239,2.301786776495296,1.650269755633138,-1.370292831192018,-1.6549104720564256,0.5806451612903226,29,1.4571170215365898,0.7933989209774728,4.085380989349476,2.967359050445117,-1.7154577335772994,-1.6549104720564256,0.6206896551724138,26,2.4559976392703975,1.2728406158446726,4.970632197651839,3.937621832358684,-1.7032936088182884,-1.8913578762547676,0.8846153846153846,21,1.3819084854286363,0.0875401225561844,5.673365606090146,4.6536224219989375,-2.0004184780238923,-2.022700814901046,0.5238095238095238,0.8333333333333334,1.2,3.1153846153846154,4.619047619047619,0.35308944918650603,-0.1997468028495408,
breakout,OLD_MAX,ALL,116,104,0.5170582148880418,0.45128629678794496,2.2793619885213228,1.6330524702221516,-1.4905975754958012,-1.348737014437662,0.6057692307692307,99,0.6025702727462011,0.7110208227526504,3.4892100448720016,2.859493931289858,-2.4766741493054565,-1.98491950275117,0.6060606060606061,95,1.3923214322337483,1.2369033760186277,4.3359507056204425,3.7599072105161335,-2.6141356855653566,-2.0289310539169603,0.7157894736842105,75,1.6061082504579054,1.2073649260488928,5.692496935368317,4.361120051496603,-3.229751203935912,-2.6510721247563374,0.6133333333333333,0.7407407407407407,3.608695652173913,2.957894736842105,5.466666666666667,0.2167489273572158,-0.04931530212396562,
breakout,OLD_MAX,TOP_20_PCT_WITHIN_SETUP,34,31,1.1040048994655154,1.2503721345638483,2.4742076328836253,1.8098703237242164,-0.94597309812842,-1.2501166153559118,0.6774193548387096,29,1.0216208172445485,0.6530459930963683,3.3379433579557656,3.109292811221498,-1.3750700739192694,-1.537631507957915,0.6206896551724138,26,1.9729199741087768,1.2781043007743298,4.097185487482258,3.78835055182295,-1.486531047564174,-2.022700814901046,0.9230769230769231,20,0.7410402381904753,1.8297243252322184,4.991486073574583,4.090403802318909,-1.6959016001849019,-2.022700814901046,0.55,0.7,3.6,3.1153846153846154,5.5,0.2167489273572158,-0.04931530212396562,
breakout,HYBRID_PRIMARY_CONFIRMATION,ALL,116,104,0.5170582148880418,0.45128629678794496,2.2793619885213228,1.6330524702221516,-1.4905975754958012,-1.348737014437662,0.6057692307692307,99,0.6025702727462011,0.7110208227526504,3.4892100448720016,2.859493931289858,-2.4766741493054565,-1.98491950275117,0.6060606060606061,95,1.3923214322337483,1.2369033760186277,4.3359507056204425,3.7599072105161335,-2.6141356855653566,-2.0289310539169603,0.7157894736842105,75,1.6061082504579054,1.2073649260488928,5.692496935368317,4.361120051496603,-3.229751203935912,-2.6510721247563374,0.6133333333333333,0.7407407407407407,3.608695652173913,2.957894736842105,5.466666666666667,0.2894126249771491,-0.18077847395073382,
breakout,HYBRID_PRIMARY_CONFIRMATION,TOP_20_PCT_WITHIN_SETUP,34,31,0.7041995624096284,0.8524201319398239,2.193085508949593,1.650269755633138,-1.380444216335698,-1.6549104720564256,0.6129032258064516,29,1.4765314729448704,0.7933989209774728,4.035449764967659,2.967359050445117,-1.7080740166697645,-1.6549104720564256,0.6206896551724138,26,2.479745346387128,1.2781043007743298,4.914939678149044,3.695970276886529,-1.717492019650032,-1.8913578762547676,0.8846153846153846,21,1.5433110469009432,0.0875401225561844,5.829785554681014,4.673943464875463,-1.9476304195902343,-2.022700814901046,0.5238095238095238,0.8333333333333334,1.4,3.1923076923076925,5.0,0.2894126249771491,-0.18077847395073382,
extended_momentum,CURRENT_TYPE_SPECIFIC,ALL,211,195,-0.00695564121472384,-0.2049705354855158,1.3967917457390446,1.0455635491606774,-1.2399355610161609,-0.9683098591549256,0.4358974358974359,155,-0.23165522764794982,-0.0950703240779504,2.1329225783125887,1.5539568345323884,-2.343242382886438,-2.3147295388960543,0.4838709677419355,148,0.09662196115181648,0.08362735595986434,2.7800531192739455,2.375829257712747,-2.758897474661906,-2.508276051265029,0.5,72,-0.2602429408473676,-0.540450553329902,4.227468309682338,3.421421549796011,-3.5568690881678413,-3.7409339610637415,0.4305555555555556,0.25,4.071428571428571,2.9054054054054053,5.486111111111111,0.10245720493895914,0.10638298548364848,
extended_momentum,CURRENT_TYPE_SPECIFIC,TOP_20_PCT_WITHIN_SETUP,53,49,-0.13916664400099052,-0.457902034761859,1.475565898360466,0.922909880564604,-1.8229248227856998,-0.9706233272064768,0.3877551020408163,37,0.05132238094464088,-0.6925945657964783,2.780105499536136,2.374593590339069,-3.037069795350069,-2.816370880115904,0.4594594594594595,35,0.3809089986805008,0.7123180945491026,3.641149684264218,2.5117475945401813,-3.3369222605117894,-2.857619855866877,0.6,17,-0.42114643992658496,1.5252820727120753,5.148693318308372,2.8502930207778387,-5.120473790322343,-6.248338207923432,0.5882352941176471,0.3333333333333333,1.0,2.8,5.117647058823529,0.10245720493895914,0.10638298548364848,
extended_momentum,OLD_MAX,ALL,211,195,-0.00695564121472384,-0.2049705354855158,1.3967917457390446,1.0455635491606774,-1.2399355610161609,-0.9683098591549256,0.4358974358974359,155,-0.23165522764794982,-0.0950703240779504,2.1329225783125887,1.5539568345323884,-2.343242382886438,-2.3147295388960543,0.4838709677419355,148,0.09662196115181648,0.08362735595986434,2.7800531192739455,2.375829257712747,-2.758897474661906,-2.508276051265029,0.5,72,-0.2602429408473676,-0.540450553329902,4.227468309682338,3.421421549796011,-3.5568690881678413,-3.7409339610637415,0.4305555555555556,0.25,4.071428571428571,2.9054054054054053,5.486111111111111,0.09676219831716283,-0.037431356422744706,
extended_momentum,OLD_MAX,TOP_20_PCT_WITHIN_SETUP,50,45,0.2604177479321648,-0.4731514084507005,1.697040913548202,0.9937646141854994,-1.5261444040676082,-0.9774964838255906,0.4666666666666667,36,0.6204983011273396,0.4811247221714776,2.7755449893468724,1.6204563677255202,-2.4684805201261906,-2.1499387323159147,0.5833333333333334,34,1.7681080861459844,1.488028641754302,4.282809410621526,3.2237871674491325,-2.585158221147,-2.3340340609561085,0.8235294117647058,13,0.500417305856184,0.9193170787415106,5.966405676678507,2.780791412093886,-3.7761139806303827,-2.6229897335469654,0.6153846153846154,0.42857142857142855,1.0,3.764705882352941,5.0,0.09676219831716283,-0.037431356422744706,
extended_momentum,HYBRID_PRIMARY_CONFIRMATION,ALL,211,195,-0.00695564121472384,-0.2049705354855158,1.3967917457390446,1.0455635491606774,-1.2399355610161609,-0.9683098591549256,0.4358974358974359,155,-0.23165522764794982,-0.0950703240779504,2.1329225783125887,1.5539568345323884,-2.343242382886438,-2.3147295388960543,0.4838709677419355,148,0.09662196115181648,0.08362735595986434,2.7800531192739455,2.375829257712747,-2.758897474661906,-2.508276051265029,0.5,72,-0.2602429408473676,-0.540450553329902,4.227468309682338,3.421421549796011,-3.5568690881678413,-3.7409339610637415,0.4305555555555556,0.25,4.071428571428571,2.9054054054054053,5.486111111111111,0.08556012942965338,0.10742007780214864,
extended_momentum,HYBRID_PRIMARY_CONFIRMATION,TOP_20_PCT_WITHIN_SETUP,53,49,-0.13916664400099052,-0.457902034761859,1.475565898360466,0.922909880564604,-1.8229248227856998,-0.9706233272064768,0.3877551020408163,37,0.05132238094464088,-0.6925945657964783,2.780105499536136,2.374593590339069,-3.037069795350069,-2.816370880115904,0.4594594594594595,35,0.3809089986805008,0.7123180945491026,3.641149684264218,2.5117475945401813,-3.3369222605117894,-2.857619855866877,0.6,17,-0.42114643992658496,1.5252820727120753,5.148693318308372,2.8502930207778387,-5.120473790322343,-6.248338207923432,0.5882352941176471,0.3333333333333333,1.0,2.8,5.117647058823529,0.08556012942965338,0.10742007780214864,
momentum_continuation,CURRENT_TYPE_SPECIFIC,ALL,121,97,-0.7838670988887531,-1.1117752540346748,1.2015108677001776,0.921452336178219,-1.7420048686551717,-1.5667841754798406,0.25773195876288657,88,-1.1276930948424528,-1.0946853699496162,1.6246307530597164,0.9437845466305994,-3.0846353387204073,-2.788938785157169,0.29545454545454547,81,-1.4508917958863363,-1.6823376247649402,2.096070332270618,1.3600714782090684,-3.8660449277520486,-3.493661085841482,0.2962962962962963,39,-0.00659923140754697,-0.274375961988893,4.042398732404659,2.512168315277141,-4.169670263250336,-4.223968565815328,0.4358974358974359,0.4,3.625,2.493827160493827,5.923076923076923,0.051547267230544515,-0.006935881627620222,
momentum_continuation,CURRENT_TYPE_SPECIFIC,TOP_20_PCT_WITHIN_SETUP,33,19,-0.3384028428906434,-1.610017889087656,1.8612621143351984,1.9743877311494185,-1.6859997365850585,-1.813735479926637,0.42105263157894735,17,-0.39918929597286024,-0.4935419510658345,2.393068532991574,1.9743877311494185,-3.2078450524509363,-2.8748127747982744,0.35294117647058826,15,-0.26466235627151363,-1.744186046511631,3.636563035242238,3.3989266547406194,-3.827689755587184,-3.941229028094906,0.4,11,-0.13664296849323912,-1.1367020748535794,5.301921552956301,3.876700089347773,-4.563680974566994,-5.439462354300117,0.45454545454545453,0.42857142857142855,4.0,2.8,4.909090909090909,0.051547267230544515,-0.006935881627620222,
momentum_continuation,OLD_MAX,ALL,121,97,-0.7838670988887531,-1.1117752540346748,1.2015108677001776,0.921452336178219,-1.7420048686551717,-1.5667841754798406,0.25773195876288657,88,-1.1276930948424528,-1.0946853699496162,1.6246307530597164,0.9437845466305994,-3.0846353387204073,-2.788938785157169,0.29545454545454547,81,-1.4508917958863363,-1.6823376247649402,2.096070332270618,1.3600714782090684,-3.8660449277520486,-3.493661085841482,0.2962962962962963,39,-0.00659923140754697,-0.274375961988893,4.042398732404659,2.512168315277141,-4.169670263250336,-4.223968565815328,0.4358974358974359,0.4,3.625,2.493827160493827,5.923076923076923,0.03092410292740633,0.5349077779668906,
momentum_continuation,OLD_MAX,TOP_20_PCT_WITHIN_SETUP,32,25,-0.8282583831142557,-0.3781611912077598,1.0565327034492051,0.9437845466305994,-1.8710716370677472,-1.5667841754798406,0.32,23,-0.6822570113855492,-1.4290949065591807,1.7597453971330619,0.9437845466305994,-2.9535843048992203,-2.788938785157169,0.30434782608695654,21,-1.6803383589334455,-2.492146596858636,2.2544374058238525,1.0252515663565551,-4.437416095344128,-3.874345549738223,0.23809523809523808,11,1.5743882662922624,-0.236350744504854,5.255702103909886,4.173228346456703,-4.3460809612146045,-2.788938785157169,0.45454545454545453,0.6666666666666666,3.75,2.380952380952381,7.2727272727272725,0.03092410292740633,0.5349077779668906,
momentum_continuation,HYBRID_PRIMARY_CONFIRMATION,ALL,121,97,-0.7838670988887531,-1.1117752540346748,1.2015108677001776,0.921452336178219,-1.7420048686551717,-1.5667841754798406,0.25773195876288657,88,-1.1276930948424528,-1.0946853699496162,1.6246307530597164,0.9437845466305994,-3.0846353387204073,-2.788938785157169,0.29545454545454547,81,-1.4508917958863363,-1.6823376247649402,2.096070332270618,1.3600714782090684,-3.8660449277520486,-3.493661085841482,0.2962962962962963,39,-0.00659923140754697,-0.274375961988893,4.042398732404659,2.512168315277141,-4.169670263250336,-4.223968565815328,0.4358974358974359,0.4,3.625,2.493827160493827,5.923076923076923,-0.10375692109106968,-0.050914508836826966,
momentum_continuation,HYBRID_PRIMARY_CONFIRMATION,TOP_20_PCT_WITHIN_SETUP,33,19,-0.9601899145226052,-1.6507030772366038,1.7199563718713626,1.2838801711840375,-1.9515029385316673,-2.211321546613509,0.3157894736842105,17,-1.798298654659268,-2.8195930847936146,1.6583799796546836,1.2838801711840375,-3.745405169769228,-4.221886210679237,0.17647058823529413,15,-2.4494577845241117,-2.791929896066836,2.1055441318290047,1.9743877311494185,-4.43692455521458,-4.221886210679237,0.13333333333333333,7,-3.281215339984246,-3.5255757081719907,2.4039896333563897,1.998845810817884,-5.722953691356756,-6.215610352557565,0.14285714285714285,0.0,,2.066666666666667,3.2857142857142856,-0.10375692109106968,-0.050914508836826966,
none,CURRENT_TYPE_SPECIFIC,ALL,421,357,0.21489225085680738,0.1520372998175645,1.77393793154249,1.2732138512691726,-1.1864237305373724,-0.9484536082474238,0.5406162464985994,318,0.9001075401046416,0.12724983211422894,3.4671018357288577,2.2259983007646422,-2.0246783295596815,-1.6485690935710062,0.5251572327044025,285,1.1442826449293984,0.6972616632860085,4.256830002571962,3.093172387778176,-2.372253836787828,-1.916300921060776,0.6070175438596491,176,1.2569649224031005,0.285632676378178,5.885519580134711,4.0473610896146095,-3.051123077998123,-2.4534096934348715,0.5227272727272727,0.44642857142857145,3.75,3.101754385964912,5.5852272727272725,-0.0014744285319726782,-0.04499840106681622,
none,CURRENT_TYPE_SPECIFIC,TOP_20_PCT_WITHIN_SETUP,22,14,0.3458335667939952,0.39370540434179313,1.8296534878690969,1.629966522963966,-0.7746549331065318,-0.43645328606481404,0.6428571428571429,9,0.834555753165003,-0.0503792437515748,3.5333835514810334,2.571268865287868,-1.6235929757255485,-2.2866578969464646,0.4444444444444444,8,1.1862658034872229,0.851331308515979,4.243877758382994,3.807481585628314,-1.7302748400772727,-1.8605900783873253,0.75,0,,,,,,,,,,3.125,,-0.0014744285319726782,-0.04499840106681622,
none,OLD_MAX,ALL,421,357,0.21489225085680738,0.1520372998175645,1.77393793154249,1.2732138512691726,-1.1864237305373724,-0.9484536082474238,0.5406162464985994,318,0.9001075401046416,0.12724983211422894,3.4671018357288577,2.2259983007646422,-2.0246783295596815,-1.6485690935710062,0.5251572327044025,285,1.1442826449293984,0.6972616632860085,4.256830002571962,3.093172387778176,-2.372253836787828,-1.916300921060776,0.6070175438596491,176,1.2569649224031005,0.285632676378178,5.885519580134711,4.0473610896146095,-3.051123077998123,-2.4534096934348715,0.5227272727272727,0.44642857142857145,3.75,3.101754385964912,5.5852272727272725,0.01801509532435167,-0.22660556697506973,
none,OLD_MAX,TOP_20_PCT_WITHIN_SETUP,97,79,0.3961036855647313,-0.1057082452431412,1.8337492040272279,0.9089128305582728,-1.3140907367037533,-1.3706793802145456,0.45569620253164556,72,0.6515765399916419,-0.588389121338917,3.239502622685171,2.078891907867797,-2.0011877289143585,-1.7629776791994458,0.375,67,1.2716382328334483,0.2419299094491123,4.153532158237101,3.0925925925926023,-2.41670576735771,-2.1607549625772826,0.582089552238806,39,-0.6461494669627048,-0.8669690532238539,5.4049436052213125,3.3473043578113426,-4.043717904599277,-3.495638588725425,0.41025641025641024,0.4642857142857143,2.769230769230769,3.4029850746268657,5.051282051282051,0.01801509532435167,-0.22660556697506973,
none,HYBRID_PRIMARY_CONFIRMATION,ALL,421,357,0.21489225085680738,0.1520372998175645,1.77393793154249,1.2732138512691726,-1.1864237305373724,-0.9484536082474238,0.5406162464985994,318,0.9001075401046416,0.12724983211422894,3.4671018357288577,2.2259983007646422,-2.0246783295596815,-1.6485690935710062,0.5251572327044025,285,1.1442826449293984,0.6972616632860085,4.256830002571962,3.093172387778176,-2.372253836787828,-1.916300921060776,0.6070175438596491,176,1.2569649224031005,0.285632676378178,5.885519580134711,4.0473610896146095,-3.051123077998123,-2.4534096934348715,0.5227272727272727,0.44642857142857145,3.75,3.101754385964912,5.5852272727272725,0.0303390030430705,0.04670075674356374,
none,HYBRID_PRIMARY_CONFIRMATION,TOP_20_PCT_WITHIN_SETUP,0,0,,,,,,,,0,,,,,,,,0,,,,,,,,0,,,,,,,,,,,,0.0303390030430705,0.04670075674356374,
pullback,CURRENT_TYPE_SPECIFIC,ALL,3588,3051,0.3241527856890714,0.1540832049306439,1.867447727457163,1.4371257485029876,-1.245348520154537,-1.080308205576297,0.5362176335627663,2632,0.865576059070027,0.36815253329842695,3.5093046520673656,2.304134213475917,-2.2754037930062783,-1.9831848151955045,0.5448328267477204,2445,1.335499985643666,0.6640248953365901,4.521140395924603,3.0812711104983848,-2.720332723352559,-2.3054417788180293,0.5815950920245399,1630,3.1999045197521596,2.50248121366794,6.780478876506539,5.188444848769924,-3.116579458297747,-2.6576019777503124,0.7134969325153374,0.6477516059957173,4.189111747851003,3.042944785276074,6.160736196319019,-0.0215605247472914,0.13226720582899734,
pullback,CURRENT_TYPE_SPECIFIC,TOP_20_PCT_WITHIN_SETUP,725,587,0.14632368069731386,-0.0984966303784307,1.7271569339858905,1.331133739120549,-1.208782629878475,-1.008688704683902,0.48211243611584326,484,0.6484841485602143,0.14605677893073649,3.1651699068098735,1.8894056818039457,-2.167549919889469,-2.0316239474123146,0.5247933884297521,448,1.4277844418981698,0.8051645406683239,4.475407079431393,2.7658183550352433,-2.5358337931249055,-2.2508440665249485,0.5982142857142857,268,4.6983214461309,3.835314299718173,7.834183729417791,6.64635087177905,-2.7756332494501486,-2.428035043804766,0.8022388059701493,0.8,4.125,3.2232142857142856,6.958955223880597,-0.0215605247472914,0.13226720582899734,
pullback,OLD_MAX,ALL,3588,3051,0.3241527856890714,0.1540832049306439,1.867447727457163,1.4371257485029876,-1.245348520154537,-1.080308205576297,0.5362176335627663,2632,0.865576059070027,0.36815253329842695,3.5093046520673656,2.304134213475917,-2.2754037930062783,-1.9831848151955045,0.5448328267477204,2445,1.335499985643666,0.6640248953365901,4.521140395924603,3.0812711104983848,-2.720332723352559,-2.3054417788180293,0.5815950920245399,1630,3.1999045197521596,2.50248121366794,6.780478876506539,5.188444848769924,-3.116579458297747,-2.6576019777503124,0.7134969325153374,0.6477516059957173,4.189111747851003,3.042944785276074,6.160736196319019,-0.05523176018616885,0.046525330767968484,
pullback,OLD_MAX,TOP_20_PCT_WITHIN_SETUP,718,594,0.44826061917614013,-0.0392453477964016,1.9337828988939658,1.2686127354157972,-1.1655370769801747,-1.1054591345327491,0.4983164983164983,507,0.3601070638394853,-0.170739171753953,3.218588968074325,1.85574981743204,-2.2022618273515864,-2.059746282908204,0.47337278106508873,479,1.0615704770382914,0.4281746644036577,4.163827931032905,2.543142597638504,-2.558352323720153,-2.329959990586028,0.5594989561586639,270,3.7666157277483006,3.221141693349572,7.040644084713793,5.799955958992942,-2.693491516310922,-2.1860511104353773,0.7592592592592593,0.8181818181818182,4.104347826086957,2.9457202505219207,6.733333333333333,-0.05523176018616885,0.046525330767968484,
pullback,HYBRID_PRIMARY_CONFIRMATION,ALL,3588,3051,0.3241527856890714,0.1540832049306439,1.867447727457163,1.4371257485029876,-1.245348520154537,-1.080308205576297,0.5362176335627663,2632,0.865576059070027,0.36815253329842695,3.5093046520673656,2.304134213475917,-2.2754037930062783,-1.9831848151955045,0.5448328267477204,2445,1.335499985643666,0.6640248953365901,4.521140395924603,3.0812711104983848,-2.720332723352559,-2.3054417788180293,0.5815950920245399,1630,3.1999045197521596,2.50248121366794,6.780478876506539,5.188444848769924,-3.116579458297747,-2.6576019777503124,0.7134969325153374,0.6477516059957173,4.189111747851003,3.042944785276074,6.160736196319019,-0.03839292278307848,0.11063320933167557,
pullback,HYBRID_PRIMARY_CONFIRMATION,TOP_20_PCT_WITHIN_SETUP,725,586,0.19731098514274156,-0.1038675383393306,1.740240119678452,1.1964693923559033,-1.2106999582016333,-1.0694729753730814,0.4812286689419795,489,0.4078020068381914,-0.0679611650485356,3.023501239744488,1.80553028924868,-2.194798277959633,-2.0517928286852616,0.4887525562372188,456,1.1143302304027087,0.4281746644036577,4.221957418512676,2.558591751100203,-2.583015630345079,-2.355653230587895,0.5635964912280702,256,4.327458120358657,3.667664670658688,7.493720253189126,6.473082480668402,-2.8646540525083415,-2.4225030026883365,0.8046875,0.8014184397163121,4.304,3.094298245614035,6.96484375,-0.03839292278307848,0.11063320933167557,
trend_repair,CURRENT_TYPE_SPECIFIC,ALL,176,149,-0.11991605989073525,-0.2987506789788097,1.4013178463054272,1.0781671159029615,-1.4557579213711962,-1.469842878864669,0.3959731543624161,129,0.9139689051833485,0.6289112363398575,3.1946372209607965,2.1496598639455744,-2.199453180997474,-1.9079837618403368,0.5271317829457365,121,2.3227085697956977,1.7413817562774936,5.09502749941367,3.454623697045056,-2.280499243719064,-1.9328982834444508,0.7024793388429752,95,2.0978907588315767,1.195457262402866,6.322873767933005,5.086336668732838,-2.4409114739240945,-2.3239099185433654,0.6421052631578947,0.45614035087719296,3.7,3.553719008264463,5.778947368421052,-0.0405681579000971,0.028722177697163988,
trend_repair,CURRENT_TYPE_SPECIFIC,TOP_20_PCT_WITHIN_SETUP,42,36,0.06712329927798649,-0.164656190714818,1.7252961517564063,1.4078452611591352,-1.198476839860547,-1.6293399363753847,0.4722222222222222,31,0.9333000115024511,0.5904509823882798,3.4026943838473707,2.531282492560316,-1.5608841056742362,-1.6335748013021845,0.5161290322580645,29,1.9467079783616363,2.0508407730092104,4.541190466135795,3.0711959050721216,-1.769317842337911,-1.6335748013021845,0.6206896551724138,18,2.7487012358321006,0.23128399442965403,5.2598651494641375,3.353226289804545,-1.4759072258154364,-1.0237319683573776,0.6111111111111112,0.4444444444444444,2.75,3.4482758620689653,5.888888888888889,-0.0405681579000971,0.028722177697163988,
trend_repair,OLD_MAX,ALL,176,149,-0.11991605989073525,-0.2987506789788097,1.4013178463054272,1.0781671159029615,-1.4557579213711962,-1.469842878864669,0.3959731543624161,129,0.9139689051833485,0.6289112363398575,3.1946372209607965,2.1496598639455744,-2.199453180997474,-1.9079837618403368,0.5271317829457365,121,2.3227085697956977,1.7413817562774936,5.09502749941367,3.454623697045056,-2.280499243719064,-1.9328982834444508,0.7024793388429752,95,2.0978907588315767,1.195457262402866,6.322873767933005,5.086336668732838,-2.4409114739240945,-2.3239099185433654,0.6421052631578947,0.45614035087719296,3.7,3.553719008264463,5.778947368421052,0.07649725763863575,0.12340344915162506,
trend_repair,OLD_MAX,TOP_20_PCT_WITHIN_SETUP,42,38,-0.04367666590930793,-0.29168834438664804,1.2573940781412132,0.8629079126637129,-1.5087102233913128,-1.6544862673918637,0.3684210526315789,32,0.5226735873877553,-0.7302144109961772,3.0260258414258883,1.9891745602165,-2.084677119452581,-1.9079837618403368,0.40625,29,2.8392433032452775,2.387984440282387,4.796883139261689,3.0711959050721216,-2.2291152967949643,-1.6838674633351425,0.7931034482758621,20,3.4355048642528248,1.2455620332500361,6.296177610154582,3.911540123901469,-1.390373671632557,-1.0237319683573776,0.85,0.4166666666666667,2.75,3.4482758620689653,6.9,0.07649725763863575,0.12340344915162506,
trend_repair,HYBRID_PRIMARY_CONFIRMATION,ALL,176,149,-0.11991605989073525,-0.2987506789788097,1.4013178463054272,1.0781671159029615,-1.4557579213711962,-1.469842878864669,0.3959731543624161,129,0.9139689051833485,0.6289112363398575,3.1946372209607965,2.1496598639455744,-2.199453180997474,-1.9079837618403368,0.5271317829457365,121,2.3227085697956977,1.7413817562774936,5.09502749941367,3.454623697045056,-2.280499243719064,-1.9328982834444508,0.7024793388429752,95,2.0978907588315767,1.195457262402866,6.322873767933005,5.086336668732838,-2.4409114739240945,-2.3239099185433654,0.6421052631578947,0.45614035087719296,3.7,3.553719008264463,5.778947368421052,-0.0319317232810304,0.005803489827195906,
trend_repair,HYBRID_PRIMARY_CONFIRMATION,TOP_20_PCT_WITHIN_SETUP,42,36,0.01821594678652647,-0.2572232827514842,1.7393270279830415,1.4078452611591352,-1.2308456433553665,-1.6293399363753847,0.4166666666666667,31,0.7702919044592668,-0.2120663826144508,3.3416079885060213,2.531282492560316,-1.761919275644206,-1.797838768289184,0.45161290322580644,29,2.0932980598501336,2.0508407730092104,4.710486104701784,3.406116668459358,-1.9842175067885683,-1.797838768289184,0.6206896551724138,18,1.9725313654220424,-0.06635621781743704,5.431369013711279,3.353226289804545,-2.50734421410309,-1.343473390216582,0.5,0.4444444444444444,2.75,3.4482758620689653,5.444444444444445,-0.0319317232810304,0.005803489827195906,
vcp,CURRENT_TYPE_SPECIFIC,ALL,1215,1031,0.08870172023896093,0.0990262419541032,1.3618246738475313,1.202773454082351,-1.1445320205940135,-0.9478021978021944,0.5363724539282251,847,0.6018752493751198,0.4737496116806516,2.6444843224258188,2.138040677594444,-1.9701998321996586,-1.5469233413544117,0.577331759149941,779,1.0964199205434815,0.9478118417973302,3.73500143296295,2.966123216008953,-2.3584757846306244,-1.8782249742002155,0.6110397946084724,500,2.3160483075051443,1.9495958155016704,5.628253842031911,4.7530288909599205,-2.971400023024852,-2.4883875248838727,0.736,0.6854838709677419,5.0220994475138125,3.202824133504493,6.206,-0.09090154057671096,-0.1359362475309433,
vcp,CURRENT_TYPE_SPECIFIC,TOP_20_PCT_WITHIN_SETUP,254,208,0.13028901337507956,0.06630880925631015,1.344723115011265,1.160748197260808,-1.0384713003793555,-0.8756567425569184,0.5096153846153846,161,0.3605765264568112,0.4737496116806516,2.2872162384333956,2.044153720359776,-1.9381501203182816,-1.72663560549704,0.5652173913043478,138,0.5808452366674594,0.25190451195093994,3.129853026862294,2.6265325242691095,-2.2949962541292,-1.9427379061702554,0.5579710144927537,77,1.513280453355301,0.745484086781989,4.397620555343436,3.864363830354756,-2.999794532587107,-2.724676958815276,0.6493506493506493,0.625,5.769230769230769,3.152173913043478,6.51948051948052,-0.09090154057671096,-0.1359362475309433,
vcp,OLD_MAX,ALL,1215,1031,0.08870172023896093,0.0990262419541032,1.3618246738475313,1.202773454082351,-1.1445320205940135,-0.9478021978021944,0.5363724539282251,847,0.6018752493751198,0.4737496116806516,2.6444843224258188,2.138040677594444,-1.9701998321996586,-1.5469233413544117,0.577331759149941,779,1.0964199205434815,0.9478118417973302,3.73500143296295,2.966123216008953,-2.3584757846306244,-1.8782249742002155,0.6110397946084724,500,2.3160483075051443,1.9495958155016704,5.628253842031911,4.7530288909599205,-2.971400023024852,-2.4883875248838727,0.736,0.6854838709677419,5.0220994475138125,3.202824133504493,6.206,0.00314988551283505,-0.0384399941272844,
vcp,OLD_MAX,TOP_20_PCT_WITHIN_SETUP,196,155,0.40068150631032856,0.4378283712784592,1.6710360556247297,1.405743121470615,-0.8742183995298959,-0.7461788422192805,0.6193548387096774,121,1.2485215840834651,1.2690858615903131,3.1617178690946033,2.423513234788599,-1.636520166092664,-0.8756567425569184,0.7355371900826446,111,1.2971835155925495,1.489459211732358,4.201469171198012,3.5073405785016165,-2.1160674186597683,-1.3278152946802455,0.7297297297297297,62,2.4067695354225553,2.708991191623733,5.993322449034364,5.3124268663702345,-2.5718858157232156,-1.599464476918333,0.7258064516129032,0.7714285714285715,4.785714285714286,3.27027027027027,6.274193548387097,0.00314988551283505,-0.0384399941272844,
vcp,HYBRID_PRIMARY_CONFIRMATION,ALL,1215,1031,0.08870172023896093,0.0990262419541032,1.3618246738475313,1.202773454082351,-1.1445320205940135,-0.9478021978021944,0.5363724539282251,847,0.6018752493751198,0.4737496116806516,2.6444843224258188,2.138040677594444,-1.9701998321996586,-1.5469233413544117,0.577331759149941,779,1.0964199205434815,0.9478118417973302,3.73500143296295,2.966123216008953,-2.3584757846306244,-1.8782249742002155,0.6110397946084724,500,2.3160483075051443,1.9495958155016704,5.628253842031911,4.7530288909599205,-2.971400023024852,-2.4883875248838727,0.736,0.6854838709677419,5.0220994475138125,3.202824133504493,6.206,-0.0662183331881727,-0.10949440659498945,
vcp,HYBRID_PRIMARY_CONFIRMATION,TOP_20_PCT_WITHIN_SETUP,256,209,0.20286718011485969,0.0822207431188992,1.392913048983716,1.1956521739130643,-0.9632657281413223,-0.8601739462869129,0.5119617224880383,162,0.3979556588587413,0.6912215165979507,2.348120239219774,2.1038844776294585,-1.8758368451686152,-1.5469233413544117,0.5802469135802469,139,0.4978038992536637,0.4211956521739113,3.2725456851609662,2.6611830168138395,-2.224735019453039,-1.9306126349995176,0.5899280575539568,82,1.035155674508661,0.6439595529537101,4.464218048257324,3.8619239031111423,-3.158957268401002,-2.836590662323568,0.5975609756097561,0.5957446808510638,5.586206896551724,3.1366906474820144,6.146341463414634,-0.0662183331881727,-0.10949440659498945,
momentum_continuation,DIAGNOSTIC,EXTENSION_PERCENTILE_BUCKET,48,33,-0.6227365414728415,-1.1400000000000077,1.1489527921024703,0.6406345332519825,-1.5697709757915652,-1.753333333333329,0.21212121212121213,31,-1.1381764119621898,-0.7379494426126509,1.3266651159251386,0.6708504652672698,-2.9837854637696033,-2.788938785157169,0.22580645161290322,31,-0.9804972734172239,-1.206194778119729,1.8983861671807183,1.036668951336539,-3.6573467050116184,-3.097834676782052,0.3548387096774194,16,0.9522093127678906,-0.236350744504854,3.7344647405813793,2.5047011957292864,-3.2429730760260003,-3.202393878809345,0.4375,0.42857142857142855,1.6666666666666667,3.129032258064516,7.0625,,,GE_P90
momentum_continuation,DIAGNOSTIC,EXTENSION_PERCENTILE_BUCKET,40,36,-0.6741288081650852,-1.2454369765943718,1.3715356394978389,0.9437845466305994,-2.0271310254115247,-1.6902598277032388,0.3333333333333333,33,-0.8280597674269329,-1.888822474596552,2.128287506361986,1.2838801711840375,-3.1892465079929764,-2.815000000000001,0.36363636363636365,28,-1.327490983483062,-2.6284840644478447,2.857300448117173,2.093575631936828,-3.9678435165097037,-4.009651524492081,0.35714285714285715,14,0.3896181918149476,1.2237165927442173,5.363792515062282,5.171099288605419,-4.847721627175992,-4.504476879676189,0.5,0.7142857142857143,4.8,2.357142857142857,5.214285714285714,,,P50_TO_P80
momentum_continuation,DIAGNOSTIC,EXTENSION_PERCENTILE_BUCKET,33,28,-1.1148630582022212,-0.8798611445486215,1.0448510359147687,0.921452336178219,-1.5784040408433964,-1.1866314007694723,0.21428571428571427,24,-1.5261479687591322,-0.772423571668357,1.316974998567925,1.2755706500276354,-3.0710594027820797,-3.047366153887654,0.2916666666666667,22,-2.270776020606071,-1.7132618356382856,1.4057869629107682,1.5761743168422937,-4.030557855922003,-3.493661085841482,0.13636363636363635,9,-2.3274859682877604,-4.1257367387033455,2.5343355004008576,1.998845810817884,-4.762385363320359,-4.223968565815328,0.3333333333333333,0.0,,1.7727272727272727,5.0,,,P80_TO_P90
momentum_continuation,DIAGNOSTIC,TRIGGER_STATE,62,53,-0.2242591625816254,-0.2729443875810422,1.3679457870049874,0.921452336178219,-1.4686796054509357,-1.309856130556153,0.3584905660377358,47,-0.5843526242198712,-0.3872019563888274,1.9209054048358687,1.2755706500276354,-2.618925182284685,-2.771550845730586,0.3617021276595745,45,-0.7715346742864685,-1.332560834298957,2.3415185473473445,1.2755706500276354,-3.386680946045701,-3.097834676782052,0.3333333333333333,19,1.4844744340697418,1.1853959222380084,4.887076373634393,3.058288161681056,-3.0224033200131393,-3.097834676782052,0.5789473684210527,0.7,3.7142857142857144,2.3555555555555556,6.105263157894737,,,beyond_trigger
momentum_continuation,DIAGNOSTIC,TRIGGER_STATE,56,41,-1.4725293528428334,-1.6933564163600925,1.0408874874364662,0.9437845466305994,-2.1115460185409773,-2.044235924932969,0.14634146341463414,38,-1.738760193782958,-1.4290949065591807,1.350418730821353,0.9437845466305994,-3.6897113868664717,-3.7030667376588164,0.23684210526315788,36,-2.300088197886171,-2.5282633005933532,1.7892600634247091,1.5761743168422937,-4.465249904884985,-4.028292322542043,0.25,20,-1.423119213610971,-2.2957867815989355,3.239954973236413,2.3693654076385684,-5.259573859325674,-4.576856649395511,0.3,0.1,3.0,2.6666666666666665,5.75,,,extended_beyond_trigger
momentum_continuation,DIAGNOSTIC,TRIGGER_STATE,3,3,-1.258556502942243,-1.258556502942243,0.4563468235859291,0.4563468235859291,-1.520355470157331,-1.5203554701573307,0.0,3,-1.8998438813498275,-1.8998438813498275,0.4563468235859291,0.4563468235859291,-2.7164645130299037,-2.716464513029904,0.0,0,,,,,,,,0,,,,,,,,,,,,,,freshly_triggered
momentum_continuation,DIAGNOSTIC,STAGE,7,7,0.29171588102091367,-0.9167237834132868,2.357267859546,1.9777777777777887,-0.8142708707162366,-1.396504455106229,0.42857142857142855,7,0.0307764133672158,-0.6768334475668158,2.4421434731735525,1.9777777777777887,-1.7479871688570046,-2.321795750514044,0.2857142857142857,7,-0.2864145578773442,-1.4136394790952744,3.144281568219255,1.9777777777777887,-3.0131895280190935,-2.321795750514044,0.2857142857142857,2,9.926168990976205,9.926168990976205,10.137114731044194,10.137114731044194,1.2305168170631653,1.2305168170631653,1.0,1.0,1.0,3.0,10.0,,,Stage 1
momentum_continuation,DIAGNOSTIC,STAGE,104,81,-0.8174618861778717,-1.1117752540346748,1.2148704975705766,0.9437845466305994,-1.731268907723565,-1.5203554701573307,0.25925925925925924,72,-1.2234587804991763,-1.3403141361256532,1.5768616378035736,0.9861017253485871,-3.090127105482065,-2.788938785157169,0.2638888888888889,65,-1.4713412893988482,-1.6823376247649402,2.0496444318945306,1.4257757897679468,-3.8632862679881224,-3.566333808844513,0.3076923076923077,35,-0.8008488001956202,-0.6282722513088923,3.6356948886198097,2.497234076181432,-4.555662111453985,-4.223968565815328,0.37142857142857144,0.25,3.75,2.3692307692307693,5.685714285714286,,,Stage 2
momentum_continuation,DIAGNOSTIC,STAGE,10,9,-1.3180785532164248,-1.6933564163600925,0.1823520940976141,0.5004328067517827,-2.560199404325467,-2.268414697257193,0.1111111111111111,9,-1.2625994493072963,0.1190476190476186,1.3709404483536511,0.6708504652672698,-4.080316447854236,-2.815000000000001,0.5555555555555556,9,-2.208905527858523,-2.5643800043280707,1.6160930959156383,0.7142857142857117,-4.549300559172709,-2.815000000000001,0.2222222222222222,2,3.9599999999999858,3.9599999999999858,5.065000000000008,5.065000000000008,-2.815000000000001,-2.815000000000001,1.0,1.0,6.0,3.0,6.0,,,Unknown
momentum_continuation,DIAGNOSTIC,VOLUME_PERCENTILE_BUCKET,45,42,-0.7929175852440544,-1.2454369765943718,1.2188112290886706,0.9672616099255182,-1.7987902582328954,-1.6600587544065848,0.3333333333333333,35,-1.40306824900291,-1.4653746159300485,1.7180784211851772,1.2755706500276354,-3.3181061043307634,-3.4649044472227275,0.4,31,-1.1456267400751465,-1.9627201642840264,2.350696284524021,1.5761743168422937,-3.961233527207385,-3.874345549738223,0.3548387096774194,17,-0.7026870317760393,-0.6282722513088923,3.854459858904181,1.998845810817884,-4.396701367412596,-4.223968565815328,0.35294117647058826,0.3,4.0,2.6774193548387095,5.823529411764706,,,P0_25
momentum_continuation,DIAGNOSTIC,VOLUME_PERCENTILE_BUCKET,19,14,-0.23341647215870953,-0.8534850640113945,1.6893731628567905,0.8310486634681258,-1.3992882016547254,-1.330463386080066,0.2857142857142857,14,-0.044810299205684787,-0.181760708076506,1.9445269057629841,0.8995887594242635,-2.401598866357883,-2.770341234978341,0.35714285714285715,14,-2.088693209220025,-1.1790253581967725,2.3463085316251218,1.639552997289595,-4.002689624145583,-3.097834676782052,0.42857142857142855,8,0.08090612337399161,1.1853959222380084,4.444364204404321,3.88721632669613,-5.291984972305771,-4.045424333442399,0.625,,,3.142857142857143,7.125,,,P25_50
momentum_continuation,DIAGNOSTIC,VOLUME_PERCENTILE_BUCKET,32,30,-1.1211955380396064,-1.258556502942243,0.9933368200295756,0.921452336178219,-1.7471412458850621,-1.6670454750419839,0.1,28,-1.0779924116664605,-0.8490566037735792,1.232598946788537,0.9326184414044092,-2.902757881737332,-2.673146186791242,0.14285714285714285,25,-1.0971338544803075,-1.6823376247649402,1.6146054210504204,0.9437845466305994,-3.221810514314984,-3.493661085841482,0.16,10,0.45333531543411165,-0.8934713882502221,3.8392890891371585,2.7852282384790987,-3.4785005852003215,-4.576856649395511,0.4,0.2857142857142857,1.0,1.96,5.3,,,P50_75
momentum_continuation,DIAGNOSTIC,VOLUME_PERCENTILE_BUCKET,8,6,-0.19580440473418262,-0.0750000000000028,1.2937976447261317,1.7523268799351728,-1.9754949000767705,-2.211111111111108,0.3333333333333333,6,-0.23121750251029458,0.024423826677333338,2.7649212953787115,2.656388888888894,-3.1906832806658443,-3.435277777777779,0.5,6,-0.8876640786333377,-0.878270013677801,3.0390879620453757,3.06763888888889,-4.468461058443618,-3.5184431053396192,0.5,3,2.5481364829396225,3.9599999999999858,4.76774278215224,5.065000000000008,-2.2703674540682375,-2.815000000000001,0.6666666666666666,1.0,5.0,2.8333333333333335,5.0,,,P75_90
momentum_continuation,DIAGNOSTIC,VOLUME_PERCENTILE_BUCKET,17,5,-0.9308093664287066,-2.156287735035367,0.8284735591907877,0.5433845092289058,-1.9136079627182778,-2.268414697257193,0.4,5,-3.5862333800863455,-2.0847810979847226,0.9018173129481475,0.5433845092289058,-4.2540983308336795,-3.941229028094906,0.0,5,-4.002354152315126,-2.674394956274162,1.0924258704781795,0.6406345332519825,-5.39154317158251,-3.941229028094906,0.0,1,-1.1367020748535794,-1.1367020748535794,3.876700089347773,3.876700089347773,-3.941229028094906,-3.941229028094906,0.0,,,1.8,7.0,,,P90_100
momentum_continuation,DIAGNOSTIC,MARKET_REGIME,18,5,-1.1679016895242733,-1.1400000000000077,0.26206293323805413,0.684523809523796,-2.5880334879581657,-2.3964825820167235,0.2,5,-0.13324281946020422,0.2468198215302752,1.4602133410821416,0.7344059525535185,-3.200868813113446,-2.8748127747982744,0.8,5,0.07511875422031133,-0.9787017024066812,2.8232981757858555,2.061830633606143,-3.5888559195001983,-3.9039474319949807,0.4,0,,,,,,,,,,4.2,,,,Bull trend
momentum_continuation,DIAGNOSTIC,MARKET_REGIME,7,7,0.054897490383395586,-0.3576072821846687,1.5528858747099166,1.1094452773613206,-2.1549176827562397,-0.8395802098950522,0.42857142857142855,0,,,,,,,,0,,,,,,,,0,,,,,,,,,,,,,,Choppy
momentum_continuation,DIAGNOSTIC,MARKET_REGIME,96,85,-0.8303515597326051,-1.2454369765943718,1.227835745620677,0.921452336178219,-1.6582338945937312,-1.5667841754798406,0.24705882352941178,83,-1.1875997379377687,-1.3403141361256532,1.634535416431859,0.9437845466305994,-3.077633322190706,-2.788938785157169,0.26506024096385544,76,-1.5512872268144051,-1.7132618356382856,2.0482263951972466,1.321975824696553,-3.8842810467159867,-3.479282766532105,0.2894736842105263,39,-0.00659923140754697,-0.274375961988893,4.042398732404659,2.512168315277141,-4.169670263250336,-4.223968565815328,0.4358974358974359,0.4,3.625,2.3815789473684212,5.923076923076923,,,Distribution
momentum_continuation,DIAGNOSTIC,EQ_BUCKET,32,26,-0.8400541100284312,-1.430010449089708,1.172363942194924,1.0392540808267348,-1.7833799931509988,-1.8684251844873545,0.23076923076923078,22,-1.9808850524950472,-1.3403141361256532,1.427443096549753,1.0284189040665748,-3.3780480638911556,-2.4272854033881464,0.18181818181818182,22,-1.7605846960464697,-2.492146596858636,1.8873799648755805,1.6666666666666607,-4.081586543905674,-3.5031683005961822,0.2727272727272727,12,-1.2759828014126071,-0.6282722513088923,3.056940889108064,2.512168315277141,-4.791659223957427,-5.008159501847814,0.3333333333333333,0.14285714285714285,3.0,2.590909090909091,5.166666666666667,,,5_TO_7
momentum_continuation,DIAGNOSTIC,EQ_BUCKET,76,70,-0.743065844394627,-0.8534850640113945,1.2236866139898614,0.8577413128661338,-1.695219477279011,-1.5192930967044938,0.2714285714285714,65,-0.8241960014347703,-0.6957905395631347,1.7101035300707932,0.9437845466305994,-2.9721480519030075,-2.815000000000001,0.3384615384615385,58,-1.3376409892353651,-1.6823376247649402,2.187918382904279,1.2838801711840375,-3.7829914854120035,-3.479282766532105,0.3103448275862069,26,0.622735602573482,0.10794107771930905,4.503598454043738,2.5063897910584947,-3.8913846365838114,-3.446662434022624,0.5,0.5384615384615384,3.7142857142857144,2.4310344827586206,6.230769230769231,,,GE_7
momentum_continuation,DIAGNOSTIC,EQ_BUCKET,13,1,-2.179092623845935,-2.179092623845935,0.4070286905589082,0.4070286905589082,-3.941229028094906,-3.941229028094906,0.0,1,-2.0847810979847226,-2.0847810979847226,0.4070286905589082,0.4070286905589082,-3.941229028094906,-3.941229028094906,0.0,1,-1.206194778119729,-1.206194778119729,1.3600714782090684,1.3600714782090684,-3.941229028094906,-3.941229028094906,0.0,1,-1.1367020748535794,-1.1367020748535794,3.876700089347773,3.876700089347773,-3.941229028094906,-3.941229028094906,0.0,,,4.0,7.0,,,LT_5
momentum_continuation,DIAGNOSTIC,RSI_BUCKET,100,89,-0.870767479236417,-1.1117752540346748,1.148789281207614,0.8844339622641417,-1.7897194065942132,-1.753333333333329,0.24719101123595505,80,-1.1045434598552806,-0.8490566037735792,1.569021019127429,0.9437845466305994,-3.1217988484551285,-2.815000000000001,0.3,76,-1.515376684676441,-1.7132618356382856,1.9665434420878698,1.2838801711840375,-3.8817634130980796,-3.479282766532105,0.27631578947368424,35,0.05776595185424875,-0.236350744504854,3.8901244341492234,2.512168315277141,-4.08998800391535,-3.941229028094906,0.45714285714285713,0.4,3.625,2.5,6.2,,,60_TO_70
momentum_continuation,DIAGNOSTIC,RSI_BUCKET,3,2,-0.6692141097618343,-0.6692141097618343,1.7201711168886913,1.7201711168886913,-0.9147813696976703,-0.9147813696976703,0.5,2,-1.05127246362815,-1.05127246362815,2.171709497651053,2.171709497651053,-4.017164212864338,-4.017164212864338,0.0,2,-0.6734239402536701,-0.6734239402536701,4.295515021120555,4.295515021120555,-5.616866593816722,-5.616866593816722,0.5,1,7.481885960306633,7.481885960306633,9.765830095558115,9.765830095558115,-5.439462354300117,-5.439462354300117,1.0,,,2.5,7.0,,,70_TO_75
momentum_continuation,DIAGNOSTIC,RSI_BUCKET,12,0,,,,,,,,0,,,,,,,,0,,,,,,,,0,,,,,,,,,,,,,,75_TO_80
momentum_continuation,DIAGNOSTIC,RSI_BUCKET,6,6,0.4669375465592929,-0.7657504452616426,1.8106609842770345,0.8176574710825446,-1.3099803888785564,-1.5203554701573307,0.3333333333333333,6,-1.4618284384095144,-1.8998438813498275,2.183734290626434,0.8176574710825446,-2.2782789175428166,-2.716464513029904,0.3333333333333333,3,-0.3355865169587931,1.3522629706856248,3.911121757666939,5.277198577210829,-2.3006288549428136,-0.9413712743775228,0.6666666666666666,3,-3.2536881000332216,-4.124248742794057,3.911121757666939,5.277198577210829,-4.676032591808592,-4.504476879676189,0.0,,,2.3333333333333335,2.3333333333333335,,,LT_60
