setup_type,analysis_kind,slice_value,N,N_5d,N_10d,mean_return_5d,median_return_5d,std_return_5d,mean_return_10d,median_return_10d,std_return_10d,mean_MFE_5d,median_MFE_5d,mean_MAE_5d,median_MAE_5d,mean_MFE_10d,median_MFE_10d,mean_MAE_10d,median_MAE_10d,positive_5d_rate,positive_10d_rate,target_hit_5d_rate,stop_hit_5d_rate,target_hit_10d_rate,stop_hit_10d_rate,MFE_MAE_ratio_5d,evidence_strength
breakout,ALL,ALL,116,95,75,1.3923214526315788,1.236903,3.6837403075348414,1.60610816,1.207365,4.665284097713485,4.3359508,3.759907,-2.6141356947368424,-2.028931,5.69249696,4.36112,-3.229751226666667,-2.651072,0.7157894736842105,0.6133333333333333,0.3150684931506849,0.0410958904109589,0.41818181818181815,0.12727272727272726,1.6586555964672247,WEAK
breakout,SQ_QUARTILE,1,29,24,18,0.5487474166666666,0.20697449999999998,2.599031537988984,1.8785723333333333,0.790079,3.5680377405319676,3.6982287916666654,4.3008275000000005,-2.8211700833333335,-2.0584645,5.726968833333334,4.859972,-3.1981404444444443,-2.400472,0.625,0.7222222222222222,0.2,0.0,0.26666666666666666,0.0,1.3108847330810518,DESCRIPTIVE_ONLY
breakout,SQ_QUARTILE,2,29,26,21,-0.0750709615384615,0.6021465,4.264406478185216,0.6897851428571429,-0.378788,3.4411001187901853,3.2298916538461544,2.410468,-3.9389479999999994,-3.3498845,3.7451884285714283,3.603088,-5.079635380952381,-3.577842,0.5384615384615384,0.47619047619047616,0.3157894736842105,0.15789473684210525,0.5333333333333333,0.4666666666666667,0.8199883963551067,DESCRIPTIVE_ONLY
breakout,SQ_QUARTILE,3,29,21,15,2.2680165714285714,1.267577,3.262915220585306,1.981017,1.305292,6.696095470546836,4.874648095238094,3.882606,-2.2800015714285715,-1.98492,6.903901333333333,5.95656,-3.0422569333333334,-2.494396,0.7619047619047619,0.6666666666666666,0.3125,0.0,0.5,0.0,2.138002076982695,DESCRIPTIVE_ONLY
breakout,SQ_QUARTILE,4,29,24,21,3.0593373749999997,1.598951,3.5921876612075674,2.0210984285714284,1.639344,5.02459312145827,5.700543416666668,4.295622,-1.2642553333333333,-1.5637629999999998,6.7449693333333345,4.673943,-1.540886523809524,-1.822731,0.9583333333333334,0.6190476190476191,0.4444444444444444,0.0,0.4,0.0,4.5090127495342465,DESCRIPTIVE_ONLY
breakout,TRIGGER_STATE,beyond_trigger,54,47,38,1.5417559361702124,1.111111,3.540177360226329,1.471847447368421,0.057274,5.600652205426753,4.475298340425532,4.313267,-3.041227191489362,-3.09616,6.10209352631579,4.756797000000001,-3.8134497631578945,-3.223553,0.7659574468085106,0.5526315789473685,0.2972972972972973,0.0,0.3793103448275862,0.0,1.4715435771945309,WEAK
breakout,TRIGGER_STATE,extended_beyond_trigger,6,6,4,3.3100965,2.013423,2.482667925800368,0.51347525,0.08754,1.390430222340643,5.8524008333333315,5.3363075,-1.4825161666666666,-1.6930375,6.3194935,5.602568,-2.10818225,-2.9954650000000003,1.0,0.75,0.6,0.0,0.3333333333333333,0.0,3.9476134998865096,DESCRIPTIVE_ONLY
breakout,TRIGGER_STATE,freshly_triggered,56,42,33,0.9511292857142855,1.1632805,3.9415021740695995,1.8931517575757575,2.735678,3.691338041476238,3.9633785476190475,2.600059,-2.297859904761905,-1.787206,5.144840727272727,4.145078,-2.6935612727272726,-1.853161,0.6190476190476191,0.6666666666666666,0.2903225806451613,0.0967741935483871,0.4782608695652174,0.30434782608695654,1.7248129615759658,WEAK
breakout,STAGE,Stage 1,26,21,12,2.0048522857142856,1.849204,2.646349424063896,4.454863916666667,4.5065095,1.8063610037167117,4.6046413333333325,3.078391,-2.1779403809523807,-2.028931,6.942063583333334,6.396402,-2.2087797499999997,-2.276269,0.7142857142857143,1.0,0.4,0.2,1.0,0.42857142857142855,2.1142182649277994,DESCRIPTIVE_ONLY
breakout,STAGE,Stage 2,44,30,24,2.9243395000000003,1.5965675,3.891294064963087,2.292169,2.761282,5.807570889188676,5.220803599999999,4.206549,-1.6945794333333335,-1.525619,6.544435291666666,4.7669575,-2.1751815000000003,-1.5902645,0.8,0.6666666666666666,0.43478260869565216,0.0,0.35294117647058826,0.0,3.080884553006986,WEAK
breakout,STAGE,Stage 3,12,10,9,1.8682295999999998,1.3967070000000001,2.3542481032430715,2.322298222222222,2.521972,4.631637400945311,4.3653741,4.467574,-2.1161167,-0.974453,7.587585222222221,7.37604,-2.792490222222222,-2.541078,1.0,0.6666666666666666,0.42857142857142855,0.0,0.8333333333333334,0.0,2.0629174657522436,DESCRIPTIVE_ONLY
breakout,STAGE,Stage 4,1,1,0,-3.895937,-3.895937,,,,,1.230296,1.230296,-4.485454,-4.485454,,,,,0.0,,0.0,0.0,,,0.27428572447738847,DESCRIPTIVE_ONLY
breakout,STAGE,Unknown,33,33,30,-0.3741789090909091,0.114548,3.6869988572121177,-0.29709983333333334,-0.516103,3.738832182732566,3.4457488787878785,3.632033,-3.8218829999999997,-3.169333,3.9425931666666667,3.288818,-4.6129739,-3.185472,0.5757575757575758,0.4,0.14814814814814814,0.0,0.2,0.16,0.9015840827120765,WEAK
breakout,MARKET_REGIME,Bull trend,19,10,0,0.11024119999999993,-0.628947,3.119619291728107,,,,3.3639878000000003,3.6222595,-3.0493565,-2.91334,,,,,0.4,,0.25,0.0,,,1.1031795724770128,DESCRIPTIVE_ONLY
breakout,MARKET_REGIME,Choppy,4,0,0,,,,,,,,,,,,,,,,,,,,,,DESCRIPTIVE_ONLY
breakout,MARKET_REGIME,Distribution,93,85,75,1.5431544235294115,1.267577,3.7314865083557303,1.6061081600000002,1.207365,4.665284097713484,4.450299388235294,3.759907,-2.5629332470588237,-2.022701,5.69249696,4.36112,-3.229751226666667,-2.651072,0.7529411764705882,0.6133333333333333,0.3230769230769231,0.046153846153846156,0.41818181818181815,0.12727272727272726,1.7364086221685164,WEAK
extended_momentum,ALL,ALL,211,148,72,0.09662191891891898,0.0836275,2.871740948348583,-0.26024305555555555,-0.540451,3.4052789722071637,2.7800531148648644,2.3758295,-2.7588975000000002,-2.508276,4.227468291666666,3.4214215,-3.556869055555555,-3.740934,0.5,0.4305555555555556,0.11538461538461539,0.6442307692307693,0.2692307692307692,0.7692307692307693,1.007668140938496,USEFUL_BUT_NOISY
extended_momentum,SQ_QUARTILE,1,53,40,19,0.275442925,0.5401935,2.8789865820442957,-0.017276473684210557,0.466877,2.8431688919365303,2.798298125,2.4995725,-2.7478167,-2.439275,3.6037947368421057,3.205047,-2.9726774210526314,-3.141607,0.575,0.5263157894736842,0.05714285714285714,0.6285714285714286,0.29411764705882354,0.8823529411764706,1.0183714674272124,WEAK
extended_momentum,SQ_QUARTILE,2,53,42,19,-0.7830529285714285,-1.238158,2.4564533795434444,0.02799942105263164,-1.231291,3.713516683004524,1.784899738095238,1.6316765,-2.909651333333333,-2.8582995,3.375167894736842,2.608696,-3.6651656842105265,-4.151909,0.30952380952380953,0.3684210526315789,0.0,0.7777777777777778,0.0,1.0,0.6134411080967679,WEAK
extended_momentum,SQ_QUARTILE,3,52,36,20,0.7575464999999999,0.569527,3.0668003989139887,-0.51138315,-0.529738,2.6716832950972327,3.625941305555555,3.131894,-2.399151888888889,-2.1538060000000003,5.8205648,5.821506,-3.6267575,-3.875425,0.5555555555555556,0.4,0.2857142857142857,0.5714285714285714,0.42857142857142855,0.42857142857142855,1.5113429551285413,WEAK
extended_momentum,SQ_QUARTILE,4,53,30,14,0.2966292,0.712318,3.004303121445883,-0.6223980714285712,-0.551164,4.708128965530468,3.133875333333333,2.374594,-2.9943112666666667,-2.85762,3.9547236428571426,2.020933,-4.102885928571428,-5.0605305000000005,0.6,0.42857142857142855,0.19047619047619047,0.5714285714285714,0.3,0.8,1.0466097390142182,WEAK
extended_momentum,TRIGGER_STATE,approaching,5,1,0,0.298733,0.298733,,,,,2.146897,2.146897,-0.083645,-0.083645,,,,,1.0,,0.0,0.0,,,25.66677027915596,DESCRIPTIVE_ONLY
extended_momentum,TRIGGER_STATE,at_trigger,31,23,9,-1.6306011739130435,-1.632973,1.8723489851648834,-0.2750842222222223,0.466877,1.8861285874793756,1.8774453913043478,1.521125,-3.4091946956521735,-3.478214,3.6749038888888887,3.205047,-4.422282444444444,-4.618715,0.2608695652173913,0.5555555555555556,0.15,1.0,0.2857142857142857,1.0,0.5507005492231636,DESCRIPTIVE_ONLY
extended_momentum,TRIGGER_STATE,beyond_trigger,12,12,6,-0.4942876666666667,-0.44238,1.0527663264532536,-4.018012333333332,-3.5271049999999997,3.0997043342052266,2.166516,2.289183,-4.106147083333334,-2.9958185,1.5197623333333332,1.3329095,-5.8123535,-5.4208585,0.3333333333333333,0.0,0.0,0.0,0.0,1.0,0.5276274707240252,DESCRIPTIVE_ONLY
extended_momentum,TRIGGER_STATE,freshly_triggered,31,18,14,0.10320077777777785,1.221949,3.468066124294863,0.5127564285714286,1.241349,2.1669909226398114,3.9581343333333336,2.35974,-3.9931999444444446,-3.876716,5.1553510000000005,5.3887475,-3.8752449999999996,-3.799206,0.6111111111111112,0.6428571428571429,0.5,0.25,0.3333333333333333,0.16666666666666666,0.9912186688372827,DESCRIPTIVE_ONLY
extended_momentum,TRIGGER_STATE,invalidated,9,3,2,-0.10530166666666667,-0.318776,0.3697483914452277,-3.602168,-3.602168,0.0,1.0671796666666666,0.828817,-2.129766333333333,-2.422697,0.828817,0.828817,-3.920944,-3.920944,0.3333333333333333,0.0,0.0,1.0,0.0,1.0,0.5010782873050706,DESCRIPTIVE_ONLY
extended_momentum,TRIGGER_STATE,near,122,91,41,0.6142294615384615,0.75874,3.020091943516405,0.1920019024390244,-0.551164,3.748163251944503,2.919489791208791,2.559367,-2.2228686153846153,-2.26367,4.5939624390243905,3.741007,-2.9103558780487804,-2.76259,0.5604395604395604,0.4146341463414634,0.07462686567164178,0.6268656716417911,0.29411764705882354,0.7941176470588235,1.3133883716755979,WEAK
extended_momentum,TRIGGER_STATE,too_far_below,1,0,0,,,,,,,,,,,,,,,,,,,,,,DESCRIPTIVE_ONLY
extended_momentum,STAGE,Stage 1,31,22,12,-0.6571757727272726,-0.1563315,2.7334427091198683,0.762107,1.119735,1.3575621567569367,1.8028456818181817,1.915783,-3.436265818181819,-3.1726335,3.278461333333334,4.071765,-2.7450299166666667,-3.1196785,0.5,0.75,0.0,0.7058823529411765,0.5,0.8,0.52465256682968,DESCRIPTIVE_ONLY
extended_momentum,STAGE,Stage 2,124,83,44,0.6225280000000001,0.403668,2.8428537136693235,-0.04466181818181807,-0.609251,3.8970814113652743,3.1084590361445787,2.435585,-2.19141065060241,-2.379554,4.812638522727273,3.4214215,-3.5030833409090913,-3.224002,0.5421686746987951,0.4318181818181818,0.14545454545454545,0.6181818181818182,0.22580645161290322,0.7096774193548387,1.4184740022551574,WEAK
extended_momentum,STAGE,Unknown,56,43,16,-0.5328351860465116,-0.319818,2.8459870315090554,-1.6198540000000001,-0.793842,2.6560935147638407,2.6461199069767445,2.35974,-3.5077185581395356,-2.882843,3.3300053750000003,3.074418,-4.313659124999999,-4.5601135,0.4186046511627907,0.1875,0.125,0.65625,0.18181818181818182,0.9090909090909091,0.7543706438010876,WEAK
extended_momentum,MARKET_REGIME,Bull trend,22,10,0,-1.0084341,-1.421847,1.9945598697287386,,,,3.5323869,2.3601845,-2.9919742,-3.174758,,,,,0.2,,0.3,0.7,,,1.180620775406419,DESCRIPTIVE_ONLY
extended_momentum,MARKET_REGIME,Choppy,35,0,0,,,,,,,,,,,,,,,,,,,,,,DESCRIPTIVE_ONLY
extended_momentum,MARKET_REGIME,Distribution,154,138,72,0.17669844202898558,0.31019,2.9140897625895312,-0.2602430555555555,-0.540451,3.4052789722071637,2.7255361739130435,2.3758295,-2.742007884057971,-2.498423,4.227468291666667,3.4214215,-3.556869055555555,-3.740934,0.5217391304347826,0.4305555555555556,0.09574468085106383,0.6382978723404256,0.2692307692307692,0.7692307692307693,0.9939928290357245,USEFUL_BUT_NOISY
momentum_continuation,ALL,ALL,121,81,39,-1.450891802469136,-1.682338,3.662945720040912,-0.006599256410256456,-0.274376,4.275104248880597,2.096070358024691,1.360071,-3.8660449135802466,-3.493661,4.042398692307692,2.512168,-4.169670282051281,-4.223969,0.2962962962962963,0.4358974358974359,0.12280701754385964,0.6666666666666666,0.32,0.48,0.5421743422229343,WEAK
momentum_continuation,SQ_QUARTILE,1,31,26,15,-1.116544,-1.1556315000000001,4.499522226139785,0.12760766666666665,-3.454871,5.393070288026686,2.122364346153846,1.576174,-3.7865125000000006,-3.2984475,4.665017666666667,5.065,-4.203740466666667,-4.223969,0.4230769230769231,0.4,0.09523809523809523,0.6190476190476191,0.4,0.5,0.5605063620293993,DESCRIPTIVE_ONLY
momentum_continuation,SQ_QUARTILE,2,30,23,5,-2.205793652173913,-1.682338,2.447502680788106,-0.5740646,-0.236351,2.5764092106764216,1.5222551304347829,1.036669,-3.6155510869565224,-2.963981,2.2142527999999997,1.67809,-3.6692316000000007,-2.861635,0.08695652173913043,0.4,0.0,0.8333333333333334,,,0.4210299049366159,DESCRIPTIVE_ONLY
momentum_continuation,SQ_QUARTILE,3,30,22,13,-1.2633054545454545,-2.5603154999999997,4.078173001169083,0.23653223076923074,0.452233,3.60273487195404,2.3003569545454545,1.153785,-4.110157818181818,-4.296703,4.154688846153847,2.497234,-3.765879769230769,-3.097835,0.36363636363636365,0.5384615384615384,0.2777777777777778,0.5555555555555556,0.3333333333333333,0.4166666666666667,0.5596760650818627,DESCRIPTIVE_ONLY
momentum_continuation,SQ_QUARTILE,4,30,10,6,-0.9966117999999999,-2.268058,2.7352099248521147,-0.3960136666666667,-2.3311390000000003,4.504402605123732,2.8980505,2.8127445,-4.1119166,-4.0282925,3.766010833333333,3.051631,-5.376406499999999,-5.827536,0.3,0.3333333333333333,0.0,0.8333333333333334,0.0,0.6666666666666666,0.7047931127786007,DESCRIPTIVE_ONLY
momentum_continuation,TRIGGER_STATE,beyond_trigger,62,45,19,-0.7715347111111113,-1.332561,3.742388434597086,1.4844743684210526,1.185396,4.199895675752385,2.341518511111111,1.275571,-3.386681,-3.097835,4.887076368421053,3.058288,-3.022403315789474,-3.097835,0.3333333333333333,0.5789473684210527,0.15151515151515152,0.6363636363636364,0.5,0.21428571428571427,0.6913903349949733,WEAK
momentum_continuation,TRIGGER_STATE,extended_beyond_trigger,56,36,20,-2.300088166666667,-2.5282635,3.424297475018368,-1.4231192,-2.2957865,3.9378735174830024,1.7892601666666665,1.576174,-4.465249805555555,-4.0282925,3.2399549,2.369365,-5.2595739,-4.576857,0.25,0.3,0.08333333333333333,0.7083333333333334,0.09090909090909091,0.8181818181818182,0.4007077419141282,WEAK
momentum_continuation,TRIGGER_STATE,freshly_triggered,3,0,0,,,,,,,,,,,,,,,,,,,,,,DESCRIPTIVE_ONLY
momentum_continuation,STAGE,Stage 1,7,7,2,-0.2864144285714286,-1.413639,5.671561447260442,9.926169,9.926169,0.0,3.1442815714285715,1.977778,-3.0131895714285712,-2.321796,10.137115,10.137115,1.230517,1.230517,0.2857142857142857,1.0,0.2857142857142857,0.42857142857142855,1.0,0.0,1.0435060579138566,DESCRIPTIVE_ONLY
momentum_continuation,STAGE,Stage 2,104,65,35,-1.4713413076923074,-1.682338,3.3686490324973932,-0.8008488285714285,-0.628272,3.612237768542697,2.0496444461538466,1.425776,-3.8632862615384616,-3.566334,3.635694828571429,2.497234,-4.555662142857143,-4.223969,0.3076923076923077,0.37142857142857144,0.12195121951219512,0.7560975609756098,0.19047619047619047,0.5714285714285714,0.5305442846830679,WEAK
momentum_continuation,STAGE,Unknown,10,9,2,-2.2089055555555555,-2.56438,4.174694457314424,3.96,3.96,0.0,1.616093222222222,0.714286,-4.5493004444444445,-2.815,5.065,5.065,-2.815,-2.815,0.2222222222222222,1.0,0.0,0.4444444444444444,1.0,0.0,0.35523994116409197,DESCRIPTIVE_ONLY
momentum_continuation,MARKET_REGIME,Bull trend,18,5,0,0.0751186000000001,-0.978702,3.98779119713643,,,,2.8232984,2.061831,-3.5888558,-3.903947,,,,,0.4,,0.2,0.6,,,0.7866848258433788,DESCRIPTIVE_ONLY
momentum_continuation,MARKET_REGIME,Choppy,7,0,0,,,,,,,,,,,,,,,,,,,,,,DESCRIPTIVE_ONLY
momentum_continuation,MARKET_REGIME,Distribution,96,76,39,-1.5512872236842106,-1.7132619999999998,3.6466500285084575,-0.006599256410256456,-0.274376,4.275104248880597,2.0482264078947368,1.3219755,-3.884281039473683,-3.4792825,4.042398692307692,2.512168,-4.169670282051281,-4.223969,0.2894736842105263,0.4358974358974359,0.11538461538461539,0.6730769230769231,0.32,0.48,0.5273115892181349,WEAK
none,ALL,ALL,421,285,176,1.1442826491228069,0.697262,4.633195951576308,1.2569649488636363,0.285633,5.388869620692681,4.256830010526316,3.093172,-2.3722538666666666,-1.916301,5.885519545454545,4.047361,-3.051123085227273,-2.45341,0.6070175438596491,0.5227272727272727,0.3073394495412844,0.41284403669724773,0.45714285714285713,0.4928571428571429,1.794424311133163,USEFUL_BUT_NOISY
none,SQ_QUARTILE,1,106,91,58,0.5159760439560439,0.894935,3.723030373487403,0.844488275862069,1.1557585000000001,3.6772384214508604,3.882951230769231,3.366282,-2.582468054945055,-1.758824,5.4125591551724135,4.61272,-3.2160132241379307,-2.45341,0.5714285714285714,0.603448275862069,0.28125,0.46875,0.45454545454545453,0.4772727272727273,1.5035815151068133,WEAK
none,SQ_QUARTILE,2,105,50,28,2.12888432,0.8220365000000001,5.607464128057252,3.015703535714286,1.198963,7.469274773731237,5.17241108,2.788004,-1.87735282,-1.4640715000000002,7.234646714285715,4.082715,-2.758858857142857,-1.756694,0.68,0.6428571428571429,0.3191489361702128,0.2127659574468085,0.5,0.42857142857142855,2.7551619625766453,WEAK
none,SQ_QUARTILE,3,105,92,64,1.5050229347826087,0.742091,5.576674765094604,1.32283146875,-0.523655,6.232232407285237,4.632466163043478,2.685533,-2.639950782608696,-2.285061,6.625866359374999,3.863676,-2.9163025625000003,-2.397507,0.5978260869565217,0.421875,0.3559322033898305,0.5423728813559322,0.4883720930232558,0.6046511627906976,1.7547547452630374,WEAK
none,SQ_QUARTILE,4,105,52,26,0.6588540192307691,0.4932115,2.69205172888361,0.12094607692307696,-1.010854,3.0174243983136466,3.366164423076923,3.262183,-2.006627807692308,-1.647655,3.6652866923076917,3.503826,-3.3299032307692307,-3.302457,0.6153846153846154,0.46153846153846156,0.2708333333333333,0.375,0.36,0.4,1.6775230614132322,WEAK
none,TRIGGER_STATE,invalidated,18,9,5,1.6599865555555557,1.860251,1.926305539383233,0.6725787999999999,-0.866969,2.2956279833140862,3.2040016666666666,3.341563,-1.8022834444444444,-1.807214,5.2272272,3.513716,-1.8798132000000003,-1.822992,0.8888888888888888,0.4,0.25,0.75,0.4,0.6,1.7777457128305938,DESCRIPTIVE_ONLY
none,TRIGGER_STATE,not_applicable,403,276,171,1.1274662173913046,0.630739,4.695967520595205,1.2740522631578948,0.285633,5.455244733761368,4.291161369565217,2.994732,-2.390839858695652,-2.0215325,5.904767859649123,4.047361,-3.085371912280702,-2.492047,0.5978260869565217,0.5263157894736842,0.30952380952380953,0.4,0.45925925925925926,0.4888888888888889,1.7948342938812747,USEFUL_BUT_NOISY
none,STAGE,Stage 1,87,62,30,-0.09010262903225813,-0.0504855,3.775936775895027,1.0087573,1.536017,3.6048104281891704,3.568632548387097,3.152699,-2.887605209677419,-2.0343955,5.093358866666667,4.597482,-3.7333024,-2.828766,0.5,0.6,0.2894736842105263,0.5789473684210527,0.55,0.5,1.2358450304866146,WEAK
none,STAGE,Stage 2,240,170,113,1.5806538647058825,0.742091,5.217015791281195,1.4994470707964602,-0.052812,6.156622742698674,4.711550552941177,2.977964,-2.2419016294117644,-2.027089,6.277460814159292,3.764085,-2.930525168141593,-2.397507,0.6294117647058823,0.4778761061946903,0.3458646616541353,0.39097744360902253,0.4725274725274725,0.4945054945054945,2.101586658009346,USEFUL_BUT_NOISY
none,STAGE,Stage 3,13,12,9,1.8128932500000001,2.123299,2.4536939851426283,-1.9104643333333335,-3.552685,2.7619483839802292,2.8850045833333327,3.10827,-2.0716712499999996,-1.758824,3.814650222222222,4.077812,-4.117129333333334,-5.672184,0.6666666666666666,0.3333333333333333,0.16666666666666666,0.25,0.2222222222222222,0.5555555555555556,1.3925976833116418,DESCRIPTIVE_ONLY
none,STAGE,Stage 4,7,0,0,,,,,,,,,,,,,,,,,,,,,,DESCRIPTIVE_ONLY
none,STAGE,Unknown,74,41,24,1.0058790731707319,0.605144,3.2704511251351502,1.6133238333333335,1.0992895,3.5936616255006615,3.8136020975609757,2.821902,-2.2214023658536584,-1.378579,5.80690625,5.297318000000001,-2.366461791666667,-1.850795,0.6585365853658537,0.7083333333333334,0.22857142857142856,0.37142857142857144,0.4,0.45,1.7167543152838294,WEAK
none,MARKET_REGIME,Bull trend,75,22,0,1.1395041363636365,1.0902764999999999,2.566452491188498,,,,3.428232636363637,2.788004,-2.011987636363637,-2.2442725,,,,,0.7272727272727273,,0.2222222222222222,0.5,,,1.703903430818118,DESCRIPTIVE_ONLY
none,MARKET_REGIME,Choppy,36,0,0,,,,,,,,,,,,,,,,,,,,,,DESCRIPTIVE_ONLY
none,MARKET_REGIME,Distribution,310,263,176,1.1446823726235742,0.697262,4.768762282625304,1.2569649488636365,0.285633,5.388869620692681,4.3261423384030415,3.127559,-2.402390205323194,-1.866904,5.885519545454545,4.047361,-3.051123085227273,-2.45341,0.596958174904943,0.5227272727272727,0.315,0.405,0.45714285714285713,0.4928571428571429,1.8007658909103172,USEFUL_BUT_NOISY
pullback,ALL,ALL,3588,2445,1630,1.3354999852760736,0.664025,4.708918725981929,3.199904509202454,2.502481,5.389904432591394,4.5211403987730066,3.081271,-2.7203327202453984,-2.305442,6.780478881595092,5.1884445,-3.1165794478527604,-2.657602,0.5815950920245399,0.7134969325153374,0.33882482152663373,0.25480505216913785,0.5778145695364238,0.29635761589403975,1.6619806706457434,STRONGER_AGGREGATE
pullback,SQ_QUARTILE,1,897,655,496,1.4779660503816794,0.747242,4.724786823929168,2.736520939516129,2.3449745,5.210509552160289,4.70258874351145,3.519704,-2.907673044274809,-2.240799,6.491585260080645,4.8920625,-3.2927196915322576,-2.811053,0.6152671755725191,0.6895161290322581,0.35375494071146246,0.3241106719367589,0.5529100529100529,0.34656084656084657,1.6173031396259698,STRONGER_AGGREGATE
pullback,SQ_QUARTILE,2,897,630,448,1.1224146492063494,0.805844,4.67934117761064,2.256115113839286,1.6486399999999999,5.066952856976089,4.28449703968254,3.1197035,-2.643533431746032,-2.272306,5.97621734375,4.269796,-3.19432884375,-2.6424415,0.5825396825396826,0.6495535714285714,0.3179916317991632,0.27615062761506276,0.5176470588235295,0.3323529411764706,1.6207463042571264,STRONGER_AGGREGATE
pullback,SQ_QUARTILE,3,897,608,364,1.2318729851973684,0.085798,5.253944246695815,3.6636735109890113,2.671773,5.586889110131461,4.645044162828947,2.91266,-2.8415527483552636,-2.50073,7.338315980769232,6.035558,-3.1831309835164836,-2.654867,0.5180921052631579,0.75,0.3393258426966292,0.23595505617977527,0.6014760147601476,0.28413284132841327,1.6346851789105703,STRONGER_AGGREGATE
pullback,SQ_QUARTILE,4,897,552,322,1.5237856829710144,0.9213985,4.040874138735601,4.702525574534161,3.77784,5.516227850000651,4.439443228260869,2.8422805,-2.452169427536232,-2.2218299999999997,7.713856835403727,6.6345045,-2.661852586956522,-2.428035,0.6105072463768116,0.7981366459627329,0.34438775510204084,0.16071428571428573,0.684931506849315,0.1689497716894977,1.8104145571708357,STRONGER_AGGREGATE
pullback,TRIGGER_STATE,approaching,4,0,0,,,,,,,,,,,,,,,,,,,,,,DESCRIPTIVE_ONLY
pullback,TRIGGER_STATE,at_trigger,71,33,25,-1.6112995757575757,-0.581265,3.118234513828388,1.7439856800000002,1.625776,2.975100390644738,3.325143484848485,3.522124,-3.053833727272727,-2.528753,4.043120640000001,3.522124,-4.18959324,-2.305442,0.3939393939393939,0.8,0.36,0.24,0.5263157894736842,0.3157894736842105,1.0888423476212163,WEAK
pullback,TRIGGER_STATE,beyond_trigger,1681,1154,728,1.3436265571923744,0.4784675,4.669074358510283,3.3172391126373624,2.698264,5.203372703662861,4.602316179376084,3.2176475,-2.7146629116117853,-2.397857,6.936389269230769,5.5312405,-3.0042496043956044,-2.6562345,0.5580589254766031,0.7074175824175825,0.35599078341013823,0.24193548387096775,0.6132596685082873,0.31123388581952116,1.6953545722711982,STRONGER_AGGREGATE
pullback,TRIGGER_STATE,extended_beyond_trigger,665,539,358,0.5274039591836734,0.105772,4.683203579413014,1.5997992402234635,0.944184,5.024845294766866,3.952478003710575,2.764977,-3.1370226864564006,-2.502131,5.962978005586592,4.333365000000001,-3.890061849162011,-3.415168,0.5194805194805194,0.61731843575419,0.2396088019559902,0.22493887530562348,0.4444444444444444,0.3037037037037037,1.259945623209795,STRONGER_AGGREGATE
pullback,TRIGGER_STATE,freshly_triggered,771,423,273,2.4834367730496454,1.402425,4.685239429305333,5.906742575091576,4.243172,6.090171515680692,5.250325111111111,3.23741,-2.295207312056738,-2.130682,8.853469923076922,7.693426,-2.497009717948718,-2.250844,0.706855791962175,0.8827838827838828,0.4025157232704403,0.2389937106918239,0.6948356807511737,0.2112676056338028,2.287516723884209,USEFUL_BUT_NOISY
pullback,TRIGGER_STATE,invalidated,384,292,242,1.457697294520548,0.870147,4.708066790306615,2.305035537190083,2.043793,4.510117343045304,4.322566030821918,2.965574,-2.5393060479452054,-1.9911280000000002,5.463703045454545,4.323635,-2.8685052396694215,-2.338435,0.6301369863013698,0.6776859504132231,0.365,0.395,0.5370370370370371,0.3395061728395062,1.7022627242272423,USEFUL_BUT_NOISY
pullback,TRIGGER_STATE,near,11,4,4,1.878301,1.9586995000000003,3.2259045169582024,3.55179575,3.9668615,9.116655879316252,4.980805500000001,5.0488254999999995,-3.6276752500000002,-3.236117,6.862905249999999,7.189586,-4.921723500000001,-5.006119,0.5,0.5,0.0,1.0,0.0,1.0,1.3730020348431136,DESCRIPTIVE_ONLY
pullback,TRIGGER_STATE,too_far_below,1,0,0,,,,,,,,,,,,,,,,,,,,,,DESCRIPTIVE_ONLY
pullback,STAGE,Stage 1,685,509,359,1.4415288664047152,0.91349,4.470491273599616,3.0688342646239555,2.586663,4.2443469765784965,4.635759557956778,3.184176,-2.442586084479371,-2.122373,6.456383810584957,5.276574,-2.551753799442897,-2.250844,0.6031434184675835,0.7715877437325905,0.3451086956521739,0.2717391304347826,0.5884615384615385,0.3153846153846154,1.8978899402617675,STRONGER_AGGREGATE
pullback,STAGE,Stage 2,2164,1444,927,1.0949858130193906,0.266509,4.6965012803575865,3.048565996763754,2.300347,5.56458605643142,4.337851781855956,2.965574,-2.912605364958449,-2.469401,6.606509968716289,5.014327,-3.4345214606256738,-2.902883,0.5519390581717452,0.6839266450916937,0.3373493975903614,0.26506024096385544,0.5807860262008734,0.3245997088791849,1.4893372902641204,STRONGER_AGGREGATE
pullback,STAGE,Stage 3,97,70,50,3.6368108571428572,4.3138805,4.020582481969098,7.081788380000001,7.721595000000001,7.206970634936384,5.871485328571429,5.635933,-1.153107157142857,-1.030726,9.87820082,9.5803455,-1.7944869799999998,-1.7706625,0.8571428571428571,0.78,0.4444444444444444,0.08888888888888889,0.6666666666666666,0.16666666666666666,5.0918817841003285,WEAK
pullback,STAGE,Stage 4,2,0,0,,,,,,,,,,,,,,,,,,,,,,DESCRIPTIVE_ONLY
pullback,STAGE,Unknown,640,422,294,1.6488696611374407,0.896664,5.016666721812524,3.1769481326530613,2.619328,5.503857296771443,4.786077521327014,3.293776,-2.6573875260663504,-2.1887144999999997,7.197938799319728,5.0592615,-3.0286365408163265,-2.5830665,0.6113744075829384,0.7244897959183674,0.3221884498480243,0.22492401215805471,0.5422222222222223,0.2088888888888889,1.8010461306001908,USEFUL_BUT_NOISY
pullback,MARKET_REGIME,Bull trend,537,186,0,1.179694876344086,0.93051,3.590836286580292,,,,4.107783456989248,3.2920695,-2.2028859516129033,-1.7300689999999999,,,,,0.6182795698924731,,0.2875,0.20625,,,1.8647281553462274,USEFUL_BUT_NOISY
pullback,MARKET_REGIME,Choppy,251,0,0,,,,,,,,,,,,,,,,,,,,,,DESCRIPTIVE_ONLY
pullback,MARKET_REGIME,Distribution,2800,2259,1630,1.3483285599822932,0.605602,4.789767715033893,3.199904509202454,2.502481,5.389904432591393,4.555175100486942,3.059723,-2.7629378990703852,-2.351113,6.780478881595092,5.1884445,-3.1165794478527604,-2.657602,0.5785745905267817,0.7134969325153374,0.3437688139674895,0.25948223961468997,0.5778145695364238,0.29635761589403975,1.6486708231913465,STRONGER_AGGREGATE
trend_repair,ALL,ALL,176,121,95,2.3227086198347107,1.741382,4.157706129889306,2.0978907578947372,1.195457,5.181092449874198,5.095027528925619,3.454624,-2.2804992809917355,-1.932898,6.322873778947368,5.086337,-2.440911484210526,-2.32391,0.7024793388429752,0.6421052631578947,0.4606741573033708,0.48314606741573035,0.6153846153846154,0.47692307692307695,2.2341719514640284,USEFUL_BUT_NOISY
trend_repair,SQ_QUARTILE,1,44,30,29,2.3483650666666667,1.820167,2.620505916064879,0.750824620689655,-0.361974,3.312322542822078,4.467814333333334,3.43543,-2.4138002333333333,-2.179422,5.725687586206896,5.199859,-2.788182827586207,-2.336427,0.9333333333333333,0.41379310344827586,0.5714285714285714,0.8095238095238095,0.75,0.8,1.8509461850384832,WEAK
trend_repair,SQ_QUARTILE,2,44,28,18,1.8541389285714285,0.956938,3.467397171537046,1.7697240555555556,2.34272,1.9943105611034213,5.564229035714286,4.875697000000001,-2.5639498571428567,-2.32391,6.664762055555555,5.5525125,-2.8134623333333333,-2.6428245,0.5357142857142857,0.8333333333333334,0.47619047619047616,0.3333333333333333,0.6363636363636364,0.2727272727272727,2.1701785704634635,DESCRIPTIVE_ONLY
trend_repair,SQ_QUARTILE,3,44,31,27,2.199785935483871,2.387984,4.8554683430013625,2.1444934814814816,1.208715,5.460500070604399,4.832212290322581,4.430697,-2.28833464516129,-1.920744,6.463835185185185,4.430697,-2.3663398888888887,-2.473658,0.6451612903225806,0.7777777777777778,0.6842105263157895,0.3684210526315789,0.7647058823529411,0.29411764705882354,2.1116720408618335,WEAK
trend_repair,SQ_QUARTILE,4,44,32,21,2.82773553125,1.4593245000000001,5.169877257941849,4.179492904761905,0.394558,7.834654764232207,5.52709084375,2.996167,-1.8999198750000001,-1.740853,6.6732762857142855,2.865291,-1.7378947619047618,-1.683867,0.6875,0.6190476190476191,0.21428571428571427,0.42857142857142855,0.29411764705882354,0.4117647058823529,2.9091178614835003,WEAK
trend_repair,TRIGGER_STATE,beyond_trigger,36,32,22,2.8470377499999997,1.0186475,5.213407464686764,4.370414681818182,1.815125,7.395443163198612,7.03576665625,5.1435189999999995,-2.3208261875,-1.740853,8.783470772727272,8.5797905,-2.5138950909090907,-1.683867,0.6875,0.9090909090909091,0.4583333333333333,0.2916666666666667,0.7142857142857143,0.2857142857142857,3.0315784500126424,WEAK
trend_repair,TRIGGER_STATE,extended_beyond_trigger,139,89,73,2.134185786516854,2.003578,3.723167155438393,1.4130205342465756,0.195038,4.128002165806707,4.3972336853932585,3.406117,-2.2659997191011234,-1.932898,5.5813239999999995,4.820089,-2.4189164246575343,-2.336427,0.7078651685393258,0.5616438356164384,0.46153846153846156,0.5538461538461539,0.5882352941176471,0.5294117647058824,1.9405270213967867,WEAK
trend_repair,TRIGGER_STATE,invalidated,1,0,0,,,,,,,,,,,,,,,,,,,,,,DESCRIPTIVE_ONLY
trend_repair,STAGE,Stage 1,95,63,49,1.9650115396825396,1.737901,3.3077110038502835,0.8617691428571428,0.195038,2.8833845867661467,3.9278105873015874,3.071196,-2.049134158730159,-1.683867,5.119794367346939,4.430697,-2.028641244897959,-1.683867,0.746031746031746,0.6530612244897959,0.4358974358974359,0.48717948717948717,0.6296296296296297,0.4444444444444444,1.9168147534740418,WEAK
trend_repair,STAGE,Stage 2,14,14,5,4.8052280000000005,4.941784,7.39517387296136,15.219320200000002,22.088353,9.405810532007182,9.141342,5.900812,-1.925841285714286,-1.633575,18.799318000000003,24.555364,-0.6392522,-1.018359,0.5714285714285714,1.0,0.25,0.5,1.0,0.0,4.746674644379906,DESCRIPTIVE_ONLY
trend_repair,STAGE,Unknown,67,44,41,2.044973272727273,1.820167,3.6958692006550407,1.9750325121951222,1.815125,4.5662203387541,5.478806272727272,5.199859,-2.7246177954545456,-2.39653,6.239182804878048,5.82486,-3.153339243902439,-3.228863,0.6818181818181818,0.5853658536585366,0.5526315789473685,0.47368421052631576,0.5714285714285714,0.5428571428571428,2.010853148602169,WEAK
trend_repair,MARKET_REGIME,Bull trend,25,4,0,-0.09011225,-0.1652255,3.1426938314705297,,,,4.29718275,3.372122,-2.73351925,-3.083894,,,,,0.5,,0.5,0.75,,,1.5720331034800652,DESCRIPTIVE_ONLY
trend_repair,MARKET_REGIME,Choppy,21,0,0,,,,,,,,,,,,,,,,,,,,,,DESCRIPTIVE_ONLY
trend_repair,MARKET_REGIME,Distribution,130,117,95,2.405198222222223,1.741382,4.173675620223969,2.0978907578947372,1.195457,5.181092449874198,5.122304273504274,3.454624,-2.2650114188034185,-1.920744,6.322873778947368,5.086337,-2.440911484210526,-2.32391,0.7094017094017094,0.6421052631578947,0.4588235294117647,0.47058823529411764,0.6153846153846154,0.47692307692307695,2.2614915893935463,USEFUL_BUT_NOISY
vcp,ALL,ALL,1215,779,500,1.096419915275995,0.947812,3.691293931282535,2.3160483099999998,1.949596,4.117391254083274,3.735001432605905,2.966123,-2.3584758035943514,-1.878225,5.628253858,4.753029,-2.971400058,-2.488388,0.6110397946084724,0.736,0.30700179533213645,0.1561938958707361,0.5402985074626866,0.24776119402985075,1.5836505199305875,STRONGER_AGGREGATE
vcp,SQ_QUARTILE,1,304,208,146,1.996464264423077,0.951409,4.387537695624576,3.4992550821917803,1.999654,4.742178152183713,4.328535471153846,3.1567155,-2.344576480769231,-2.148997,6.503899287671234,4.9359684999999995,-2.779093753424658,-2.573745,0.6009615384615384,0.8287671232876712,0.3090909090909091,0.15151515151515152,0.5596330275229358,0.21100917431192662,1.846190775458815,USEFUL_BUT_NOISY
vcp,SQ_QUARTILE,2,304,210,152,1.1074086238095238,1.4333035,3.486038828068717,2.126218769736842,1.845547,3.9197329911157976,4.136901904761905,3.029184,-2.406889571428571,-1.681445,6.021099710526316,5.4406695,-2.995014460526316,-2.320234,0.6476190476190476,0.7105263157894737,0.375886524822695,0.1702127659574468,0.6,0.25263157894736843,1.7187751170098398,USEFUL_BUT_NOISY
vcp,SQ_QUARTILE,3,303,200,115,0.7073768799999999,1.099658,3.4749035824638943,1.8481573478260869,2.072043,3.1444749760242297,3.29062778,2.770083,-2.27296195,-1.5873555000000001,5.018914895652173,4.595354,-2.8417645304347827,-1.600442,0.605,0.7304347826086957,0.2413793103448276,0.18620689655172415,0.46835443037974683,0.26582278481012656,1.4477267338329178,USEFUL_BUT_NOISY
vcp,SQ_QUARTILE,4,304,161,87,0.4025798757763975,0.421196,2.9546821872376174,1.280569712643678,0.745484,4.067971845839859,2.9959986459627332,2.563029,-2.419512689440994,-1.766827,4.27787659770115,4.138275,-3.4242209425287355,-2.724677,0.5838509316770186,0.632183908045977,0.3018867924528302,0.10377358490566038,0.5,0.28846153846153844,1.2382653164158155,USEFUL_BUT_NOISY
vcp,TRIGGER_STATE,approaching,519,347,223,1.1436018818443805,1.635926,3.5847756481914304,2.53973869955157,1.999654,4.0927799179271895,3.7723441585014412,3.120254,-2.3335546167146974,-1.535289,5.997352251121076,5.11658,-2.9954263363228697,-2.061198,0.6484149855907781,0.7757847533632287,0.3333333333333333,0.2235294117647059,0.5629139072847682,0.304635761589404,1.616565616883803,USEFUL_BUT_NOISY
vcp,TRIGGER_STATE,at_trigger,24,16,12,0.6267701250000002,-0.107508,4.74831482391803,0.6988856666666668,0.468371,1.8188160371157205,3.3908726875000004,1.695073,-4.126516625,-3.742059,5.203236833333333,3.2788185,-4.552980666666667,-3.816675,0.4375,0.5,0.5,0.3333333333333333,0.5,0.5,0.82172762056908,DESCRIPTIVE_ONLY
vcp,TRIGGER_STATE,beyond_trigger,5,4,2,-1.5486399999999998,-1.54864,1.2789578633142429,1.1875,1.1875,0.0,1.458291,1.458291,-2.428058,-2.428058,2.5,2.5,-3.46875,-3.46875,0.0,1.0,,,,,0.6005997385564925,DESCRIPTIVE_ONLY
vcp,TRIGGER_STATE,freshly_triggered,33,20,13,-0.6990715500000002,-0.316195,4.25195117124484,0.30426623076923087,1.933996,4.026331383471832,4.0078165,3.901612,-3.69983165,-3.0286325,3.0612060769230776,5.571327,-5.105642230769231,-3.307888,0.35,0.6923076923076923,0.5454545454545454,0.18181818181818182,0.75,0.25,1.0832429362022458,DESCRIPTIVE_ONLY
vcp,TRIGGER_STATE,invalidated,101,79,55,1.0345616075949366,0.894501,2.1172725747165337,0.8054152000000001,0.940573,2.386953941827808,2.624769,2.526439,-1.9760562151898735,-2.413793,3.435472272727272,2.802429,-2.816108690909091,-2.696573,0.6455696202531646,0.7090909090909091,0.20967741935483872,0.016129032258064516,0.3023255813953488,0.11627906976744186,1.3282866043098849,WEAK
vcp,TRIGGER_STATE,near,336,213,124,1.2037859483568074,0.540757,3.7464695967778674,2.29998860483871,2.708991,4.3281222931607335,3.842793976525821,2.956714,-2.175779004694836,-1.889169,5.8688922741935485,5.312427,-2.6168887096774194,-2.2042954999999997,0.6197183098591549,0.6854838709677419,0.2876712328767123,0.1095890410958904,0.569620253164557,0.189873417721519,1.766169251672135,USEFUL_BUT_NOISY
vcp,TRIGGER_STATE,too_far_below,197,100,71,1.2929215599999997,0.511141,4.53844747954906,3.485195957746479,2.390535,4.747647315601208,4.34447368,3.14934,-2.58226699,-1.878225,6.377313225352113,4.810268,-2.963283957746479,-2.46482,0.54,0.7605633802816901,0.2857142857142857,0.11688311688311688,0.6111111111111112,0.25925925925925924,1.6824262157337961,USEFUL_BUT_NOISY
vcp,STAGE,Stage 1,217,148,94,1.6728853986486485,1.480941,3.402792885690061,2.793452765957447,2.171599,3.3114591722807862,3.7200400202702704,2.903027,-1.9981861216216215,-2.061198,5.5641473085106385,4.713464999999999,-2.577526265957447,-2.6182875,0.6216216216216216,0.851063829787234,0.3229166666666667,0.19791666666666666,0.5185185185185185,0.3333333333333333,1.8617084665022516,USEFUL_BUT_NOISY
vcp,STAGE,Stage 2,793,513,331,0.6826814892787524,0.809882,3.204473612188836,1.7912334018126888,1.593418,3.770906336579648,3.417904584795322,2.848038,-2.4537995224171545,-1.757709,5.15441224471299,4.558495,-3.127376160120846,-2.379202,0.6042884990253411,0.6858006042296072,0.29444444444444445,0.1527777777777778,0.509009009009009,0.23873873873873874,1.3929029464593181,STRONGER_AGGREGATE
vcp,STAGE,Stage 4,1,1,1,2.727032,2.727032,,-5.790839,-5.790839,,3.044745,3.044745,-6.483982,-6.483982,3.044745,3.044745,-6.846174,-6.846174,1.0,0.0,,,,,0.4695794960565899,DESCRIPTIVE_ONLY
vcp,STAGE,Unknown,204,117,74,2.167362726495727,1.073543,5.387764247449942,4.166651054054054,3.646332,5.631894179974572,5.150174324786325,3.300213,-2.361008273504274,-1.930613,7.864079513513513,6.945299500000001,-2.7216875270270275,-2.443681,0.6239316239316239,0.8243243243243243,0.33663366336633666,0.12871287128712872,0.6779661016949152,0.2033898305084746,2.1813453102145606,USEFUL_BUT_NOISY
vcp,MARKET_REGIME,Bull trend,216,90,0,0.19689541111111108,0.20550249999999998,2.5268107632845096,,,,3.112801011111111,3.0095799999999997,-1.9775246666666666,-1.528514,,,,,0.5333333333333333,,0.28205128205128205,0.14102564102564102,,,1.5740895997813653,WEAK
vcp,MARKET_REGIME,Choppy,129,0,0,,,,,,,,,,,,,,,,,,,,,,DESCRIPTIVE_ONLY
vcp,MARKET_REGIME,Distribution,870,689,500,1.2139194876632802,0.987696,3.8029548255516223,2.31604831,1.949596,4.117391254083273,3.8162757982583453,2.966123,-2.4082372002902757,-1.889169,5.628253858,4.753029,-2.971400058,-2.488388,0.6211901306240929,0.736,0.31106471816283926,0.15866388308977036,0.5402985074626866,0.24776119402985075,1.5846760434555003,STRONGER_AGGREGATE
