score,selection,N,N_5d,N_10d,mean_return_5d,median_return_5d,std_return_5d,mean_return_10d,median_return_10d,std_return_10d,mean_MFE_5d,median_MFE_5d,mean_MAE_5d,median_MAE_5d,mean_MFE_10d,median_MFE_10d,mean_MAE_10d,median_MAE_10d,positive_5d_rate,positive_10d_rate,target_hit_5d_rate,stop_hit_5d_rate,target_hit_10d_rate,stop_hit_10d_rate,MFE_MAE_ratio_5d,evidence_strength,spearman_5d,spearman_10d,bootstrap_delta_low,bootstrap_delta_high
v4,ALL,5848,3954,2587,1.2027377900859888,0.7280655,4.427378421240338,2.6655806722071897,1.976898,5.143069803486359,4.245471462063733,3.0251535,-2.632854900354072,-2.251482,6.336219749903362,4.881706,-3.090665573250869,-2.625,0.5872534142640364,0.6872825666795516,0.3213429256594724,0.2713257965056526,0.5468085106382978,0.3191489361702128,1.612497316693295,STRONGER_AGGREGATE,-0.09272385121149737,-0.056958526808371567,0.0,0.0
v4,TOP_1PCT,67,30,14,1.3250237666666669,1.2437475,2.807411141229581,3.845685571428571,2.990325,4.34886324490201,3.4031672333333334,2.9819035,-1.5725331,-1.2797615,6.517694,6.605135000000001,-1.421475642857143,-0.543185,0.5666666666666667,0.8571428571428571,0.36,0.32,0.6923076923076923,0.3846153846153846,2.164130747602917,WEAK,0.5724137931034485,0.9124999999999998,0.0,0.0
v4,TOP_5PCT,302,176,106,0.3996478125,0.058175,4.0467635586735815,2.4486167358490563,2.292412,3.928281127675063,3.2702407727272726,2.466317,-2.7769254204545453,-2.32297,5.145719603773585,4.231269,-3.3179813773584907,-2.853514,0.5284090909090909,0.7547169811320755,0.25,0.4137931034482758,0.609375,0.5,1.177648037876357,USEFUL_BUT_NOISY,-0.057948085225061396,-0.1144664688661662,0.0,0.0
v4,TOP_10PCT,593,368,214,0.4132687527173913,0.018993,4.320467575187181,3.025291144859813,2.502481,4.652412535073791,3.5578055190217386,2.466317,-2.9260613586956525,-2.46482,5.993547831775701,5.044288,-3.4339986962616824,-2.853514,0.5054347826086957,0.7616822429906542,0.2901960784313726,0.3686274509803922,0.6428571428571429,0.4214285714285714,1.2159025676097572,USEFUL_BUT_NOISY,-0.0024620556678816106,-0.16440985801402958,0.0,0.0
v4,TOP_20PCT,1180,766,450,0.6756194216710182,0.6352135,4.135935018755213,2.594061202222222,2.1021085,4.663060685802468,3.5876059373368143,2.5452975,-2.8014906866840734,-2.351113,5.655160077777778,4.634611,-3.340691933333333,-2.7022625,0.5535248041775457,0.6933333333333334,0.2935779816513761,0.3247706422018349,0.569078947368421,0.3585526315789473,1.280606055336636,STRONGER_AGGREGATE,-0.05059655418264424,0.05920174647258257,0.0,0.0
v4,GE_7.0,4610,3301,2173,1.045375877309906,0.553846,4.259513806007703,2.517987389783709,1.790441,5.037116409051641,4.038315590427144,2.884195,-2.6499700511966067,-2.270645,6.101354740911183,4.689568,-3.138382196502531,-2.670693,0.5786125416540442,0.6718821905200184,0.3030050083472454,0.2838063439065108,0.5317511225144324,0.3444515715202053,1.5239098980019123,STRONGER_AGGREGATE,-0.06723690273963524,-0.02992423234467424,0.0,0.0
v4,GE_7.5,3198,2331,1502,0.9023219416559416,0.511141,4.198217644082765,2.3534592829560586,1.5945505,4.98965769681134,3.84002991977692,2.702703,-2.688600981981982,-2.321796,5.86040846737683,4.519428,-3.203042217043942,-2.758666,0.5684255684255685,0.6591211717709721,0.2850241545893719,0.3043478260869565,0.5136921624173749,0.3720491029272899,1.4282632289102744,STRONGER_AGGREGATE,-0.046549070865942545,-0.007526096109997416,0.0,0.0
v4,GE_8.0,1477,1079,685,0.6875096227988878,0.361803,4.166451280687726,2.173368608759124,1.560367,4.759219480924021,3.5490647293790545,2.529236,-2.872724343836886,-2.499088,5.514135696350365,4.418475,-3.376052013138686,-2.724677,0.5486561631139945,0.6583941605839416,0.2737430167597765,0.3421787709497206,0.5346756152125279,0.3668903803131991,1.2354351843723477,STRONGER_AGGREGATE,-0.01800635685413659,0.11058945112447037,0.0,0.0
v4,GE_8.5,266,171,99,0.5318276608187135,0.078309,3.4717212727314357,2.0329512828282827,1.728395,3.62300573641157,3.081745321637427,2.466317,-2.5196309064327487,-2.32297,4.921099525252525,4.19451,-2.997948535353536,-3.006389,0.5497076023391813,0.7171717171717171,0.2564102564102564,0.3846153846153846,0.6451612903225806,0.4838709677419355,1.2230939514869306,USEFUL_BUT_NOISY,-0.05471574169512978,-0.10840514937657818,0.0,0.0
TS,ALL,5848,3954,2587,1.2027377900859888,0.7280655,4.427378421240338,2.6655806722071897,1.976898,5.143069803486359,4.245471462063733,3.0251535,-2.632854900354072,-2.251482,6.336219749903362,4.881706,-3.090665573250869,-2.625,0.5872534142640364,0.6872825666795516,0.3213429256594724,0.2713257965056526,0.5468085106382978,0.3191489361702128,1.612497316693295,STRONGER_AGGREGATE,-0.15103261363960324,-0.23117998978711124,-0.5409807512318537,-0.0908668053279905
TS,TOP_1PCT,67,42,26,-0.809993261904762,-1.37649,3.816736975689607,-1.0208717307692308,-3.525576,7.050178402119217,2.975427619047619,1.871981,-4.327110452380952,-3.3368525,4.42034,2.570213,-6.268321,-5.923404,0.4047619047619047,0.3846153846153846,0.1515151515151515,0.3636363636363636,0.1428571428571428,0.5238095238095238,0.6876246057944785,WEAK,-0.27498521584861013,-0.39765922700054435,-0.5409807512318537,-0.0908668053279905
TS,TOP_5PCT,302,218,155,-0.1920550321100916,-0.448056,4.369081481509486,0.4265942580645163,0.904554,5.187565932675361,3.2042395183486234,2.16294,-3.6118717660550455,-3.051426,4.613894012903225,3.402904,-5.0993723935483874,-4.364791,0.463302752293578,0.5225806451612903,0.2215189873417721,0.360759493670886,0.3217391304347826,0.5130434782608696,0.8871409966606745,USEFUL_BUT_NOISY,0.05166668780363916,-0.037949100396801556,-0.5409807512318537,-0.0908668053279905
TS,TOP_10PCT,593,428,301,0.1659878411214953,-0.0085105,4.026939443818518,0.7417096976744185,0.372051,4.802481798462692,3.433207544392523,2.563029,-3.24537963317757,-2.733661,4.981988235880399,4.144504,-4.341405654485049,-3.72577,0.4976635514018692,0.521594684385382,0.2420382165605095,0.3630573248407643,0.3839285714285714,0.5089285714285714,1.0578754822070071,USEFUL_BUT_NOISY,-0.07330679332675674,-0.07018815971552256,-0.5409807512318537,-0.0908668053279905
TS,TOP_20PCT,1178,833,580,0.3703158391356543,0.095575,4.087759309945831,1.1126311568965517,0.6928025,4.772752138335133,3.545442919567828,2.678859,-3.1570883085234094,-2.551888,5.053970053448276,4.145078,-3.977770396551725,-3.18782,0.524609843937575,0.55,0.249185667752443,0.3599348534201954,0.4268867924528302,0.4882075471698113,1.1230103731960714,STRONGER_AGGREGATE,-0.06613420516288845,-0.10121358853079557,-0.5409807512318537,-0.0908668053279905
TS,GE_7.0,2873,1982,1314,0.6459251826437942,0.279427,4.094506487144439,1.7564584939117198,1.073919,4.825294661963099,3.7543681942482334,2.72197,-2.929808786579213,-2.4676055,5.542687035768645,4.181472,-3.61555946042618,-3.119152,0.5464177598385469,0.5981735159817352,0.2838397790055249,0.3252762430939226,0.4852631578947368,0.3989473684210526,1.2814379598580428,STRONGER_AGGREGATE,-0.06269958107822539,-0.15582135420368687,-0.5409807512318537,-0.0908668053279905
TS,GE_7.5,1972,1377,932,0.4365585199709514,0.130265,4.050207784980611,1.3746813197424892,0.745484,4.754271319026832,3.590715419753086,2.695819,-3.066079572984749,-2.499088,5.223598020386266,4.138275,-3.8006636394849775,-3.120932,0.5366739288307916,0.5654506437768241,0.2695390781563126,0.343687374749499,0.4607250755287009,0.4410876132930513,1.1711096644036598,STRONGER_AGGREGATE,-0.03744095450315327,-0.09021038894178267,-0.5409807512318537,-0.0908668053279905
TS,GE_8.0,990,701,498,0.1127348644793153,-0.125686,4.033551846107713,0.9135521004016064,0.428319,4.705793545747436,3.3170109300998574,2.502983,-3.266057880171184,-2.733661,4.865019495983936,4.097273,-4.183955742971888,-3.483387,0.4878744650499286,0.5180722891566265,0.2318548387096774,0.3689516129032258,0.4090909090909091,0.5056818181818182,1.0156007798385995,STRONGER_AGGREGATE,-0.006869763831003004,-0.10743760721879707,-0.5409807512318537,-0.0908668053279905
TS,GE_8.5,276,199,143,0.158689432160804,-0.408326,4.195519796071662,0.0598115034965035,-0.274876,4.836965245573632,3.3423785376884423,2.226562,-3.464996844221106,-3.051426,4.413484538461538,3.144654,-4.670647531468531,-4.140625,0.4673366834170854,0.4825174825174825,0.2340425531914893,0.3829787234042553,0.2941176470588235,0.5196078431372549,0.964612289117329,USEFUL_BUT_NOISY,-0.06523580335542331,-0.07964844617702366,-0.5409807512318537,-0.0908668053279905
SQ,ALL,5848,3954,2587,1.2027377900859888,0.7280655,4.427378421240338,2.6655806722071897,1.976898,5.143069803486359,4.245471462063733,3.0251535,-2.632854900354072,-2.251482,6.336219749903362,4.881706,-3.090665573250869,-2.625,0.5872534142640364,0.6872825666795516,0.3213429256594724,0.2713257965056526,0.5468085106382978,0.3191489361702128,1.612497316693295,STRONGER_AGGREGATE,-0.03976285768913754,0.04476964456092258,-0.4329991507260503,0.1436683600214646
SQ,TOP_1PCT,67,25,19,0.7416841200000001,0.421196,3.434415856304246,1.5826264210526315,2.532239,3.830348828356097,3.5854168799999995,3.407013,-2.53810428,-2.730978,5.050141421052632,4.138275,-2.7321466315789475,-1.598487,0.6,0.631578947368421,0.375,0.1875,0.7,0.0,1.412635764516342,DESCRIPTIVE_ONLY,0.20511221945137137,0.3522727272727272,-0.4329991507260503,0.1436683600214646
SQ,TOP_5PCT,301,179,100,0.2939086424581006,0.117183,3.1991015168801225,1.4227668800000002,1.185396,3.977416285147758,3.0515701955307257,2.32215,-2.6265747653631286,-2.483901,4.61608129,4.065025,-2.99169569,-2.836591,0.5363128491620112,0.59,0.2846153846153846,0.3076923076923077,0.4492753623188406,0.2753623188405797,1.1618059519081845,USEFUL_BUT_NOISY,-0.11249506580049273,-0.11591020296535073,-0.4329991507260503,0.1436683600214646
SQ,TOP_10PCT,594,360,211,0.1439038111111111,0.348112,3.486305463791639,1.2636664834123226,1.525282,4.449810209228052,3.069008961111111,2.439299,-2.875441455555556,-2.566991,4.8016237772511845,4.138275,-3.5292225260663503,-2.915034,0.5416666666666666,0.6255924170616114,0.2479674796747967,0.2642276422764227,0.4253731343283582,0.2985074626865671,1.0673174914347738,USEFUL_BUT_NOISY,-0.010318092384719481,0.0411347420415743,-0.4329991507260503,0.1436683600214646
SQ,TOP_20PCT,1178,741,435,0.475319192982456,0.53581,3.49533161595341,1.6119857402298852,1.593418,4.162153813191374,3.3536664102564107,2.608696,-2.5633100188933877,-2.199626,5.184316066666667,4.315961,-3.21082568045977,-2.754742,0.5775978407557355,0.639080459770115,0.2707930367504835,0.2591876208897485,0.5017182130584192,0.3161512027491409,1.3083342964906874,STRONGER_AGGREGATE,-0.06678521662800935,-0.05169020484571554,-0.4329991507260503,0.1436683600214646
SQ,GE_7.0,2036,1295,758,0.7355900864864865,0.565645,3.520931427672818,2.1106092031662267,1.728395,4.389649797298772,3.5363622579150578,2.689181,-2.5670145444015446,-2.199626,5.641349361477572,4.7035945,-3.0902583905013192,-2.623551,0.5791505791505791,0.6873350923482849,0.267027027027027,0.2345945945945945,0.5233463035019456,0.2821011673151751,1.377616759370368,STRONGER_AGGREGATE,-0.0773530659800222,-0.09334827799146689,-0.4329991507260503,0.1436683600214646
SQ,GE_7.5,1317,818,454,0.4068941613691931,0.4453395,3.3714739726246097,1.5245623237885466,1.593418,3.998264642299048,3.1580569058679706,2.5615145,-2.577433506112469,-2.286959,4.939574980176211,4.19451,-3.2597694295154183,-2.758666,0.5611246943765281,0.6409691629955947,0.2204861111111111,0.2725694444444444,0.4597315436241611,0.3255033557046979,1.2252719220024626,STRONGER_AGGREGATE,-0.004076847826861363,-0.058573419522914484,-0.4329991507260503,0.1436683600214646
SQ,GE_8.0,598,347,183,0.1929821585014409,0.348112,3.290451981947504,1.033781699453552,0.805288,4.342995630680005,3.0030980317002887,2.374594,-2.808049561959654,-2.566991,4.6191598579234965,4.138275,-3.39709974863388,-2.870982,0.5504322766570605,0.5956284153005464,0.25,0.2542372881355932,0.4649122807017544,0.2719298245614035,1.0694604797518303,USEFUL_BUT_NOISY,-0.18332517101072196,-0.14532015145162083,-0.4329991507260503,0.1436683600214646
SQ,GE_8.5,222,121,66,-0.4745485289256198,-0.44103,2.9644847025817915,0.1429077272727272,-0.2553635,3.200508081229895,2.4322035702479337,1.885332,-2.9638914876033056,-2.861635,3.6877546666666663,2.497234,-3.390312,-3.097835,0.4380165289256198,0.4393939393939394,0.2077922077922078,0.3116883116883117,0.2564102564102564,0.2564102564102564,0.8206115441205605,USEFUL_BUT_NOISY,0.015675624125754392,0.1708957482688543,-0.4329991507260503,0.1436683600214646
EQ,ALL,5848,3954,2587,1.2027377900859888,0.7280655,4.427378421240338,2.6655806722071897,1.976898,5.143069803486359,4.245471462063733,3.0251535,-2.632854900354072,-2.251482,6.336219749903362,4.881706,-3.090665573250869,-2.625,0.5872534142640364,0.6872825666795516,0.3213429256594724,0.2713257965056526,0.5468085106382978,0.3191489361702128,1.612497316693295,STRONGER_AGGREGATE,-0.04253209188369867,0.026908204684035066,-0.0061121970205149,0.9847493501346496
EQ,TOP_1PCT,67,37,18,0.0730567297297297,-0.485044,2.7449299049297906,1.177695944444444,0.220646,4.6901547438309095,2.1685311351351357,1.432665,-2.856230783783784,-3.016148,4.859068888888888,3.23741,-3.0406479444444448,-3.8723415,0.3243243243243243,0.6111111111111112,0.1034482758620689,0.6206896551724138,0.2666666666666666,0.4,0.7592282624523706,WEAK,0.014074883848045904,-0.24999999999999975,-0.0061121970205149,0.9847493501346496
EQ,TOP_5PCT,302,181,107,0.871109093922652,0.606402,3.822119837055165,3.1576549813084105,1.976898,5.595229980363789,3.64713361878453,2.517223,-2.573154038674033,-2.277481,6.070581906542056,4.323556,-3.105384607476636,-2.546278,0.5524861878453039,0.794392523364486,0.3629032258064516,0.3709677419354839,0.5753424657534246,0.3150684931506849,1.4173786582415129,USEFUL_BUT_NOISY,-0.075591682717559,-0.032723131680933236,-0.0061121970205149,0.9847493501346496
EQ,TOP_10PCT,592,356,215,1.2701479382022474,0.790513,4.340919493350151,3.7507282186046513,2.353301,5.930102552168262,4.027083901685393,2.5940545000000004,-2.5677048342696627,-2.498423,6.703481493023256,4.670505,-2.8914893813953486,-2.754742,0.5758426966292135,0.7906976744186046,0.3557312252964427,0.3399209486166007,0.6013513513513513,0.304054054054054,1.5683593565499614,USEFUL_BUT_NOISY,-0.036625519811517564,-0.08709738154902824,-0.0061121970205149,0.9847493501346496
EQ,TOP_20PCT,1178,727,429,1.2246606409903713,0.664025,4.340824584305452,3.1932073682983684,2.184355,5.573327185312863,4.00232239477304,2.594771,-2.5953466354883084,-2.406093,6.368977715617715,4.673868,-2.986430118881119,-2.836591,0.5653370013755158,0.717948717948718,0.3333333333333333,0.3238636363636363,0.5903225806451613,0.332258064516129,1.542114775747484,STRONGER_AGGREGATE,-0.014601372385719682,0.03758897906814292,-0.0061121970205149,0.9847493501346496
EQ,GE_7.0,2757,1864,1140,1.0540061019313305,0.687387,4.255192018962391,2.826933784210526,2.141058,5.185401507120288,4.028082885193133,2.8496265000000003,-2.5938356754291845,-2.272418,6.30689654385965,5.004645,-3.032806139473684,-2.5207465,0.5724248927038627,0.7008771929824561,0.3140929535232384,0.2976011994002998,0.5614035087719298,0.3533834586466165,1.552944515086382,STRONGER_AGGREGATE,-0.0023971856976969974,0.06439049103192283,-0.0061121970205149,0.9847493501346496
EQ,GE_7.5,1977,1322,798,1.0114967269288957,0.595162,4.2443089032225565,3.037285427318296,2.3597935000000003,5.264516657491917,3.967007353252648,2.809874,-2.595794887291982,-2.251482,6.296648808270676,5.032244,-3.015887510025063,-2.657602,0.5680786686838124,0.7117794486215538,0.3216931216931217,0.3111111111111111,0.5910714285714286,0.3517857142857143,1.5282437655893373,STRONGER_AGGREGATE,0.0078502932067618,0.005330035890869786,-0.0061121970205149,0.9847493501346496
EQ,GE_8.0,1100,691,403,1.159397435600579,0.570004,4.379499168266309,3.2859871339950373,2.246604,5.611876210395253,4.023030916063676,2.525802,-2.6550328176555715,-2.483901,6.439871796526055,4.830309,-3.0801288908188584,-2.849136,0.5499276410998553,0.7270471464019851,0.3346613545816733,0.3346613545816733,0.6006825938566553,0.3515358361774744,1.51524715224276,STRONGER_AGGREGATE,0.02433426196175312,0.022004617987230028,-0.0061121970205149,0.9847493501346496
EQ,GE_8.5,393,237,148,1.4320609620253166,1.044248,4.540207539928354,3.8195908986486486,2.2999525,6.211454626551426,4.2479460928270045,2.594771,-2.538803599156118,-2.277481,6.930428486486486,4.569671,-2.905975283783784,-2.4881055,0.5822784810126582,0.8040540540540541,0.4046242774566474,0.3410404624277456,0.6203703703703703,0.2962962962962963,1.6732078425597767,USEFUL_BUT_NOISY,-0.17732658825549094,-0.11095138753391846,-0.0061121970205149,0.9847493501346496
raw_TCS,ALL,5848,3954,2587,1.2027377900859888,0.7280655,4.427378421240338,2.6655806722071897,1.976898,5.143069803486359,4.245471462063733,3.0251535,-2.632854900354072,-2.251482,6.336219749903362,4.881706,-3.090665573250869,-2.625,0.5872534142640364,0.6872825666795516,0.3213429256594724,0.2713257965056526,0.5468085106382978,0.3191489361702128,1.612497316693295,STRONGER_AGGREGATE,-0.090075830078848,-0.024651479974930224,-0.354037905546347,0.1657931726332808
raw_TCS,TOP_1PCT,67,36,23,0.4010633055555554,0.110637,3.9794223304628726,3.209420739130435,2.466667,5.359496141795015,3.869686583333333,2.074933,-2.7198066388888886,-3.097835,5.77001152173913,4.830309,-2.396059782608696,-3.097835,0.5833333333333334,0.8260869565217391,0.2777777777777778,0.2222222222222222,0.6,0.0,1.4227800344344332,WEAK,0.3260340632603406,0.011312217194570044,-0.354037905546347,0.1657931726332808
raw_TCS,TOP_5PCT,302,190,107,0.2125383842105263,0.078309,3.112848929299607,1.7566211682242991,1.525282,4.454285953963892,3.271184131578948,2.466317,-2.517018078947368,-2.730978,5.008517037383177,4.36112,-2.98394323364486,-3.097835,0.5157894736842106,0.6448598130841121,0.2248062015503876,0.3953488372093023,0.5147058823529411,0.4117647058823529,1.2996267920916071,USEFUL_BUT_NOISY,-0.04730774212702595,-0.12782065962962869,-0.354037905546347,0.1657931726332808
raw_TCS,TOP_10PCT,593,379,208,0.0496022137203166,-0.107508,3.716856180112946,1.6772730480769231,1.185396,4.618089200687703,3.023238751978892,2.237878,-2.7620368891820584,-2.731933,4.8363335625,4.138275,-3.48598441826923,-3.097835,0.4828496042216358,0.6298076923076923,0.2068965517241379,0.3716475095785441,0.5,0.4411764705882353,1.0945685641708374,USEFUL_BUT_NOISY,0.031792681944311854,0.06294576962622139,-0.354037905546347,0.1657931726332808
raw_TCS,TOP_20PCT,1178,746,426,0.4755843847184987,0.117183,4.012087459716049,2.482520469483568,1.933996,5.220691801516035,3.3827500576407505,2.511748,-2.7957334142091157,-2.4506170000000003,5.755948147887324,4.6269,-3.4600023450704227,-2.893008,0.5241286863270778,0.6666666666666666,0.2785299806576402,0.3520309477756286,0.5290102389078498,0.4129692832764505,1.209968747538004,STRONGER_AGGREGATE,-0.11794357477257199,-0.11430061636180756,-0.354037905546347,0.1657931726332808
raw_TCS,GE_7.0,2246,1515,919,0.7042201801980198,0.534087,3.883153505454111,2.3945798063112083,2.042976,4.981824892369305,3.659349554455446,2.609444,-2.763036094389439,-2.366336,5.789076584330794,4.488983,-3.3268352698585426,-2.836591,0.5531353135313531,0.675734494015234,0.2912087912087912,0.315018315018315,0.5206106870229008,0.3816793893129771,1.3243944087035424,STRONGER_AGGREGATE,-0.09253956961641928,-0.034530451163494874,-0.354037905546347,0.1657931726332808
raw_TCS,GE_7.5,1153,737,431,0.4907467788331071,0.201893,3.9776905933774342,2.500043406032482,1.933996,5.223076637126987,3.293120280868385,2.374594,-2.766451442333786,-2.46581,5.711315348027842,4.431644,-3.356395893271462,-2.85836,0.5305291723202171,0.6682134570765661,0.2568627450980392,0.3588235294117647,0.5286195286195287,0.4141414141414141,1.1903770405925866,STRONGER_AGGREGATE,-0.12256458373387046,-0.1294129383648396,-0.354037905546347,0.1657931726332808
raw_TCS,GE_8.0,284,169,98,0.061593573964497,-0.08507,3.3083676977981127,1.588306224489796,1.1963805,4.257332692872065,3.3526563846153845,2.374594,-2.577874579881657,-2.731933,4.870275755102041,4.138275,-2.8309046122448973,-2.945351,0.4733727810650887,0.6428571428571429,0.23,0.33,0.5094339622641509,0.2830188679245283,1.3005506205694832,USEFUL_BUT_NOISY,-0.14938431285663425,-0.19774033364886814,-0.354037905546347,0.1657931726332808
raw_TCS,GE_8.5,26,12,6,-1.2619820000000004,-2.314994,4.362233162535571,1.3670289999999998,2.466667,2.124410821913408,3.4610935833333336,1.8347305,-3.27968325,-4.273005,4.175149833333333,3.266667,-2.5495755,-4.7210315000000005,0.4166666666666667,0.6666666666666666,0.75,0.25,1.0,0.0,1.055313370074178,DESCRIPTIVE_ONLY,0.6875,0.24999999999999994,-0.354037905546347,0.1657931726332808
confidence_adjusted_TCS,ALL,5848,3954,2587,1.2027377900859888,0.7280655,4.427378421240338,2.6655806722071897,1.976898,5.143069803486359,4.245471462063733,3.0251535,-2.632854900354072,-2.251482,6.336219749903362,4.881706,-3.090665573250869,-2.625,0.5872534142640364,0.6872825666795516,0.3213429256594724,0.2713257965056526,0.5468085106382978,0.3191489361702128,1.612497316693295,STRONGER_AGGREGATE,-0.08896084970327557,-0.02109419366327287,-0.3328162614627021,0.1155464026536822
confidence_adjusted_TCS,TOP_1PCT,67,36,23,0.1231814722222221,0.110637,4.148734970405898,3.1561102173913045,2.466667,5.3745860495093005,3.64695225,1.974388,-2.8605091666666667,-3.489773,5.291322652173912,4.138275,-2.8431123478260867,-3.620632,0.5833333333333334,0.8260869565217391,0.2777777777777778,0.3888888888888889,0.3,0.3,1.2749311529911196,WEAK,0.581508515815085,0.21945701357466063,-0.3328162614627021,0.1155464026536822
confidence_adjusted_TCS,TOP_5PCT,302,189,101,0.2169535291005291,0.110637,3.1321212426606326,1.6317004950495049,1.185396,4.573339801984184,3.25476337037037,2.466317,-2.4843036455026457,-2.555448,4.938443623762376,4.138275,-3.039297653465346,-3.097835,0.5343915343915344,0.6138613861386139,0.2170542635658914,0.3953488372093023,0.4761904761904761,0.4444444444444444,1.3101310607753176,USEFUL_BUT_NOISY,0.012091295117127294,-0.09949707106165423,-0.3328162614627021,0.1155464026536822
confidence_adjusted_TCS,TOP_10PCT,593,376,201,0.0899696808510638,-0.112509,3.848534018130745,1.8485390796019905,1.185396,5.140174373557223,3.036428321808511,2.108375,-2.8134551941489363,-2.7314555,5.093097422885572,4.138275,-3.508475368159204,-3.097835,0.4813829787234042,0.6268656716417911,0.2123552123552123,0.3938223938223938,0.4961832061068702,0.4198473282442748,1.0792524182092131,USEFUL_BUT_NOISY,0.03142581496207004,0.005822808313284018,-0.3328162614627021,0.1155464026536822
confidence_adjusted_TCS,TOP_20PCT,1178,754,426,0.4613378196286471,0.11391,4.092642075915499,2.600706276995305,2.052814,5.391062168777466,3.3916284376657826,2.3683995,-2.818179064986737,-2.528435,5.82883177230047,4.520924,-3.437909678403756,-2.8599975,0.5185676392572944,0.6643192488262911,0.2827324478178368,0.3681214421252372,0.5317725752508361,0.411371237458194,1.2034822342567304,STRONGER_AGGREGATE,-0.09409349486346393,-0.1222357628365961,-0.3328162614627021,0.1155464026536822
confidence_adjusted_TCS,GE_7.0,1499,925,509,0.492055134054054,0.146175,4.025905702641801,2.3918711827111987,1.973887,5.230940588489177,3.4256355643243244,2.488122,-2.7859677448648648,-2.46482,5.687338341846759,4.418475,-3.4050655461689585,-2.801768,0.5221621621621622,0.6444007858546169,0.282874617737003,0.3623853211009174,0.5267605633802817,0.4112676056338028,1.2296034548994703,STRONGER_AGGREGATE,-0.085827117257902,-0.03293731437265719,-0.3328162614627021,0.1155464026536822
confidence_adjusted_TCS,GE_7.5,447,221,104,0.002875737556561,-0.08507,3.3256432042853907,1.331912875,1.1072225,4.4394203213533,3.0765074027149324,2.309701,-2.615163343891403,-2.620847,4.613678432692309,3.364121,-3.048792971153846,-3.054001,0.4841628959276018,0.5961538461538461,0.2323943661971831,0.3661971830985915,0.4545454545454545,0.3636363636363636,1.176411182842997,USEFUL_BUT_NOISY,0.03730106679593657,-0.04480816541900578,-0.3328162614627021,0.1155464026536822
confidence_adjusted_TCS,GE_8.0,90,22,5,-0.1699874545454547,-0.1328495,4.0579321304561695,1.94269,2.466667,1.7765161900250164,3.583184090909091,1.9990175,-2.889745545454545,-3.1618195,4.9450786,3.266667,-2.0271726,-4.642063,0.5,0.8,0.4666666666666667,0.2,1.0,0.0,1.239965261489994,DESCRIPTIVE_ONLY,0.4779776674937963,-0.24999999999999994,-0.3328162614627021,0.1155464026536822
confidence_adjusted_TCS,GE_8.5,9,1,0,2.430304,2.430304,,,,,4.348456,4.348456,-3.903947,-3.903947,,,,,1.0,,0.0,1.0,,,1.1138614330573646,DESCRIPTIVE_ONLY,,,-0.3328162614627021,0.1155464026536822
