path,line,function,read_kind,key,authority
T13B-call-graph,0,boundary,deferred_authority,IBMI_liquidity_producer_configuration,T13C
T13B-call-graph,0,boundary,deferred_authority,consumer_readiness_policy_delivery,T13D
T13B-call-graph,0,boundary,deferred_authority,pipeline_durable_configuration_anchor,T13D
app/services/adaptive_technical_features.py,11,add_adaptive_features,resolved_mapping_read,enabled,T13B_FROZEN
app/services/adaptive_technical_features.py,15,add_adaptive_features,resolved_mapping_read,long_lookback,T13B_FROZEN
app/services/adaptive_technical_features.py,16,add_adaptive_features,resolved_mapping_read,medium_lookback,T13B_FROZEN
app/services/adaptive_technical_features.py,67,add_adaptive_features,resolved_mapping_read,atr_expansion_percentile,T13B_FROZEN
app/services/adaptive_technical_features.py,70,add_adaptive_features,resolved_mapping_read,atr_contraction_percentile,T13B_FROZEN
app/services/adaptive_technical_features.py,73,add_adaptive_features,resolved_mapping_read,volume_climax_percentile,T13B_FROZEN
app/services/adaptive_technical_features.py,76,add_adaptive_features,resolved_mapping_read,atr_contraction_percentile,T13B_FROZEN
app/services/adaptive_technical_features.py,79,add_adaptive_features,resolved_mapping_read,atr_expansion_percentile,T13B_FROZEN
app/services/adaptive_technical_features.py,82,add_adaptive_features,resolved_mapping_read,range_climax_percentile,T13B_FROZEN
app/services/box_breakout.py,10,add_box_features,resolved_mapping_read,enabled,T13B_FROZEN
app/services/box_breakout.py,14,add_box_features,resolved_mapping_read,donchian_short_len,T13B_FROZEN
app/services/box_breakout.py,15,add_box_features,resolved_mapping_read,donchian_long_len,T13B_FROZEN
app/services/box_breakout.py,16,add_box_features,resolved_mapping_read,box_lookback,T13B_FROZEN
app/services/box_breakout.py,17,add_box_features,resolved_mapping_read,max_box_width_pct,T13B_FROZEN
app/services/box_breakout.py,18,add_box_features,resolved_mapping_read,min_box_age,T13B_FROZEN
app/services/box_breakout.py,19,add_box_features,resolved_mapping_read,breakout_volume_percentile_min,T13B_FROZEN
app/services/box_breakout.py,20,add_box_features,resolved_mapping_read,breakout_close_ratio_min,T13B_FROZEN
app/services/box_breakout.py,21,add_box_features,resolved_mapping_read,box_failure_bars,T13B_FROZEN
app/services/climax_risk.py,23,add_climax_risk_features,resolved_mapping_read,enabled,T13B_FROZEN
app/services/climax_risk.py,36,add_climax_risk_features,resolved_mapping_read,vertical_move_3d_atr,T13B_FROZEN
app/services/climax_risk.py,37,add_climax_risk_features,resolved_mapping_read,vertical_move_5d_atr,T13B_FROZEN
app/services/climax_risk.py,43,add_climax_risk_features,resolved_mapping_read,upper_wick_pct,T13B_FROZEN
app/services/climax_risk.py,46,add_climax_risk_features,resolved_mapping_read,weak_close_ratio,T13B_FROZEN
app/services/climax_risk.py,62,calculate_climax_risk,resolved_mapping_read,climax_risk_threshold,T13B_FROZEN
app/services/climax_risk.py,63,calculate_climax_risk,resolved_mapping_read,rsi_warning,T13B_FROZEN
app/services/climax_risk.py,64,calculate_climax_risk,resolved_mapping_read,rsi_danger,T13B_FROZEN
app/services/combined_decision.py,269,combine_row_decision,source_resolution_boundary,_load_scoring_config,T13B_FROZEN
app/services/combined_decision.py,357,combine_row_decision,resolved_mapping_read,block_new_entries,T13B_FROZEN
app/services/combined_decision.py,357,combine_row_decision,resolved_mapping_read,earnings_risk_gate,T13B_FROZEN
app/services/combined_decision.py,692,_combined_debug_evidence,resolved_mapping_read,combined_score,T13B_FROZEN
app/services/combined_decision.py,693,_combined_debug_evidence,resolved_mapping_read,labels,T13B_FROZEN
app/services/combined_decision.py,721,_calculate_row_earnings_risk,resolved_mapping_read,earnings_risk_gate,T13B_FROZEN
app/services/combined_ranking_identity.py,444,build_ranking_result_identity,resolved_mapping_read,earnings_risk_gate,T13B_FROZEN
app/services/combined_ranking_identity.py,448,build_ranking_result_identity,resolved_profile_attribute,profile.name,DISPLAY_ONLY
app/services/core_effective_configuration.py,257,resolve_fundamental_configuration,source_resolution_boundary,load_fundamentals_v2_config,T13B_FROZEN
app/services/core_effective_configuration.py,274,resolve_combined_configuration,source_resolution_boundary,_load_scoring_config,T13B_FROZEN
app/services/core_effective_configuration.py,291,resolve_ranking_configuration,resolved_mapping_read,earnings_risk_gate,T13B_FROZEN
app/services/core_effective_configuration.py,319,resolve_technical_configuration,native_default_or_algorithm_constant,DEFAULT_TECHNICAL_SCORING_V4_CONFIG,T13B_FROZEN
app/services/core_effective_configuration.py,329,resolve_technical_configuration,settings_getattr,technical_v5_enabled,T13B_FROZEN
app/services/core_effective_configuration.py,331,resolve_technical_configuration,settings_getattr,technical_v5_shadow_compare_enabled,T13B_FROZEN
app/services/core_effective_configuration.py,334,resolve_technical_configuration,settings_getattr,technical_v5_persist_shadow_results,T13B_FROZEN
app/services/core_effective_configuration.py,348,resolve_technical_configuration,settings_getattr,_core_configuration_sources,OPERATIONAL_ONLY
app/services/earnings_risk_service.py,157,_merged_config,native_default_or_algorithm_constant,DEFAULT_EARNINGS_RISK_GATE_CONFIG,T13B_FROZEN
app/services/earnings_risk_service.py,158,_merged_config,native_default_or_algorithm_constant,DEFAULT_EARNINGS_RISK_GATE_CONFIG,T13B_FROZEN
app/services/earnings_risk_service.py,172,_penalty,resolved_mapping_read,dynamic-key,T13B_FROZEN
app/services/fundamental_ranker.py,98,_load_scoring_weights,resolved_mapping_read,fundamental_components,T13B_FROZEN
app/services/fundamental_ranker_v2.py,116,score_rows_v2,source_resolution_boundary,load_fundamentals_v2_config,T13B_FROZEN
app/services/fundamental_ranker_v2.py,124,score_row_v2,source_resolution_boundary,load_fundamentals_v2_config,T13B_FROZEN
app/services/fundamental_ranker_v2.py,375,_validate_coverage_only,resolved_mapping_read,coverage_only_fields,T13B_FROZEN
app/services/leadership_v5.py,30,rank_leadership_v5,resolved_mapping_read,weights,T13B_FROZEN
app/services/leadership_v5.py,49,rank_leadership_v5,resolved_mapping_read,scope,T13B_FROZEN
app/services/leadership_v5.py,51,rank_leadership_v5,resolved_mapping_read,leadership_min_percentile,T13B_FROZEN
app/services/leadership_v5.py,52,rank_leadership_v5,resolved_mapping_read,renormalize_missing,T13B_FROZEN
app/services/pine_replica_engine.py,688,score_from_feature_result,source_resolution_boundary,load_pine_defaults,T13B_FROZEN
app/services/pine_replica_engine.py,689,score_from_feature_result,source_resolution_boundary,load_technical_scoring_v4_config,T13B_FROZEN
app/services/pine_replica_engine.py,698,score_from_feature_result,resolved_mapping_read,market_regime_v4,T13B_FROZEN
app/services/ranking_profile_config.py,97,load_ranking_profiles,resolved_mapping_read,technical,T13B_FROZEN
app/services/ranking_profile_config.py,98,load_ranking_profiles,resolved_mapping_read,fundamental,T13B_FROZEN
app/services/ranking_profile_config.py,109,load_ranking_profiles,resolved_profile_attribute,profile.enabled,T13B_FROZEN
app/services/ranking_profile_config.py,120,get_ranking_profile,source_resolution_boundary,load_ranking_profiles,T13B_FROZEN
app/services/ranking_profile_config.py,121,get_ranking_profile,resolved_profile_attribute,profile.name,DISPLAY_ONLY
app/services/ranking_profile_config.py,165,_parse_profile,resolved_mapping_read,strong_candidate_min_score,T13B_FROZEN
app/services/ranking_profile_config.py,170,_parse_profile,resolved_mapping_read,candidate_min_score,T13B_FROZEN
app/services/ranking_profile_config.py,175,_parse_profile,resolved_mapping_read,watch_min_score,T13B_FROZEN
app/services/ranking_profile_config.py,216,_validate_profile,resolved_profile_attribute,profile.name,DISPLAY_ONLY
app/services/ranking_profile_config.py,218,_validate_profile,resolved_profile_attribute,profile.fundamental_weight,T13B_FROZEN
app/services/ranking_profile_config.py,218,_validate_profile,resolved_profile_attribute,profile.technical_weight,T13B_FROZEN
app/services/ranking_profile_config.py,221,_validate_profile,resolved_profile_attribute,profile.name,DISPLAY_ONLY
app/services/ranking_profile_config.py,223,_validate_profile,resolved_profile_attribute,profile.technical_components,T13B_FROZEN
app/services/ranking_profile_config.py,223,_validate_profile,resolved_profile_attribute,profile.technical_components.values,T13B_FROZEN
app/services/ranking_profile_config.py,226,_validate_profile,resolved_profile_attribute,profile.technical_components,T13B_FROZEN
app/services/ranking_profile_config.py,229,_validate_profile,resolved_profile_attribute,profile.name,DISPLAY_ONLY
app/services/ranking_profile_config.py,232,_validate_profile,resolved_profile_attribute,profile.thresholds,T13B_FROZEN
app/services/ranking_profile_config.py,232,_validate_profile,resolved_profile_attribute,profile.thresholds.strong_candidate_min_score,T13B_FROZEN
app/services/ranking_profile_config.py,233,_validate_profile,resolved_profile_attribute,profile.thresholds,T13B_FROZEN
app/services/ranking_profile_config.py,233,_validate_profile,resolved_profile_attribute,profile.thresholds.candidate_min_score,T13B_FROZEN
app/services/ranking_profile_config.py,234,_validate_profile,resolved_profile_attribute,profile.thresholds,T13B_FROZEN
app/services/ranking_profile_config.py,234,_validate_profile,resolved_profile_attribute,profile.thresholds.watch_min_score,T13B_FROZEN
app/services/ranking_profile_config.py,237,_validate_profile,resolved_profile_attribute,profile.name,DISPLAY_ONLY
app/services/ranking_profile_config.py,240,_validate_profile,resolved_profile_attribute,profile.missing_data_policy,T13B_FROZEN
app/services/ranking_profile_config.py,240,_validate_profile,resolved_profile_attribute,profile.missing_data_policy.penalty,T13B_FROZEN
app/services/ranking_profile_config.py,242,_validate_profile,resolved_profile_attribute,profile.name,DISPLAY_ONLY
app/services/ranking_profile_config.py,245,_validate_profile,resolved_profile_attribute,profile.penalties,T13B_FROZEN
app/services/ranking_profile_config.py,245,_validate_profile,resolved_profile_attribute,profile.penalties.items,T13B_FROZEN
app/services/ranking_profile_config.py,248,_validate_profile,resolved_profile_attribute,profile.name,DISPLAY_ONLY
app/services/ranking_profile_config.py,250,_validate_profile,resolved_profile_attribute,profile.tradeability_overlay,T13B_FROZEN
app/services/ranking_profile_config.py,258,_validate_profile,resolved_profile_attribute,profile.name,DISPLAY_ONLY
app/services/ranking_profile_config.py,262,_validate_profile,resolved_profile_attribute,profile.name,DISPLAY_ONLY
app/services/ranking_profile_config.py,266,_validate_profile,resolved_profile_attribute,profile.name,DISPLAY_ONLY
app/services/ranking_profile_engine.py,120,rank_single_row,resolved_profile_attribute,profile.technical_components,T13B_FROZEN
app/services/ranking_profile_engine.py,181,rank_single_row,resolved_profile_attribute,profile.name,DISPLAY_ONLY
app/services/ranking_profile_engine.py,182,rank_single_row,resolved_profile_attribute,profile.label,DISPLAY_ONLY
app/services/ranking_profile_engine.py,244,calculate_profile_score,resolved_profile_attribute,profile.technical_weight,T13B_FROZEN
app/services/ranking_profile_engine.py,245,calculate_profile_score,resolved_profile_attribute,profile.technical_weight,T13B_FROZEN
app/services/ranking_profile_engine.py,247,calculate_profile_score,resolved_profile_attribute,profile.fundamental_weight,T13B_FROZEN
app/services/ranking_profile_engine.py,248,calculate_profile_score,resolved_profile_attribute,profile.fundamental_weight,T13B_FROZEN
app/services/ranking_profile_engine.py,251,calculate_profile_score,resolved_profile_attribute,profile.missing_data_policy,T13B_FROZEN
app/services/ranking_profile_engine.py,251,calculate_profile_score,resolved_profile_attribute,profile.missing_data_policy.rescale_available,T13B_FROZEN
app/services/ranking_profile_engine.py,257,decision_from_score,resolved_profile_attribute,profile.thresholds,T13B_FROZEN
app/services/ranking_profile_engine.py,323,_debug_payload,resolved_profile_attribute,profile.name,DISPLAY_ONLY
app/services/ranking_profile_engine.py,324,_debug_payload,resolved_profile_attribute,profile.label,DISPLAY_ONLY
app/services/ranking_profile_engine.py,326,_debug_payload,resolved_profile_attribute,profile.technical_weight,T13B_FROZEN
app/services/ranking_profile_engine.py,327,_debug_payload,resolved_profile_attribute,profile.fundamental_weight,T13B_FROZEN
app/services/ranking_profile_engine.py,329,_debug_payload,resolved_profile_attribute,profile.technical_components,T13B_FROZEN
app/services/ranking_profile_engine.py,331,_debug_payload,resolved_profile_attribute,profile.tradeability_overlay,T13B_FROZEN
app/services/ranking_profile_engine.py,331,_debug_payload,resolved_profile_attribute,profile.tradeability_overlay.enabled,T13B_FROZEN
app/services/ranking_profile_engine.py,332,_debug_payload,resolved_profile_attribute,profile.tradeability_overlay,T13B_FROZEN
app/services/ranking_profile_engine.py,332,_debug_payload,resolved_profile_attribute,profile.tradeability_overlay.poor_penalty,T13B_FROZEN
app/services/ranking_profile_engine.py,333,_debug_payload,resolved_profile_attribute,profile.tradeability_overlay,T13B_FROZEN
app/services/ranking_profile_engine.py,333,_debug_payload,resolved_profile_attribute,profile.tradeability_overlay.very_poor_penalty,T13B_FROZEN
app/services/ranking_profile_engine.py,334,_debug_payload,resolved_profile_attribute,profile.tradeability_overlay,T13B_FROZEN
app/services/ranking_profile_engine.py,334,_debug_payload,resolved_profile_attribute,profile.tradeability_overlay.maximum_penalty,T13B_FROZEN
app/services/ranking_profile_engine.py,335,_debug_payload,resolved_profile_attribute,profile.tradeability_overlay,T13B_FROZEN
app/services/ranking_profile_engine.py,335,_debug_payload,resolved_profile_attribute,profile.tradeability_overlay.minimum_dollar_volume,T13B_FROZEN
app/services/ranking_profile_engine.py,363,_tradeability_penalty,resolved_profile_attribute,profile.tradeability_overlay,T13B_FROZEN
app/services/ranking_profile_gates.py,58,apply_profile_gates,resolved_mapping_read,earnings_block,T13B_FROZEN
app/services/ranking_profile_gates.py,58,apply_profile_gates,resolved_profile_attribute,profile.gates,T13B_FROZEN
app/services/ranking_profile_gates.py,58,apply_profile_gates,resolved_profile_attribute,profile.gates.get,T13B_FROZEN
app/services/ranking_profile_gates.py,72,apply_profile_gates,resolved_mapping_read,danger_blocks_candidate,T13B_FROZEN
app/services/ranking_profile_gates.py,72,apply_profile_gates,resolved_profile_attribute,profile.gates,T13B_FROZEN
app/services/ranking_profile_gates.py,72,apply_profile_gates,resolved_profile_attribute,profile.gates.get,T13B_FROZEN
app/services/ranking_profile_gates.py,81,apply_profile_gates,resolved_mapping_read,fundamental_floor,T13B_FROZEN
app/services/ranking_profile_gates.py,81,apply_profile_gates,resolved_profile_attribute,profile.gates,T13B_FROZEN
app/services/ranking_profile_gates.py,81,apply_profile_gates,resolved_profile_attribute,profile.gates.get,T13B_FROZEN
app/services/ranking_profile_gates.py,110,apply_profile_gates,resolved_mapping_read,liquidity_caps_candidate,T13B_FROZEN
app/services/ranking_profile_gates.py,110,apply_profile_gates,resolved_profile_attribute,profile.gates,T13B_FROZEN
app/services/ranking_profile_gates.py,110,apply_profile_gates,resolved_profile_attribute,profile.gates.get,T13B_FROZEN
app/services/ranking_profile_gates.py,115,apply_profile_gates,resolved_mapping_read,liquidity_caps_candidate,T13B_FROZEN
app/services/ranking_profile_gates.py,115,apply_profile_gates,resolved_profile_attribute,profile.gates,T13B_FROZEN
app/services/ranking_profile_gates.py,115,apply_profile_gates,resolved_profile_attribute,profile.gates.get,T13B_FROZEN
app/services/ranking_profile_penalties.py,263,_add_penalty,resolved_profile_attribute,profile.penalties,T13B_FROZEN
app/services/ranking_profile_penalties.py,264,_add_penalty,resolved_profile_attribute,profile.penalties,T13B_FROZEN
app/services/ranking_profile_penalties.py,266,_add_penalty,resolved_profile_attribute,profile.penalties,T13B_FROZEN
app/services/ranking_profile_penalties.py,282,_add_missing_data_penalty,resolved_profile_attribute,profile.missing_data_policy,T13B_FROZEN
app/services/ranking_profile_penalties.py,282,_add_missing_data_penalty,resolved_profile_attribute,profile.missing_data_policy.penalty,T13B_FROZEN
app/services/ranking_profile_service.py,73,get_ranking_profiles,source_resolution_boundary,load_ranking_profiles,T13B_FROZEN
app/services/ranking_profile_service.py,101,execute_ranking_pipeline_step,source_resolution_boundary,load_ranking_profiles,T13B_FROZEN
app/services/ranking_profile_service.py,146,refresh_all_ranking_profiles,source_resolution_boundary,load_ranking_profiles,T13B_FROZEN
app/services/ranking_profile_service.py,151,refresh_all_ranking_profiles,source_resolution_boundary,_load_scoring_config,T13B_FROZEN
app/services/ranking_profile_service.py,155,refresh_all_ranking_profiles,resolved_profile_attribute,profile.name,DISPLAY_ONLY
app/services/ranking_profile_service.py,177,refresh_all_ranking_profiles,resolved_profile_attribute,profile.name,DISPLAY_ONLY
app/services/ranking_profile_service.py,180,refresh_all_ranking_profiles,resolved_profile_attribute,profile.tradeability_overlay,T13B_FROZEN
app/services/ranking_profile_service.py,180,refresh_all_ranking_profiles,resolved_profile_attribute,profile.tradeability_overlay.enabled,T13B_FROZEN
app/services/ranking_profile_service.py,195,refresh_all_ranking_profiles,resolved_profile_attribute,profile.tradeability_overlay,T13B_FROZEN
app/services/ranking_profile_service.py,195,refresh_all_ranking_profiles,resolved_profile_attribute,profile.tradeability_overlay.enabled,T13B_FROZEN
app/services/ranking_profile_service.py,203,refresh_all_ranking_profiles,resolved_profile_attribute,profile.name,DISPLAY_ONLY
app/services/ranking_profile_service.py,245,refresh_ranking_profile,source_resolution_boundary,get_ranking_profile,T13B_FROZEN
app/services/ranking_profile_service.py,249,refresh_ranking_profile,resolved_profile_attribute,profile.name,DISPLAY_ONLY
app/services/ranking_profile_service.py,253,refresh_ranking_profile,source_resolution_boundary,_load_scoring_config,T13B_FROZEN
app/services/ranking_profile_service.py,275,refresh_ranking_profile,resolved_profile_attribute,profile.tradeability_overlay,T13B_FROZEN
app/services/ranking_profile_service.py,275,refresh_ranking_profile,resolved_profile_attribute,profile.tradeability_overlay.enabled,T13B_FROZEN
app/services/ranking_profile_service.py,291,refresh_ranking_profile,resolved_profile_attribute,profile.tradeability_overlay,T13B_FROZEN
app/services/ranking_profile_service.py,291,refresh_ranking_profile,resolved_profile_attribute,profile.tradeability_overlay.enabled,T13B_FROZEN
app/services/ranking_profile_service.py,319,refresh_ranking_profile,resolved_profile_attribute,profile.name,DISPLAY_ONLY
app/services/ranking_profile_service.py,321,refresh_ranking_profile,resolved_profile_attribute,profile.name,DISPLAY_ONLY
app/services/ranking_profile_service.py,720,_identity_safe_liquidity,source_resolution_boundary,load_ib_market_intelligence_config,T13C
app/services/relative_leadership.py,36,calculate_beta_adjusted_rs,resolved_mapping_read,beta_lookbacks,T13B_FROZEN
app/services/relative_leadership.py,56,rank_technical_universe,resolved_mapping_read,run_percentiles,T13B_FROZEN
app/services/relative_leadership.py,79,rank_technical_universe,resolved_mapping_read,leadership_min_percentile,T13B_FROZEN
app/services/sector_benchmark_service.py,58,resolutions_for_tickers,resolved_mapping_read,mapping,T13B_FROZEN
app/services/stage_analysis.py,25,add_stage_features,resolved_mapping_read,enabled,T13B_FROZEN
app/services/stage_analysis.py,41,classify_stage,resolved_mapping_read,stage3_distribution_min_count,T13B_FROZEN
app/services/stage_analysis.py,72,classify_stage,resolved_mapping_read,allow_stage_1_to_2_transition,T13B_FROZEN
app/services/technical_confidence.py,118,_requires_benchmark,resolved_mapping_read,market_rs,T13B_FROZEN
app/services/technical_confidence.py,118,_requires_benchmark,resolved_mapping_read,useRelativeStrengthFilter,T13B_FROZEN
app/services/technical_confidence.py,122,_requires_market,resolved_mapping_read,market_rs,T13B_FROZEN
app/services/technical_confidence.py,122,_requires_market,resolved_mapping_read,useMarketFilter,T13B_FROZEN
app/services/technical_confidence.py,126,_requires_htf,resolved_mapping_read,scoring,T13B_FROZEN
app/services/technical_confidence.py,126,_requires_htf,resolved_mapping_read,scoringMode,T13B_FROZEN
app/services/technical_confidence.py,128,_requires_htf,resolved_mapping_read,htf,T13B_FROZEN
app/services/technical_confidence.py,128,_requires_htf,resolved_mapping_read,useHtfTrendFilter,T13B_FROZEN
app/services/technical_explainability.py,98,build_technical_explainability,resolved_mapping_read,engine,T13B_FROZEN
app/services/technical_indicators.py,51,calculate_technical_features,source_resolution_boundary,load_pine_defaults,T13B_FROZEN
app/services/technical_indicators.py,52,calculate_technical_features,source_resolution_boundary,load_technical_scoring_v4_config,T13B_FROZEN
app/services/technical_indicators.py,66,calculate_technical_features,resolved_mapping_read,adaptive_percentiles,T13B_FROZEN
app/services/technical_indicators.py,67,calculate_technical_features,resolved_mapping_read,volatility_contraction,T13B_FROZEN
app/services/technical_indicators.py,68,calculate_technical_features,resolved_mapping_read,donchian_darvas,T13B_FROZEN
app/services/technical_indicators.py,69,calculate_technical_features,resolved_mapping_read,stage_analysis,T13B_FROZEN
app/services/technical_indicators.py,70,calculate_technical_features,resolved_mapping_read,climax_risk,T13B_FROZEN
app/services/technical_indicators.py,83,calculate_technical_features,resolved_mapping_read,enabled,T13B_FROZEN
app/services/technical_indicators.py,84,calculate_technical_features,resolved_mapping_read,enabled,T13B_FROZEN
app/services/technical_indicators.py,85,calculate_technical_features,resolved_mapping_read,enabled,T13B_FROZEN
app/services/technical_indicators.py,86,calculate_technical_features,resolved_mapping_read,enabled,T13B_FROZEN
app/services/technical_indicators.py,87,calculate_technical_features,resolved_mapping_read,enabled,T13B_FROZEN
app/services/technical_indicators.py,105,calculate_relative_strength_features,source_resolution_boundary,load_pine_defaults,T13B_FROZEN
app/services/technical_indicators.py,294,calculate_htf_trend_features,source_resolution_boundary,load_pine_defaults,T13B_FROZEN
app/services/technical_score_service.py,134,score_run_technicals,source_resolution_boundary,get_settings,OPERATIONAL_ONLY
app/services/technical_score_service.py,136,score_run_technicals,source_resolution_boundary,load_pine_defaults,T13B_FROZEN
app/services/technical_score_service.py,137,score_run_technicals,source_resolution_boundary,load_technical_scoring_v4_config,T13B_FROZEN
app/services/technical_score_service.py,138,score_run_technicals,source_resolution_boundary,load_technical_scoring_v5_config,T13B_FROZEN
app/services/technical_score_service.py,157,score_run_technicals,settings_getattr,technical_v5_enabled,T13B_FROZEN
app/services/technical_score_service.py,157,score_run_technicals,settings_getattr,technical_v5_shadow_compare_enabled,T13B_FROZEN
app/services/technical_score_service.py,169,score_run_technicals,settings_attribute,technical_artifact_cache_writes_enabled,OPERATIONAL_ONLY
app/services/technical_score_service.py,172,score_run_technicals,settings_attribute,technical_process_pool_enabled,OPERATIONAL_ONLY
app/services/technical_score_service.py,189,score_run_technicals,settings_attribute,technical_pure_boundary_enabled,OPERATIONAL_ONLY
app/services/technical_score_service.py,190,score_run_technicals,settings_attribute,technical_pure_boundary_shadow_compare_enabled,OPERATIONAL_ONLY
app/services/technical_score_service.py,202,score_run_technicals,settings_attribute,technical_pure_boundary_shadow_compare_enabled,OPERATIONAL_ONLY
app/services/technical_score_service.py,260,preview_run_technicals,source_resolution_boundary,load_technical_scoring_v4_config,T13B_FROZEN
app/services/technical_score_service.py,261,preview_run_technicals,source_resolution_boundary,load_technical_scoring_v5_config,T13B_FROZEN
app/services/technical_score_service.py,262,preview_run_technicals,source_resolution_boundary,load_pine_defaults,T13B_FROZEN
app/services/technical_score_service.py,269,preview_run_technicals,source_resolution_boundary,get_settings,OPERATIONAL_ONLY
app/services/technical_score_service.py,277,preview_run_technicals,settings_attribute,technical_v5_enabled,T13B_FROZEN
app/services/technical_score_service.py,277,preview_run_technicals,settings_attribute,technical_v5_shadow_compare_enabled,T13B_FROZEN
app/services/technical_score_service.py,345,finalize_technical_scores,source_resolution_boundary,get_settings,OPERATIONAL_ONLY
app/services/technical_score_service.py,354,finalize_technical_scores,source_resolution_boundary,load_technical_scoring_v4_config,T13B_FROZEN
app/services/technical_score_service.py,355,finalize_technical_scores,source_resolution_boundary,load_technical_scoring_v5_config,T13B_FROZEN
app/services/technical_score_service.py,356,finalize_technical_scores,source_resolution_boundary,load_pine_defaults,T13B_FROZEN
app/services/technical_score_service.py,365,finalize_technical_scores,resolved_mapping_read,relative_leadership,T13B_FROZEN
app/services/technical_score_service.py,367,finalize_technical_scores,settings_getattr,technical_v5_enabled,T13B_FROZEN
app/services/technical_score_service.py,367,finalize_technical_scores,settings_getattr,technical_v5_shadow_compare_enabled,T13B_FROZEN
app/services/technical_score_service.py,444,finalize_technical_scores,settings_getattr,technical_v5_enabled,T13B_FROZEN
app/services/technical_score_service.py,446,finalize_technical_scores,settings_getattr,technical_v5_enabled,T13B_FROZEN
app/services/technical_score_service.py,447,finalize_technical_scores,settings_getattr,technical_v5_persist_shadow_results,T13B_FROZEN
app/services/technical_score_service.py,543,__init__,source_resolution_boundary,get_settings,OPERATIONAL_ONLY
app/services/technical_score_service.py,552,__init__,source_resolution_boundary,load_pine_defaults,T13B_FROZEN
app/services/technical_score_service.py,553,__init__,source_resolution_boundary,load_technical_scoring_v4_config,T13B_FROZEN
app/services/technical_score_service.py,554,__init__,source_resolution_boundary,load_technical_scoring_v5_config,T13B_FROZEN
app/services/technical_score_service.py,574,__init__,settings_getattr,technical_v5_enabled,T13B_FROZEN
app/services/technical_score_service.py,575,__init__,settings_getattr,technical_v5_shadow_compare_enabled,T13B_FROZEN
app/services/technical_score_service.py,748,_submit_ready,settings_attribute,technical_artifact_cache_active_reads_enabled,OPERATIONAL_ONLY
app/services/technical_score_service.py,753,_submit_ready,settings_attribute,technical_artifact_cache_shadow_validation_enabled,OPERATIONAL_ONLY
app/services/technical_score_service.py,821,_persist_completed_artifacts,settings_attribute,technical_artifact_cache_writes_enabled,OPERATIONAL_ONLY
app/services/technical_score_service.py,828,_persist_completed_artifacts,settings_attribute,technical_artifact_cache_shadow_validation_enabled,OPERATIONAL_ONLY
app/services/technical_score_service.py,904,_refresh_run_level_inputs,resolved_mapping_read,market_rs,T13B_FROZEN
app/services/technical_score_service.py,910,_refresh_run_level_inputs,resolved_mapping_read,market_regime_v4,T13B_FROZEN
app/services/technical_score_service.py,911,_refresh_run_level_inputs,resolved_mapping_read,use_qqq,T13B_FROZEN
app/services/technical_score_service.py,969,_in_flight_limit,settings_attribute,technical_max_in_flight,OPERATIONAL_ONLY
app/services/technical_score_service.py,1056,_score_tickers_pure_sequential,settings_attribute,technical_artifact_cache_active_reads_enabled,OPERATIONAL_ONLY
app/services/technical_score_service.py,1061,_score_tickers_pure_sequential,settings_attribute,technical_artifact_cache_shadow_validation_enabled,OPERATIONAL_ONLY
app/services/technical_score_service.py,1092,_score_tickers_pure_sequential,settings_attribute,technical_artifact_cache_writes_enabled,OPERATIONAL_ONLY
app/services/technical_score_service.py,1099,_score_tickers_pure_sequential,settings_attribute,technical_artifact_cache_shadow_validation_enabled,OPERATIONAL_ONLY
app/services/technical_score_service.py,1161,_score_tickers_process_pool,settings_attribute,technical_artifact_cache_active_reads_enabled,OPERATIONAL_ONLY
app/services/technical_score_service.py,1166,_score_tickers_process_pool,settings_attribute,technical_artifact_cache_shadow_validation_enabled,OPERATIONAL_ONLY
app/services/technical_score_service.py,1180,_score_tickers_process_pool,settings_attribute,technical_max_in_flight,OPERATIONAL_ONLY
app/services/technical_score_service.py,1206,_score_tickers_process_pool,settings_attribute,technical_artifact_cache_writes_enabled,OPERATIONAL_ONLY
app/services/technical_score_service.py,1213,_score_tickers_process_pool,settings_attribute,technical_artifact_cache_shadow_validation_enabled,OPERATIONAL_ONLY
app/services/technical_score_service.py,1305,_build_work_item,resolved_mapping_read,relative_leadership,T13B_FROZEN
app/services/technical_score_service.py,1333,_artifact_cache_context,settings_attribute,technical_artifact_cache_reads_enabled,OPERATIONAL_ONLY
app/services/technical_score_service.py,1334,_artifact_cache_context,settings_attribute,technical_artifact_cache_writes_enabled,OPERATIONAL_ONLY
app/services/technical_score_service.py,1355,_artifact_cache_context,settings_attribute,technical_artifact_cache_shadow_validation_enabled,OPERATIONAL_ONLY
app/services/technical_score_service.py,1547,_technical_worker_count,settings_attribute,technical_worker_processes,OPERATIONAL_ONLY
app/services/technical_score_service.py,1670,_score_ticker,source_resolution_boundary,load_technical_scoring_v4_config,T13B_FROZEN
app/services/technical_score_service.py,1671,_score_ticker,source_resolution_boundary,load_pine_defaults,T13B_FROZEN
app/services/technical_score_service.py,1695,_score_ticker,resolved_mapping_read,relative_leadership,T13B_FROZEN
app/services/technical_score_service.py,1723,_relative_strength_features,resolved_mapping_read,beta_adjusted_rs,T13B_FROZEN
app/services/technical_score_service.py,1734,_sector_benchmark_price,resolved_mapping_read,market_rs,T13B_FROZEN
app/services/technical_score_service.py,1933,_optional_market_features,resolved_mapping_read,market_regime_v4,T13B_FROZEN
app/services/technical_score_service.py,1934,_optional_market_features,resolved_mapping_read,use_qqq,T13B_FROZEN
app/services/technical_score_service.py,2033,_technical_identity_config,settings_getattr,technical_v5_enabled,T13B_FROZEN
app/services/technical_score_service.py,2035,_technical_identity_config,settings_getattr,technical_v5_shadow_compare_enabled,T13B_FROZEN
app/services/technical_score_service.py,2038,_technical_identity_config,settings_getattr,technical_v5_persist_shadow_results,T13B_FROZEN
app/services/technical_score_service.py,2159,_v4_error_payload,resolved_mapping_read,engine,T13B_FROZEN
app/services/technical_score_v4.py,109,technical_score_v4_from_base_score,resolved_mapping_read,engine,T13B_FROZEN
app/services/technical_score_v4.py,112,technical_score_v4_from_base_score,resolved_mapping_read,version,T13B_FROZEN
app/services/technical_score_v4.py,442,_danger_priority,resolved_mapping_read,classification_v4,T13B_FROZEN
app/services/technical_score_v4.py,442,_danger_priority,resolved_mapping_read,effective_danger_priority,T13B_FROZEN
app/services/technical_score_v4.py,445,_danger_priority,resolved_mapping_read,classification_v4,T13B_FROZEN
app/services/technical_score_v4.py,445,_danger_priority,resolved_mapping_read,danger_priority,T13B_FROZEN
app/services/technical_score_v4.py,447,_danger_priority,native_default_or_algorithm_constant,DEFAULT_DANGER_PRIORITY,T13B_FROZEN
app/services/technical_score_v4.py,448,_danger_priority,native_default_or_algorithm_constant,DEFAULT_DANGER_PRIORITY,T13B_FROZEN
app/services/technical_score_v4.py,540,_stage_gate_required,resolved_mapping_read,stage_analysis,T13B_FROZEN
app/services/technical_score_v4.py,541,_stage_gate_required,resolved_mapping_read,allow_prime_only_in_stage_2,T13B_FROZEN
app/services/technical_score_v4.py,550,_stage_ok_for_setup,resolved_mapping_read,allow_stage_1_to_2_transition,T13B_FROZEN
app/services/technical_score_v4.py,550,_stage_ok_for_setup,resolved_mapping_read,stage_analysis,T13B_FROZEN
app/services/technical_score_v4.py,627,_regime_weights,resolved_mapping_read,regime_weights,T13B_FROZEN
app/services/technical_score_v4.py,628,_regime_weights,resolved_mapping_read,dynamic-key,T13B_FROZEN
app/services/technical_score_v4.py,630,_regime_weights,native_default_or_algorithm_constant,DEFAULT_REGIME_WEIGHTS,T13B_FROZEN
app/services/technical_score_v4.py,666,_threshold,resolved_mapping_read,dynamic-key,T13B_FROZEN
app/services/technical_score_v4.py,666,_threshold,resolved_mapping_read,dynamic-key,T13B_FROZEN
app/services/technical_score_v5.py,140,technical_score_v5_from_base_score,resolved_mapping_read,required_for_confidence,T13B_FROZEN
app/services/technical_score_v5.py,142,technical_score_v5_from_base_score,resolved_mapping_read,dynamic-key,T13B_FROZEN
app/services/technical_scoring_config.py,148,load_technical_scoring_v4_config,native_default_or_algorithm_constant,DEFAULT_TECHNICAL_SCORING_V4_CONFIG,T13B_FROZEN
app/services/technical_scoring_config.py,172,_validate_regime_weights,resolved_mapping_read,regime_weights,T13B_FROZEN
app/services/technical_scoring_v5_config.py,31,_validate,resolved_mapping_read,version,T13B_FROZEN
app/services/technical_scoring_v5_config.py,81,_mapping,resolved_mapping_read,dynamic-key,T13B_FROZEN
app/services/technical_work.py,233,_relative_strength_features,resolved_mapping_read,beta_adjusted_rs,T13B_FROZEN
app/services/volatility_contraction.py,13,add_contraction_features,resolved_mapping_read,enabled,T13B_FROZEN
app/services/volatility_contraction.py,17,add_contraction_features,resolved_mapping_read,bb_length,T13B_FROZEN
app/services/volatility_contraction.py,18,add_contraction_features,resolved_mapping_read,bb_stddev,T13B_FROZEN
app/services/volatility_contraction.py,19,add_contraction_features,resolved_mapping_read,kc_length,T13B_FROZEN
app/services/volatility_contraction.py,20,add_contraction_features,resolved_mapping_read,kc_atr_multiple,T13B_FROZEN
app/services/volatility_contraction.py,21,add_contraction_features,resolved_mapping_read,tight_close_lookback_short,T13B_FROZEN
app/services/volatility_contraction.py,22,add_contraction_features,resolved_mapping_read,tight_close_lookback_long,T13B_FROZEN
app/services/volatility_contraction.py,23,add_contraction_features,resolved_mapping_read,tight_close_max_pct,T13B_FROZEN
app/services/volatility_contraction.py,24,add_contraction_features,resolved_mapping_read,vcp_min_score,T13B_FROZEN
app/services/volatility_contraction.py,38,add_contraction_features,resolved_mapping_read,bb_width_percentile_lookback,T13B_FROZEN
app/services/volatility_contraction.py,50,add_contraction_features,resolved_mapping_read,squeeze_enabled,T13B_FROZEN
