finding_id,domain,operation_family_ids,target_artifact,historical_reconstruction_applicable,required_authority,available_authority,unavailable_authority,reconstruction_class,current_safe_mode,target_task,canonical_finding_status,future_reconstructability
CORE-005,Core,AF_2071f64f2b1f231c|AF_c6cbaf3f7ed57e8e,legacy fundamental value,NO_WITHOUT_EXTERNAL_ARCHIVE,SOURCE_EVIDENCE|SOURCE_REVISION|PROVIDER_IDENTITY|CURRENCY_AUTHORITY|TEMPORAL_POSSESSION_AUTHORITY|ALGORITHM_SCHEMA_VERSION,legacy value identity|explicit unavailable state,provider|revision|publication|possession|fiscal period|currency,PERMANENTLY_UNAVAILABLE,structured current sources only,T16D,PARTIAL,YES_FOR_SUPPORTED_STRUCTURED_SOURCE_PATHS
CORE-009,Core,AF_2bd8b1bc66fe2863|AF_ddd0b95b1004a4bf|AF_4e188a31f76e5426,current projection and evidence,YES_FOR_NATIVE_ROWS,CALCULATION_IDENTITY|WORK_SCOPE_IDENTITY|BUSINESS_CUTOFF|EFFECTIVE_CONFIGURATION|SOURCE_EVIDENCE|SOURCE_REVISION|RULE_POLICY_VERSION|ALGORITHM_SCHEMA_VERSION,current projection semantics|new retained evidence,legacy original context|legacy deployment identity,EVIDENCE_INCOMPLETE,CURRENT or explicit retrospective,T16B,PARTIAL,YES_FOR_PHASE4_NATIVE_AND_LATER
CERI-008,CERI,AF_09185dfbe8dc8ae9|AF_095460ea3293f382|AF_9701990a1bad3828,CERI alert decision,YES_FOR_NEW_PINNED_ALERTS,EFFECTIVE_CONFIGURATION|RULE_POLICY_VERSION|BUSINESS_CUTOFF|SOURCE_EVIDENCE|PRIOR_DECISION_STATE|ALGORITHM_SCHEMA_VERSION,new immutable rule/config binding,legacy rule/config identity,PERMANENTLY_UNAVAILABLE,new exact; legacy refused,T16B,PARTIAL,YES_FOR_NEW_PINNED_ALERTS
CERI-010,CERI,AF_09185dfbe8dc8ae9|AF_095460ea3293f382|AF_9701990a1bad3828,pre-purge CERI source bundle,NO_FOR_PRE_CERTIFICATION_PURGES,SOURCE_EVIDENCE|SOURCE_REVISION|TEMPORAL_POSSESSION_AUTHORITY|PRIOR_DECISION_STATE,certified deletion protection|legacy invalidation,sealed pre-purge archive,PERMANENTLY_UNAVAILABLE,protected certified references,T16D,PARTIAL,YES_FOR_CERTIFIED_PROTECTED_REFERENCES
RANK-007,Ranking,AF_2071f64f2b1f231c,legacy earnings schedule,NO_WITHOUT_EXTERNAL_ARCHIVE,BUSINESS_CUTOFF|SOURCE_EVIDENCE|SOURCE_REVISION|PROVIDER_IDENTITY|TEMPORAL_POSSESSION_AUTHORITY|RULE_POLICY_VERSION,source-backed current schedule path,legacy provider|publication|retrieval|revision,PERMANENTLY_UNAVAILABLE,source-backed schedule only,T16D,PARTIAL,YES_FOR_SOURCE_BACKED_SCHEDULES
SETUP-004,Setup,AF_d73d5c1718033e8e|AF_0272087527fd7f06|AF_efecf5419500e7cf,Setup snapshot/lifecycle evaluation,YES_FOR_NATIVE_ROWS,CALCULATION_IDENTITY|WORK_SCOPE_IDENTITY|BUSINESS_CUTOFF|MARKET_SESSION_CALENDAR|EFFECTIVE_CONFIGURATION|READINESS_POLICY|SOURCE_EVIDENCE|SOURCE_REVISION|TEMPORAL_POSSESSION_AUTHORITY|PREDECESSOR_STATE|RULE_POLICY_VERSION|ALGORITHM_SCHEMA_VERSION,new temporal/evidence authority|native source references,legacy complete context|legacy predecessor,EVIDENCE_INCOMPLETE,current certified calculation,T16B,PARTIAL,YES_AFTER_NATIVE_RESOLVER
SETUP-006,Setup,AF_ba689ac08fb55a7e|AF_4e188a31f76e5426|AF_ddd0b95b1004a4bf,Setup/Lifecycle replay,NOT_BY_EXISTING_REPLAY,CALCULATION_IDENTITY|WORK_SCOPE_IDENTITY|BUSINESS_CUTOFF|EFFECTIVE_CONFIGURATION|READINESS_POLICY|SOURCE_EVIDENCE|SOURCE_REVISION|PREDECESSOR_STATE|RULE_POLICY_VERSION|ALGORITHM_SCHEMA_VERSION,explicit retrospective mode|separate lineage,original-context resolver|legacy complete authority,CURRENT_RULES_ONLY,CURRENT_RULES_RETROSPECTIVE,T16B,PARTIAL,T16B_SEPARATE_OPERATION_REQUIRED
SETUP-007,Setup,AF_f2efc776d7ea1b7b|AF_bb97f67a497ff8f0|AF_53604fe070610a69|AF_dde63f1d19196a1a|AF_a4db0eb8f3fe0ad8,Setup alert decision,YES_FOR_NATIVE_PINNED_ROWS,EFFECTIVE_CONFIGURATION|RULE_POLICY_VERSION|PRIOR_DECISION_STATE|PREDECESSOR_STATE|BUSINESS_CUTOFF|SOURCE_EVIDENCE|CALCULATION_IDENTITY|ALGORITHM_SCHEMA_VERSION,new pinned rule/config|new predecessor evidence,legacy rule|cooldown|predecessor|config,PERMANENTLY_UNAVAILABLE,new exact; legacy refused,T16B,PARTIAL,YES_FOR_NEW_PINNED_ALERTS
SETUP-010,Setup,AF_2c888a66478aa0a5|AF_ddaa57ad85ff8bf7,Setup/Lifecycle maintenance output,NOT_BY_MAINTENANCE,CALCULATION_IDENTITY|BUSINESS_CUTOFF|EFFECTIVE_CONFIGURATION|SOURCE_EVIDENCE|PREDECESSOR_STATE|RULE_POLICY_VERSION|ALGORITHM_SCHEMA_VERSION,explicit repair authority|separate output,legacy original context,CURRENT_RULES_ONLY,CURRENT_STATE_REPAIR,T16B,PARTIAL,T16B_SEPARATE_OPERATION_REQUIRED
WIN-006,Winner,AF_00e602453a046eb8|AF_07d5132ea4950d61|AF_181b495253d9c9f3|AF_28a02ef387a2cf02|AF_370448d4d5b97745|AF_391cc87ab4acf60e|AF_5e9c7f4b54deade3|AF_6b6a709b24cfa078|AF_79c791f0e8421e6e|AF_8b743894024472f7|AF_9f421f6c2c6dc73f|AF_a1a274f9c73e3fa0|AF_ab5b156dc59c02ff|AF_d07e72b38c67920a|AF_f23925ce093d1da1,Winner birth PriceBar authority,YES_WHERE_REVISION_RETAINED,SOURCE_EVIDENCE|SOURCE_REVISION|BUSINESS_CUTOFF|CALCULATION_IDENTITY,exact revision IDs or explicit unavailable state,pre-capture revision identity,PERMANENTLY_UNAVAILABLE,exact-or-explicit-unavailable,T16D,PARTIAL,YES_WHERE_REVISION_ID_RETAINED
XINT-007,Cross-integration,AF_23acb094fb6bb85b|AF_33bdca96240039c6|AF_406e161ff5c7157e|AF_671f857a0f5339d6|AF_962bfc6f0968f82d|AF_a22cc94c8ff55c85|AF_acf7c620df460e47|AF_b10d4ec2fa456ce6|AF_b579e27f1696a70d|AF_ce350b6feeb50432|AF_e6476331f05f5ec2,cross-domain reconstruction fingerprint,YES_FOR_SUPPORTED_CURRENT_FAMILIES,CALCULATION_IDENTITY|WORK_SCOPE_IDENTITY|REFRESH_CYCLE_IDENTITY|ACQUISITION_PLAN_IDENTITY|EFFECTIVE_CONFIGURATION|SOURCE_REVISION|RULE_POLICY_VERSION|BUSINESS_CUTOFF,current scope/refresh/plan fingerprints|retry identity,legacy rule|purge|deployment identity,EVIDENCE_INCOMPLETE,supported-current exact identity,T16C,PARTIAL,YES_FOR_SUPPORTED_CURRENT_FAMILIES
XINT-010,Cross-integration,AF_680ae1fd6dda2a7d,external privileged boundary,NO,EXTERNAL_GOVERNANCE,repository application mutation fences,external SQL/provider governance,EXTERNAL_GOVERNANCE_ONLY,repository authority enforced,T16D,PARTIAL,NOT_APPLICABLE
