timestamp,ticker,request_type,url_category,stage,pacing_wait_ms,http_ms,http_status,bytes,retry_number,timed_out
2026-08-13T13:42:38.153011+00:00,AIZ,company_ticker_map,company_ticker_map,ticker_resolution,0.0,255.75,200,795458,0,False
2026-08-13T13:42:38.560139+00:00,AIZ,submissions,submissions,submissions,0.0,393.969,200,158571,0,False
2026-08-13T13:42:38.961957+00:00,AIZ,filing_document,filing_document,filing_document,0.0,342.185,200,2346912,0,False
2026-08-13T13:42:39.568828+00:00,AIZ,filing_document,filing_document,filing_document,0.0,91.178,200,28663,0,False
2026-08-13T13:42:39.772842+00:00,AIZ,filing_document,filing_document,filing_document,107.607,105.681,200,57849,0,False
2026-08-13T13:42:39.980017+00:00,AIZ,filing_document,filing_document,filing_document,91.494,288.967,200,1921935,0,False
2026-08-13T13:42:40.464566+00:00,AIZ,filing_document,filing_document,filing_document,0.0,90.55,200,28783,0,False
2026-08-13T13:42:40.663893+00:00,AIZ,filing_document,filing_document,filing_document,106.393,332.512,200,5570949,0,False
2026-08-13T13:42:41.415583+00:00,AIZ,filing_document,filing_document,filing_document,0.0,87.066,200,29022,0,False
2026-08-13T13:42:41.612463+00:00,AIZ,filing_document,filing_document,filing_document,107.147,93.938,200,30090,0,False
2026-08-13T13:42:41.815982+00:00,AIZ,filing_document,filing_document,filing_document,107.075,246.842,200,2174499,0,False
2026-08-13T13:42:42.190962+00:00,AIZ,filing_document,filing_document,filing_document,0.0,88.01,200,28609,0,False
2026-08-13T13:42:42.404776+00:00,AIZ,filing_document,filing_document,filing_document,122.509,87.282,200,35404,0,False
2026-08-13T13:42:42.600823+00:00,AIZ,filing_document,filing_document,filing_document,106.573,95.374,200,29335,0,False
2026-08-13T13:42:42.806765+00:00,AIZ,filing_document,filing_document,filing_document,106.657,282.569,200,2162989,0,False
2026-08-13T13:42:43.228602+00:00,AIZ,filing_document,filing_document,filing_document,0.0,83.509,200,28596,0,False
2026-08-13T13:42:43.436964+00:00,AIZ,filing_document,filing_document,filing_document,122.216,91.24,200,28306,0,False
2026-08-13T13:42:43.637504+00:00,AIZ,filing_document,filing_document,filing_document,106.406,93.71,200,30873,0,False
2026-08-13T13:42:43.841297+00:00,AIZ,filing_document,filing_document,filing_document,106.362,112.012,200,72528,0,False
2026-08-13T13:42:44.032543+00:00,AIZ,filing_document,filing_document,filing_document,75.223,232.403,200,1843373,0,False
2026-08-13T13:42:44.386942+00:00,AIZ,filing_document,filing_document,filing_document,0.0,84.955,200,29129,0,False
2026-08-13T13:42:44.581155+00:00,AIZ,filing_document,filing_document,filing_document,106.849,406.493,200,5097379,0,False
2026-08-13T13:42:45.292188+00:00,AIZ,filing_document,filing_document,filing_document,0.0,82.37,200,29372,0,False
2026-08-13T13:42:45.485347+00:00,AIZ,filing_document,filing_document,filing_document,106.583,85.994,200,31805,0,False
2026-08-13T13:42:45.682532+00:00,AIZ,filing_document,filing_document,filing_document,106.218,101.071,200,30607,0,False
2026-08-13T13:42:45.877487+00:00,AIZ,filing_document,filing_document,filing_document,92.014,214.198,200,2198984,0,False
2026-08-13T13:42:46.227120+00:00,AIZ,filing_document,filing_document,filing_document,0.0,81.701,200,28950,0,False
2026-08-13T13:42:46.434655+00:00,AIZ,filing_document,filing_document,filing_document,122.459,93.875,200,31369,0,False
2026-08-13T13:42:46.625813+00:00,AIZ,filing_document,filing_document,filing_document,91.396,288.786,200,2182917,0,False
2026-08-13T13:42:47.051065+00:00,AIZ,filing_document,filing_document,filing_document,0.0,101.205,200,28937,0,False
2026-08-13T13:42:47.261065+00:00,AIZ,filing_document,filing_document,filing_document,106.891,96.881,200,29320,0,False
2026-08-13T13:42:47.466293+00:00,AIZ,filing_document,filing_document,filing_document,106.419,108.789,200,51128,0,False
2026-08-13T13:42:47.668558+00:00,AIZ,filing_document,filing_document,filing_document,90.683,236.885,200,1803047,0,False
2026-08-13T13:42:48.009830+00:00,AIZ,filing_document,filing_document,filing_document,0.0,106.779,200,28926,0,False
2026-08-13T13:42:48.211218+00:00,AIZ,filing_document,filing_document,filing_document,90.493,335.787,200,5254389,0,False
2026-08-13T13:42:48.920824+00:00,AIZ,filing_document,filing_document,filing_document,0.0,102.074,200,29164,0,False
2026-08-13T13:42:49.115343+00:00,AIZ,filing_document,filing_document,filing_document,90.273,88.328,200,27272,0,False
2026-08-13T13:42:49.315119+00:00,AIZ,filing_document,filing_document,filing_document,107.451,86.085,200,34225,0,False
2026-08-13T13:42:49.525329+00:00,AIZ,filing_document,filing_document,filing_document,122.073,97.105,200,27862,0,False
2026-08-13T13:42:49.730752+00:00,AIZ,filing_document,filing_document,filing_document,106.645,301.57,200,2280903,0,False
2026-08-13T13:42:50.165410+00:00,AIZ,filing_document,filing_document,filing_document,0.0,100.557,200,29309,0,False
2026-08-13T13:42:50.374643+00:00,AIZ,filing_document,filing_document,filing_document,106.88,92.86,200,31181,0,False
2026-08-13T13:42:50.577656+00:00,AIZ,filing_document,filing_document,filing_document,107.344,213.96,200,2278885,0,False
2026-08-13T13:42:50.928496+00:00,AIZ,filing_document,filing_document,filing_document,0.0,80.997,200,28483,0,False
2026-08-13T13:42:51.134162+00:00,AIZ,filing_document,filing_document,filing_document,122.329,99.371,200,37791,0,False
2026-08-13T13:42:51.342094+00:00,AIZ,filing_document,filing_document,filing_document,106.271,89.008,200,64606,0,False
2026-08-13T13:42:51.540868+00:00,AIZ,filing_document,filing_document,filing_document,106.232,203.913,200,2525172,0,False
2026-08-13T13:42:51.889776+00:00,AIZ,filing_document,filing_document,filing_document,0.0,86.024,200,38360,0,False
2026-08-13T13:42:52.084781+00:00,AIZ,filing_document,filing_document,filing_document,106.357,104.81,200,38477,0,False
2026-08-13T13:42:52.286319+00:00,AIZ,filing_document,filing_document,filing_document,90.17,105.782,200,40793,0,False
2026-08-13T13:42:52.485583+00:00,AIZ,filing_document,filing_document,filing_document,90.106,86.384,200,37683,0,False
2026-08-13T13:42:52.681199+00:00,AIZ,filing_document,filing_document,filing_document,106.132,358.603,200,7613563,0,False
2026-08-13T13:42:53.509937+00:00,AIZ,filing_document,filing_document,filing_document,0.0,106.485,200,42248,0,False
2026-08-13T13:42:53.713270+00:00,AIZ,filing_document,filing_document,filing_document,90.178,110.121,200,42514,0,False
2026-08-13T13:42:53.917810+00:00,AIZ,filing_document,filing_document,filing_document,90.269,94.488,200,39370,0,False
2026-08-13T13:42:54.122194+00:00,AIZ,filing_document,filing_document,filing_document,106.42,296.165,200,3234129,0,False
2026-08-13T13:42:54.616910+00:00,AIZ,filing_document,filing_document,filing_document,0.0,90.542,200,38798,0,False
2026-08-13T13:42:54.820396+00:00,AIZ,filing_document,filing_document,filing_document,107.917,96.135,200,37806,0,False
2026-08-13T13:42:55.029781+00:00,AIZ,filing_document,filing_document,filing_document,107.971,289.298,200,3225977,0,False
2026-08-13T13:42:55.528604+00:00,AIZ,filing_document,filing_document,filing_document,0.0,85.3,200,38784,0,False
2026-08-13T13:42:55.723124+00:00,AIZ,filing_document,filing_document,filing_document,106.22,93.818,200,47266,0,False
2026-08-13T13:42:55.929256+00:00,AIZ,filing_document,filing_document,filing_document,106.298,122.473,200,58852,0,False
2026-08-13T13:42:56.131537+00:00,AIZ,filing_document,filing_document,filing_document,75.305,87.252,200,40457,0,False
2026-08-13T13:42:56.329651+00:00,AIZ,filing_document,filing_document,filing_document,106.298,273.194,200,2398423,0,False
2026-08-13T13:42:56.773624+00:00,AIZ,filing_document,filing_document,filing_document,0.0,92.732,200,38801,0,False
2026-08-13T13:42:56.976484+00:00,AIZ,filing_document,filing_document,filing_document,106.629,106.054,200,29166,0,False
2026-08-13T13:42:57.178761+00:00,AIZ,filing_document,filing_document,filing_document,91.229,349.344,200,7572831,0,False
2026-08-13T13:42:57.979555+00:00,AIZ,filing_document,filing_document,filing_document,0.0,103.12,200,37714,0,False
2026-08-13T13:42:58.178449+00:00,AIZ,filing_document,filing_document,filing_document,91.916,87.679,200,30984,0,False
2026-08-13T13:42:58.375539+00:00,AIZ,filing_document,filing_document,filing_document,106.346,129.811,200,35868,0,False
2026-08-13T13:42:58.569017+00:00,AIZ,filing_document,filing_document,filing_document,60.691,284.192,200,3737761,0,False
2026-08-13T13:42:59.070425+00:00,AIZ,filing_document,filing_document,filing_document,0.0,112.071,200,37643,0,False
2026-08-13T13:42:59.277176+00:00,AIZ,filing_document,filing_document,filing_document,91.28,103.231,200,40573,0,False
2026-08-13T13:42:59.476980+00:00,AIZ,filing_document,filing_document,filing_document,91.217,121.125,200,38951,0,False
2026-08-13T13:42:59.678819+00:00,AIZ,filing_document,filing_document,filing_document,75.534,90.38,200,33011,0,False
2026-08-13T13:42:59.880462+00:00,AIZ,filing_document,filing_document,filing_document,106.178,286.464,200,3700316,0,False
2026-08-13T13:43:00.402092+00:00,AIZ,filing_document,filing_document,filing_document,0.0,88.417,200,37623,0,False
2026-08-13T13:43:00.600711+00:00,AIZ,filing_document,filing_document,filing_document,107.053,96.795,200,48581,0,False
2026-08-13T13:43:00.806498+00:00,AIZ,filing_document,filing_document,filing_document,106.272,86.486,200,36402,0,False
2026-08-13T13:43:01.002198+00:00,AIZ,filing_document,filing_document,filing_document,106.743,88.306,200,30923,0,False
2026-08-13T13:43:01.214732+00:00,AIZ,filing_document,filing_document,filing_document,122.377,98.483,200,64825,0,False
2026-08-13T13:43:01.411588+00:00,AIZ,filing_document,filing_document,filing_document,90.229,85.126,200,37764,0,False
2026-08-13T13:43:01.620286+00:00,AIZ,filing_document,filing_document,filing_document,121.317,288.605,200,2797472,0,False
2026-08-13T13:43:02.069635+00:00,AIZ,filing_document,filing_document,filing_document,0.0,95.569,200,37605,0,False
2026-08-13T13:43:02.276923+00:00,AIZ,filing_document,filing_document,filing_document,107.124,87.651,200,27405,0,False
2026-08-13T13:43:02.472866+00:00,AIZ,filing_document,filing_document,filing_document,106.218,96.47,200,40692,0,False
2026-08-13T13:43:02.679427+00:00,AIZ,filing_document,filing_document,filing_document,106.933,444.501,200,7745863,0,False
2026-08-13T13:43:03.587469+00:00,AIZ,filing_document,filing_document,filing_document,0.0,89.817,200,39593,0,False
2026-08-13T13:43:03.787299+00:00,AIZ,filing_document,filing_document,filing_document,106.928,88.173,200,40912,0,False
2026-08-13T13:43:03.984449+00:00,AIZ,filing_document,filing_document,filing_document,106.546,98.895,200,34633,0,False
2026-08-13T13:43:04.178066+00:00,AIZ,filing_document,filing_document,filing_document,92.0,99.31,200,38869,0,False
2026-08-13T13:43:04.375924+00:00,AIZ,filing_document,filing_document,filing_document,92.073,305.269,200,3858585,0,False
2026-08-13T13:43:04.911067+00:00,AIZ,filing_document,filing_document,filing_document,0.0,97.844,200,36981,0,False
2026-08-13T13:43:05.120353+00:00,AIZ,filing_document,filing_document,filing_document,106.954,88.023,200,47555,0,False
2026-08-13T13:43:05.318727+00:00,AIZ,filing_document,filing_document,filing_document,107.283,99.529,200,45935,0,False
2026-08-13T13:43:05.528979+00:00,AIZ,filing_document,filing_document,filing_document,108.04,100.224,200,48747,0,False
2026-08-13T13:43:05.726152+00:00,AIZ,filing_document,filing_document,filing_document,92.059,304.21,200,4196873,0,False
2026-08-13T13:43:06.306922+00:00,AIZ,filing_document,filing_document,filing_document,0.0,107.139,200,47794,0,False
2026-08-13T13:43:06.509437+00:00,AIZ,filing_document,filing_document,filing_document,91.287,87.962,200,30005,0,False
2026-08-13T13:43:06.706959+00:00,AIZ,filing_document,filing_document,filing_document,106.603,92.005,200,31888,0,False
2026-08-13T13:43:06.908910+00:00,AIZ,filing_document,filing_document,filing_document,106.721,92.683,200,49870,0,False
2026-08-13T13:43:07.111298+00:00,AIZ,filing_document,filing_document,filing_document,106.877,96.773,200,47919,0,False
2026-08-13T13:43:07.302891+00:00,AIZ,filing_document,filing_document,filing_document,91.136,114.386,200,84848,0,False
2026-08-13T13:43:07.501096+00:00,AIZ,filing_document,filing_document,filing_document,75.273,267.437,200,3086338,0,False
2026-08-13T13:43:07.965277+00:00,AIZ,filing_document,filing_document,filing_document,0.0,99.935,200,58329,0,False
2026-08-13T13:43:08.159740+00:00,AIZ,filing_document,filing_document,filing_document,90.625,102.405,200,47875,0,False
2026-08-13T13:43:08.371381+00:00,AIZ,filing_document,filing_document,filing_document,106.237,378.852,200,7896399,0,False
2026-08-13T13:43:09.302511+00:00,AIZ,filing_document,filing_document,filing_document,0.0,120.574,200,48190,0,False
2026-08-13T13:43:09.505595+00:00,AIZ,filing_document,filing_document,filing_document,75.944,205.419,200,49593,0,False
2026-08-13T13:43:09.718121+00:00,AIZ,filing_document,filing_document,filing_document,0.0,203.995,200,47642,0,False
2026-08-13T13:43:09.925675+00:00,AIZ,filing_document,filing_document,filing_document,0.0,371.834,200,4124483,0,False
2026-08-13T13:43:10.544946+00:00,AIZ,filing_document,filing_document,filing_document,0.0,199.561,200,50698,0,False
2026-08-13T13:43:10.754848+00:00,AIZ,filing_document,filing_document,filing_document,0.0,215.308,200,48220,0,False
2026-08-13T13:43:10.977478+00:00,AIZ,filing_document,filing_document,filing_document,0.0,256.907,200,54165,0,False
2026-08-13T13:43:11.243378+00:00,AIZ,filing_document,filing_document,filing_document,0.0,231.611,200,37819,0,False
2026-08-13T13:43:11.483936+00:00,AIZ,filing_document,filing_document,filing_document,0.0,205.841,200,36098,0,False
2026-08-13T13:43:11.697574+00:00,AIZ,filing_document,filing_document,filing_document,0.0,270.405,200,3929822,0,False
2026-08-13T13:43:12.218807+00:00,AIZ,filing_document,filing_document,filing_document,0.0,193.964,200,31322,0,False
2026-08-13T13:43:12.414248+00:00,AIZ,filing_document,filing_document,filing_document,0.0,207.701,200,29420,0,False
2026-08-13T13:43:12.624157+00:00,AIZ,filing_document,filing_document,filing_document,0.0,236.547,200,2882235,0,False
2026-08-13T13:43:13.022013+00:00,AIZ,filing_document,filing_document,filing_document,0.0,203.53,200,39255,0,False
2026-08-13T13:43:13.230382+00:00,AIZ,filing_document,filing_document,filing_document,0.0,188.757,200,32091,0,False
2026-08-13T13:43:13.434431+00:00,AIZ,filing_document,filing_document,filing_document,13.229,180.336,200,17114,0,False
2026-08-13T13:43:13.629274+00:00,AIZ,filing_document,filing_document,filing_document,12.306,195.357,200,21521,0,False
2026-08-13T13:43:13.843137+00:00,AIZ,filing_document,filing_document,filing_document,12.836,177.478,200,19527,0,False
2026-08-13T13:43:14.037806+00:00,AIZ,filing_document,filing_document,filing_document,12.538,185.154,200,14422,0,False
2026-08-13T13:43:14.236984+00:00,AIZ,filing_document,filing_document,filing_document,12.368,184.058,200,12350,0,False
2026-08-13T13:43:14.451323+00:00,AIZ,filing_document,filing_document,filing_document,29.355,774.014,200,8405153,0,False
2026-08-13T13:43:15.753475+00:00,AIZ,filing_document,filing_document,filing_document,0.0,203.391,200,29566,0,False
2026-08-13T13:43:15.961647+00:00,AIZ,filing_document,filing_document,filing_document,0.0,199.947,200,17835,0,False
2026-08-13T13:43:16.163190+00:00,AIZ,filing_document,filing_document,filing_document,0.0,186.232,200,17361,0,False
2026-08-13T13:43:16.365542+00:00,AIZ,filing_document,filing_document,filing_document,12.355,414.545,200,4236697,0,False
2026-08-13T13:43:17.026528+00:00,AIZ,filing_document,filing_document,filing_document,0.0,185.939,200,29767,0,False
2026-08-13T13:43:17.227383+00:00,AIZ,filing_document,filing_document,filing_document,13.227,185.206,200,14456,0,False
2026-08-13T13:43:17.427040+00:00,AIZ,filing_document,filing_document,filing_document,13.474,178.641,200,19929,0,False
2026-08-13T13:43:17.637406+00:00,AIZ,filing_document,filing_document,filing_document,28.327,81.987,200,15774,0,False
2026-08-13T13:43:17.843247+00:00,AIZ,filing_document,filing_document,filing_document,122.088,83.758,200,15941,0,False
2026-08-13T13:43:18.035226+00:00,AIZ,filing_document,filing_document,filing_document,106.551,416.059,200,3939841,0,False
2026-08-13T13:43:18.688367+00:00,AIZ,filing_document,filing_document,filing_document,0.0,91.292,200,29655,0,False
2026-08-13T13:43:18.888534+00:00,AIZ,filing_document,filing_document,filing_document,106.301,75.768,200,13053,0,False
2026-08-13T13:43:19.088331+00:00,AIZ,filing_document,filing_document,filing_document,122.518,81.125,200,30041,0,False
2026-08-13T13:43:19.293536+00:00,AIZ,filing_document,filing_document,filing_document,122.308,109.243,200,73491,0,False
2026-08-13T13:43:19.498369+00:00,AIZ,filing_document,filing_document,filing_document,90.358,68.578,200,25319,0,False
2026-08-13T13:43:19.690655+00:00,AIZ,filing_document,filing_document,filing_document,122.178,370.817,200,2642577,0,False
2026-08-13T13:43:20.235396+00:00,AIZ,filing_document,filing_document,filing_document,0.0,105.159,200,29641,0,False
2026-08-13T13:43:20.436024+00:00,AIZ,filing_document,filing_document,filing_document,91.351,192.915,200,28072,0,False
2026-08-13T13:43:20.631862+00:00,AIZ,filing_document,filing_document,filing_document,0.0,82.933,200,31308,0,False
2026-08-13T13:43:20.840820+00:00,AIZ,filing_document,filing_document,filing_document,122.629,195.426,200,27359,0,False
2026-08-13T13:43:21.037612+00:00,AIZ,filing_document,filing_document,filing_document,0.0,471.882,200,7865305,0,False
2026-08-13T13:43:21.994101+00:00,AIZ,filing_document,filing_document,filing_document,0.0,190.566,200,29702,0,False
2026-08-13T13:43:22.202233+00:00,AIZ,filing_document,filing_document,filing_document,13.165,74.996,200,25340,0,False
2026-08-13T13:43:22.402642+00:00,AIZ,filing_document,filing_document,filing_document,122.255,81.996,200,34952,0,False
2026-08-13T13:43:22.593815+00:00,AIZ,filing_document,filing_document,filing_document,106.595,83.918,200,27082,0,False
2026-08-13T13:43:22.790606+00:00,AIZ,filing_document,filing_document,filing_document,106.271,422.202,200,3472425,0,False
2026-08-13T13:43:23.457441+00:00,AIZ,filing_document,filing_document,filing_document,0.0,206.379,200,51763,0,False
2026-08-13T13:43:23.670454+00:00,AIZ,filing_document,filing_document,filing_document,0.0,116.499,200,50889,0,False
2026-08-13T13:43:23.870143+00:00,AIZ,filing_document,filing_document,filing_document,75.281,221.864,200,23231,0,False
2026-08-13T13:43:24.097858+00:00,AIZ,filing_document,filing_document,filing_document,0.0,186.432,200,14214,0,False
2026-08-13T13:43:24.300382+00:00,AIZ,filing_document,filing_document,filing_document,14.04,200.899,200,13908,0,False
2026-08-13T13:43:24.515233+00:00,AIZ,filing_document,filing_document,filing_document,12.682,183.412,200,17276,0,False
2026-08-13T13:43:24.714792+00:00,AIZ,filing_document,filing_document,filing_document,12.761,408.552,200,3374111,0,False
2026-08-13T13:43:25.420303+00:00,AIZ,filing_document,filing_document,filing_document,0.0,193.349,200,29604,0,False
2026-08-13T13:43:25.615499+00:00,AIZ,filing_document,filing_document,filing_document,0.0,203.658,200,14028,0,False
2026-08-13T13:43:25.819455+00:00,AIZ,filing_document,filing_document,filing_document,0.0,81.654,200,37865,0,False
2026-08-13T13:43:26.026799+00:00,AIZ,filing_document,filing_document,filing_document,122.471,385.535,200,2476573,0,False
2026-08-13T13:43:26.568156+00:00,AIZ,filing_document,filing_document,filing_document,0.0,178.262,200,15852,0,False
2026-08-13T13:43:26.775844+00:00,AIZ,filing_document,filing_document,filing_document,28.361,420.249,200,5663247,0,False
2026-08-13T13:43:27.535944+00:00,AIZ,filing_document,filing_document,filing_document,0.0,179.549,200,14676,0,False
2026-08-13T13:43:27.745177+00:00,AIZ,filing_document,filing_document,filing_document,28.116,72.19,200,10402,0,False
2026-08-13T13:43:27.941457+00:00,AIZ,filing_document,filing_document,filing_document,122.98,173.35,200,14501,0,False
2026-08-13T13:43:28.147188+00:00,AIZ,filing_document,filing_document,filing_document,28.249,179.662,200,10574,0,False
2026-08-13T13:43:28.344313+00:00,AIZ,filing_document,filing_document,filing_document,13.068,230.449,200,2883159,0,False
2026-08-13T13:43:28.740032+00:00,AIZ,filing_document,filing_document,filing_document,0.0,191.826,200,14449,0,False
2026-08-13T13:43:28.947679+00:00,AIZ,filing_document,filing_document,filing_document,14.004,192.345,200,39660,0,False
2026-08-13T13:43:29.143640+00:00,AIZ,filing_document,filing_document,filing_document,0.0,426.551,200,2784489,0,False
2026-08-13T13:43:29.786145+00:00,AIZ,filing_document,filing_document,filing_document,0.0,184.89,200,14082,0,False
2026-08-13T13:43:29.986146+00:00,AIZ,filing_document,filing_document,filing_document,12.497,190.158,200,10542,0,False
2026-08-13T13:43:30.178147+00:00,AIZ,filing_document,filing_document,filing_document,0.0,186.771,200,9585,0,False
2026-08-13T13:43:30.379146+00:00,AIZ,filing_document,filing_document,filing_document,12.572,187.943,200,9793,0,False
2026-08-13T13:43:30.581666+00:00,AIZ,filing_document,filing_document,filing_document,12.634,169.164,200,13068,0,False
2026-08-13T13:43:30.795666+00:00,AIZ,filing_document,filing_document,filing_document,43.231,93.478,200,27843,0,False
2026-08-13T13:43:30.998179+00:00,AIZ,filing_document,filing_document,filing_document,106.934,318.897,200,2039452,0,False
2026-08-13T13:43:31.656215+00:00,AIZ,filing_document,filing_document,filing_document,0.0,188.785,200,14666,0,False
2026-08-13T13:43:31.847776+00:00,AIZ,filing_document,filing_document,filing_document,0.0,178.221,200,10477,0,False
2026-08-13T13:43:32.057354+00:00,AIZ,filing_document,filing_document,filing_document,28.771,196.452,200,26014,0,False
2026-08-13T13:43:32.258351+00:00,AIZ,filing_document,filing_document,filing_document,0.0,182.835,200,10129,0,False
2026-08-13T13:43:32.455918+00:00,AIZ,filing_document,filing_document,filing_document,12.717,644.289,200,5848051,0,False
2026-08-13T13:43:34.289147+00:00,AIZ,filing_document,filing_document,filing_document,0.0,210.487,200,14565,0,False
2026-08-13T13:43:34.502191+00:00,AIZ,filing_document,filing_document,filing_document,0.0,424.374,200,2876110,0,False
2026-08-13T13:43:35.497994+00:00,AIZ,filing_document,filing_document,filing_document,0.0,181.268,200,13043,0,False
2026-08-13T13:43:35.695048+00:00,AIZ,filing_document,filing_document,filing_document,13.162,187.241,200,16009,0,False
2026-08-13T13:43:35.899566+00:00,AIZ,filing_document,filing_document,filing_document,13.927,200.587,200,10334,0,False
2026-08-13T13:43:36.101606+00:00,AIZ,filing_document,filing_document,filing_document,0.0,174.688,200,10523,0,False
2026-08-13T13:43:36.306166+00:00,AIZ,filing_document,filing_document,filing_document,28.055,95.571,200,21763,0,False
2026-08-13T13:43:36.512258+00:00,AIZ,filing_document,filing_document,filing_document,106.721,481.065,200,2794924,0,False
2026-08-13T13:43:37.489532+00:00,AIZ,filing_document,filing_document,filing_document,0.0,188.547,200,13072,0,False
2026-08-13T13:43:37.694582+00:00,AIZ,filing_document,filing_document,filing_document,13.376,206.532,200,16398,0,False
2026-08-13T13:43:37.904619+00:00,AIZ,filing_document,filing_document,filing_document,0.0,89.207,200,27397,0,False
2026-08-13T13:43:38.105660+00:00,AIZ,filing_document,filing_document,filing_document,106.296,360.539,200,1987234,0,False
2026-08-13T13:43:38.781857+00:00,AIZ,filing_document,filing_document,filing_document,0.0,181.254,200,13054,0,False
2026-08-13T13:43:38.978447+00:00,AIZ,filing_document,filing_document,filing_document,13.062,178.814,200,12676,0,False
2026-08-13T13:43:39.172503+00:00,AIZ,filing_document,filing_document,filing_document,13.166,439.913,200,3917185,0,False
2026-08-13T13:43:40.513715+00:00,AIZ,filing_document,filing_document,filing_document,0.0,208.306,200,13835,0,False
2026-08-13T13:43:40.724232+00:00,AIZ,filing_document,filing_document,filing_document,0.0,184.034,200,10650,0,False
2026-08-13T13:43:40.924233+00:00,AIZ,filing_document,filing_document,filing_document,13.331,183.833,200,12281,0,False
2026-08-13T13:43:41.140236+00:00,AIZ,filing_document,filing_document,filing_document,29.492,396.479,200,1778694,0,False
2026-08-13T13:43:41.938836+00:00,AIZ,filing_document,filing_document,filing_document,0.0,199.73,200,13437,0,False
2026-08-13T13:43:42.141925+00:00,AIZ,filing_document,filing_document,filing_document,0.0,197.743,200,12685,0,False
2026-08-13T13:43:42.342511+00:00,AIZ,filing_document,filing_document,filing_document,0.0,213.512,200,12722,0,False
2026-08-13T13:43:42.562122+00:00,AIZ,filing_document,filing_document,filing_document,0.0,216.279,200,11942,0,False
2026-08-13T13:43:42.785196+00:00,AIZ,filing_document,filing_document,filing_document,0.0,280.768,200,14329,0,False
2026-08-13T13:43:43.089206+00:00,AIZ,filing_document,filing_document,filing_document,0.0,1392.4,200,11661,0,False
2026-08-13T13:43:44.498771+00:00,AIZ,filing_document,filing_document,filing_document,0.0,514.868,200,1734736,0,False
2026-08-13T13:43:48.298982+00:00,AIZ,filing_document,filing_document,filing_document,0.0,526.041,200,14056,0,False
2026-08-13T13:44:26.148829+00:00,AMZN,submissions,submissions,submissions,0.0,171.953,200,160016,0,False
2026-08-13T13:44:26.347363+00:00,AMZN,filing_document,filing_document,filing_document,13.222,262.651,200,1591422,0,False
2026-08-13T13:44:27.211805+00:00,AMZN,filing_document,filing_document,filing_document,0.0,104.803,200,47253,0,False
2026-08-13T13:44:27.417839+00:00,AMZN,filing_document,filing_document,filing_document,90.56,124.34,200,63945,0,False
2026-08-13T13:44:27.617892+00:00,AMZN,filing_document,filing_document,filing_document,59.663,121.478,200,60941,0,False
2026-08-13T13:44:27.814942+00:00,AMZN,filing_document,filing_document,filing_document,60.081,127.966,200,54467,0,False
2026-08-13T13:44:28.030945+00:00,AMZN,filing_document,filing_document,filing_document,75.866,115.21,200,73417,0,False
2026-08-13T13:44:28.223468+00:00,AMZN,filing_document,filing_document,filing_document,61.191,275.87,200,1241244,0,False
2026-08-13T13:44:28.920034+00:00,AMZN,filing_document,filing_document,filing_document,0.0,111.414,200,46305,0,False
2026-08-13T13:44:29.116660+00:00,AMZN,filing_document,filing_document,filing_document,75.507,109.765,200,51239,0,False
2026-08-13T13:44:29.327741+00:00,AMZN,filing_document,filing_document,filing_document,91.062,118.886,200,51699,0,False
2026-08-13T13:44:29.519259+00:00,AMZN,filing_document,filing_document,filing_document,60.247,113.334,200,48280,0,False
2026-08-13T13:44:29.734305+00:00,AMZN,filing_document,filing_document,filing_document,91.742,135.217,200,69430,0,False
2026-08-13T13:44:29.925357+00:00,AMZN,filing_document,filing_document,filing_document,44.165,125.91,200,39300,0,False
2026-08-13T13:44:30.134977+00:00,AMZN,filing_document,filing_document,filing_document,75.509,337.562,200,1968342,0,False
2026-08-13T13:44:31.042227+00:00,AMZN,filing_document,filing_document,filing_document,0.0,108.091,200,33976,0,False
2026-08-13T13:44:31.248293+00:00,AMZN,filing_document,filing_document,filing_document,90.789,114.065,200,47073,0,False
2026-08-13T13:44:31.448819+00:00,AMZN,filing_document,filing_document,filing_document,75.55,228.277,200,1405879,0,False
2026-08-13T13:44:32.180715+00:00,AMZN,filing_document,filing_document,filing_document,0.0,103.712,200,33874,0,False
2026-08-13T13:44:32.384299+00:00,AMZN,filing_document,filing_document,filing_document,91.383,272.912,200,1387163,0,False
2026-08-13T13:44:33.215496+00:00,AMZN,filing_document,filing_document,filing_document,0.0,109.932,200,33865,0,False
2026-08-13T13:44:33.406071+00:00,AMZN,filing_document,filing_document,filing_document,75.114,113.839,200,58754,0,False
2026-08-13T13:44:33.606110+00:00,AMZN,filing_document,filing_document,filing_document,75.941,233.582,200,1139537,0,False
2026-08-13T13:44:34.212477+00:00,AMZN,filing_document,filing_document,filing_document,0.0,96.891,200,34344,0,False
2026-08-13T13:44:34.407036+00:00,AMZN,filing_document,filing_document,filing_document,91.077,140.386,200,32370,0,False
2026-08-13T13:44:34.597090+00:00,AMZN,filing_document,filing_document,filing_document,44.514,322.718,200,1922355,0,False
2026-08-13T13:44:35.571007+00:00,AMZN,filing_document,filing_document,filing_document,0.0,131.668,200,34466,0,False
2026-08-13T13:44:35.768092+00:00,AMZN,filing_document,filing_document,filing_document,60.191,225.88,200,1384941,0,False
2026-08-13T13:44:36.403463+00:00,AMZN,filing_document,filing_document,filing_document,0.0,120.144,200,34364,0,False
2026-08-13T13:44:36.605504+00:00,AMZN,filing_document,filing_document,filing_document,75.527,240.371,200,1376569,0,False
2026-08-13T13:44:37.221790+00:00,AMZN,filing_document,filing_document,filing_document,0.0,101.058,200,34359,0,False
2026-08-13T13:44:37.437463+00:00,AMZN,filing_document,filing_document,filing_document,106.682,104.047,200,71397,0,False
2026-08-13T13:44:37.633987+00:00,AMZN,filing_document,filing_document,filing_document,75.954,84.826,200,29186,0,False
2026-08-13T13:44:37.833116+00:00,AMZN,filing_document,filing_document,filing_document,106.738,78.89,200,33281,0,False
2026-08-13T13:44:38.040716+00:00,AMZN,filing_document,filing_document,filing_document,122.72,182.631,200,1141153,0,False
2026-08-13T13:44:38.361819+00:00,AMZN,filing_document,filing_document,filing_document,0.0,89.966,200,34552,0,False
2026-08-13T13:44:38.565336+00:00,AMZN,filing_document,filing_document,filing_document,107.434,88.184,200,32972,0,False
2026-08-13T13:44:38.767858+00:00,AMZN,filing_document,filing_document,filing_document,107.291,206.982,200,1945178,0,False
2026-08-13T13:44:39.174957+00:00,AMZN,filing_document,filing_document,filing_document,0.0,89.839,200,34849,0,False
2026-08-13T13:44:39.389958+00:00,AMZN,filing_document,filing_document,filing_document,122.517,81.313,200,39054,0,False
2026-08-13T13:44:39.584121+00:00,AMZN,filing_document,filing_document,filing_document,106.638,250.436,200,1390256,0,False
2026-08-13T13:44:39.926852+00:00,AMZN,filing_document,filing_document,filing_document,0.0,98.816,200,34800,0,False
2026-08-13T13:44:40.134923+00:00,AMZN,filing_document,filing_document,filing_document,106.257,122.36,200,29422,0,False
2026-08-13T13:44:40.335797+00:00,AMZN,filing_document,filing_document,filing_document,75.739,244.875,200,1393351,0,False
2026-08-13T13:44:40.658529+00:00,AMZN,filing_document,filing_document,filing_document,0.0,87.294,200,34795,0,False
2026-08-13T13:44:40.870952+00:00,AMZN,filing_document,filing_document,filing_document,121.36,113.36,200,95204,0,False
2026-08-13T13:44:41.065406+00:00,AMZN,filing_document,filing_document,filing_document,75.102,206.176,200,1487425,0,False
2026-08-13T13:44:41.367074+00:00,AMZN,filing_document,filing_document,filing_document,0.0,80.467,200,42715,0,False
2026-08-13T13:44:41.572411+00:00,AMZN,filing_document,filing_document,filing_document,122.369,85.923,200,30475,0,False
2026-08-13T13:44:41.767555+00:00,AMZN,filing_document,filing_document,filing_document,107.295,202.026,200,2486192,0,False
2026-08-13T13:44:42.155954+00:00,AMZN,filing_document,filing_document,filing_document,0.0,85.116,200,42825,0,False
2026-08-13T13:44:42.350058+00:00,AMZN,filing_document,filing_document,filing_document,106.085,80.813,200,29713,0,False
2026-08-13T13:44:42.556109+00:00,AMZN,filing_document,filing_document,filing_document,122.878,85.365,200,32818,0,False
2026-08-13T13:44:42.750479+00:00,AMZN,filing_document,filing_document,filing_document,106.865,89.28,200,38041,0,False
2026-08-13T13:44:42.951030+00:00,AMZN,filing_document,filing_document,filing_document,107.321,88.757,200,33225,0,False
2026-08-13T13:44:43.150871+00:00,AMZN,filing_document,filing_document,filing_document,107.985,198.283,200,1830724,0,False
2026-08-13T13:44:43.462017+00:00,AMZN,filing_document,filing_document,filing_document,0.0,86.882,200,42723,0,False
2026-08-13T13:44:43.660028+00:00,AMZN,filing_document,filing_document,filing_document,106.313,215.211,200,1834918,0,False
2026-08-13T13:44:43.994891+00:00,AMZN,filing_document,filing_document,filing_document,0.0,84.334,200,42714,0,False
2026-08-13T13:44:44.189342+00:00,AMZN,filing_document,filing_document,filing_document,107.349,101.106,200,36190,0,False
2026-08-13T13:44:44.384422+00:00,AMZN,filing_document,filing_document,filing_document,91.664,101.113,200,81407,0,False
2026-08-13T13:44:44.580462+00:00,AMZN,filing_document,filing_document,filing_document,90.158,208.477,200,1454420,0,False
2026-08-13T13:44:44.886410+00:00,AMZN,filing_document,filing_document,filing_document,0.0,112.836,200,42735,0,False
2026-08-13T13:44:45.079174+00:00,AMZN,filing_document,filing_document,filing_document,75.938,93.324,200,30612,0,False
2026-08-13T13:44:45.282458+00:00,AMZN,filing_document,filing_document,filing_document,107.835,96.797,200,40310,0,False
2026-08-13T13:44:45.477350+00:00,AMZN,filing_document,filing_document,filing_document,91.3,84.662,200,38597,0,False
2026-08-13T13:44:45.686456+00:00,AMZN,filing_document,filing_document,filing_document,122.242,208.67,200,2415621,0,False
2026-08-13T13:44:46.039999+00:00,AMZN,filing_document,filing_document,filing_document,0.0,88.541,200,42252,0,False
2026-08-13T13:44:46.237575+00:00,AMZN,filing_document,filing_document,filing_document,106.619,91.568,200,36101,0,False
2026-08-13T13:44:46.448373+00:00,AMZN,filing_document,filing_document,filing_document,107.148,221.306,200,1723979,0,False
2026-08-13T13:44:46.769091+00:00,AMZN,filing_document,filing_document,filing_document,0.0,81.516,200,43033,0,False
2026-08-13T13:44:46.977014+00:00,AMZN,filing_document,filing_document,filing_document,122.926,90.315,200,37420,0,False
2026-08-13T13:44:47.176376+00:00,AMZN,filing_document,filing_document,filing_document,106.175,195.183,200,1718758,0,False
2026-08-13T13:44:47.501843+00:00,AMZN,filing_document,filing_document,filing_document,0.0,97.82,200,43016,0,False
2026-08-13T13:44:47.693986+00:00,AMZN,filing_document,filing_document,filing_document,91.985,89.54,200,37737,0,False
2026-08-13T13:44:47.893099+00:00,AMZN,filing_document,filing_document,filing_document,107.408,108.856,200,100926,0,False
2026-08-13T13:44:48.103178+00:00,AMZN,filing_document,filing_document,filing_document,91.07,97.625,200,42132,0,False
2026-08-13T13:44:48.297385+00:00,AMZN,filing_document,filing_document,filing_document,91.21,216.064,200,1362297,0,False
2026-08-13T13:44:48.656075+00:00,AMZN,filing_document,filing_document,filing_document,0.0,91.309,200,43929,0,False
2026-08-13T13:44:48.852075+00:00,AMZN,filing_document,filing_document,filing_document,91.478,90.935,200,30440,0,False
2026-08-13T13:44:49.056111+00:00,AMZN,filing_document,filing_document,filing_document,106.522,230.432,200,2455655,0,False
2026-08-13T13:44:49.453621+00:00,AMZN,filing_document,filing_document,filing_document,0.0,90.955,200,46360,0,False
2026-08-13T13:44:49.655334+00:00,AMZN,filing_document,filing_document,filing_document,108.013,146.998,200,23378,0,False
2026-08-13T13:44:49.851585+00:00,AMZN,filing_document,filing_document,filing_document,44.754,198.605,200,1680692,0,False
2026-08-13T13:44:50.153188+00:00,AMZN,filing_document,filing_document,filing_document,0.0,156.464,200,42761,0,False
2026-08-13T13:44:50.349169+00:00,AMZN,filing_document,filing_document,filing_document,28.606,114.772,200,45546,0,False
2026-08-13T13:44:50.550404+00:00,AMZN,filing_document,filing_document,filing_document,75.126,98.508,200,27907,0,False
2026-08-13T13:44:50.759867+00:00,AMZN,filing_document,filing_document,filing_document,106.758,234.935,200,2188792,0,False
2026-08-13T13:44:51.152458+00:00,AMZN,filing_document,filing_document,filing_document,0.0,106.5,200,54562,0,False
2026-08-13T13:44:54.147535+00:00,CLBT,submissions,submissions,submissions,0.0,298.555,200,55985,0,False
2026-08-13T13:44:54.448360+00:00,CLBT,filing_document,filing_document,filing_document,0.0,68.281,200,13941,0,False
2026-08-13T13:44:54.642096+00:00,CLBT,filing_document,filing_document,filing_document,122.472,68.365,200,13670,0,False
2026-08-13T13:44:54.834783+00:00,CLBT,filing_document,filing_document,filing_document,122.794,272.543,200,3108406,0,False
2026-08-13T13:44:55.292415+00:00,CLBT,filing_document,filing_document,filing_document,0.0,64.891,200,15208,0,False
2026-08-13T13:44:55.496627+00:00,CLBT,filing_document,filing_document,filing_document,137.356,77.591,200,11746,0,False
2026-08-13T13:44:55.699599+00:00,CLBT,filing_document,filing_document,filing_document,122.64,104.521,200,14147,0,False
2026-08-13T13:44:55.898442+00:00,CLBT,filing_document,filing_document,filing_document,92.044,84.44,200,10252,0,False
2026-08-13T13:44:56.094592+00:00,CLBT,filing_document,filing_document,filing_document,106.312,81.174,200,13412,0,False
2026-08-13T13:44:56.286704+00:00,CLBT,filing_document,filing_document,filing_document,106.444,101.231,200,16193,0,False
2026-08-13T13:44:56.497470+00:00,CLBT,filing_document,filing_document,filing_document,106.789,112.264,200,12594,0,False
2026-08-13T13:44:56.687663+00:00,CLBT,filing_document,filing_document,filing_document,75.147,82.471,200,12588,0,False
2026-08-13T13:44:56.878570+00:00,CLBT,filing_document,filing_document,filing_document,106.583,74.054,200,12459,0,False
2026-08-13T13:44:57.092194+00:00,CLBT,filing_document,filing_document,filing_document,137.652,74.483,200,14295,0,False
2026-08-13T13:44:57.292355+00:00,CLBT,filing_document,filing_document,filing_document,122.264,241.965,200,2948324,0,False
2026-08-13T13:44:57.731041+00:00,CLBT,filing_document,filing_document,filing_document,0.0,78.946,200,12936,0,False
2026-08-13T13:44:57.933412+00:00,CLBT,filing_document,filing_document,filing_document,122.299,224.184,200,16051,0,False
2026-08-13T13:44:58.160334+00:00,CLBT,filing_document,filing_document,filing_document,0.0,189.859,200,13380,0,False
2026-08-13T13:44:58.364874+00:00,CLBT,filing_document,filing_document,filing_document,12.707,277.182,200,14958,0,False
2026-08-13T13:44:58.643872+00:00,CLBT,filing_document,filing_document,filing_document,0.0,196.089,200,10525,0,False
2026-08-13T13:44:58.854892+00:00,CLBT,filing_document,filing_document,filing_document,13.243,246.958,200,10438,0,False
2026-08-13T13:44:59.102958+00:00,CLBT,filing_document,filing_document,filing_document,0.0,272.908,200,16971,0,False
2026-08-13T13:44:59.377162+00:00,CLBT,filing_document,filing_document,filing_document,0.0,168.882,200,12953,0,False
2026-08-13T13:44:59.563451+00:00,CLBT,filing_document,filing_document,filing_document,13.24,219.559,200,19532,0,False
2026-08-13T13:44:59.785547+00:00,CLBT,filing_document,filing_document,filing_document,0.0,207.309,200,14742,0,False
2026-08-13T13:44:59.994956+00:00,CLBT,filing_document,filing_document,filing_document,0.0,299.769,200,21599,0,False
2026-08-13T13:45:00.296294+00:00,CLBT,filing_document,filing_document,filing_document,0.0,208.656,200,16398,0,False
2026-08-13T13:45:00.509417+00:00,CLBT,filing_document,filing_document,filing_document,0.0,277.138,200,15786,0,False
2026-08-13T13:45:00.788530+00:00,CLBT,filing_document,filing_document,filing_document,0.0,194.889,200,14090,0,False
2026-08-13T13:45:00.987466+00:00,CLBT,filing_document,filing_document,filing_document,0.0,293.869,200,11142,0,False
2026-08-13T13:45:01.285728+00:00,CLBT,filing_document,filing_document,filing_document,0.0,183.576,200,20413,0,False
2026-08-13T13:45:01.484222+00:00,CLBT,filing_document,filing_document,filing_document,12.219,199.32,200,16099,0,False
2026-08-13T13:45:01.684354+00:00,CLBT,filing_document,filing_document,filing_document,0.0,181.073,200,12309,0,False
2026-08-13T13:45:01.880050+00:00,CLBT,filing_document,filing_document,filing_document,12.506,340.839,200,2875342,0,False
2026-08-13T13:45:02.403595+00:00,CLBT,filing_document,filing_document,filing_document,0.0,178.857,200,12019,0,False
2026-08-13T13:45:02.600020+00:00,CLBT,filing_document,filing_document,filing_document,13.582,194.782,200,13745,0,False
2026-08-13T13:45:02.813009+00:00,CLBT,filing_document,filing_document,filing_document,13.956,6483.58,200,10517,0,False
2026-08-13T13:45:09.296994+00:00,CLBT,filing_document,filing_document,filing_document,0.0,271.39,200,13461,0,False
2026-08-13T13:45:09.570503+00:00,CLBT,filing_document,filing_document,filing_document,0.0,188.551,200,12261,0,False
2026-08-13T13:45:09.774529+00:00,CLBT,filing_document,filing_document,filing_document,13.612,275.718,200,17795,0,False
2026-08-13T13:45:10.053529+00:00,CLBT,filing_document,filing_document,filing_document,0.0,221.473,200,12907,0,False
2026-08-13T13:45:10.276045+00:00,CLBT,filing_document,filing_document,filing_document,0.0,316.066,200,12834,0,False
2026-08-13T13:45:10.592560+00:00,CLBT,filing_document,filing_document,filing_document,0.0,180.478,200,10660,0,False
2026-08-13T13:45:10.787554+00:00,CLBT,filing_document,filing_document,filing_document,12.674,313.544,200,13030,0,False
2026-08-13T13:45:11.103068+00:00,CLBT,filing_document,filing_document,filing_document,0.0,256.095,200,10936,0,False
2026-08-13T13:45:11.360071+00:00,CLBT,filing_document,filing_document,filing_document,0.0,243.087,200,14071,0,False
2026-08-13T13:45:11.605581+00:00,CLBT,filing_document,filing_document,filing_document,0.0,444.158,200,3319339,0,False
2026-08-13T13:45:12.337581+00:00,CLBT,filing_document,filing_document,filing_document,0.0,244.499,200,12438,0,False
2026-08-13T13:45:12.585581+00:00,CLBT,filing_document,filing_document,filing_document,0.0,214.443,200,13405,0,False
2026-08-13T13:45:12.801100+00:00,CLBT,filing_document,filing_document,filing_document,0.0,186.999,200,26792,0,False
2026-08-13T13:45:13.003099+00:00,CLBT,filing_document,filing_document,filing_document,12.604,178.96,200,11751,0,False
2026-08-13T13:45:13.212098+00:00,CLBT,filing_document,filing_document,filing_document,28.443,261.842,200,14101,0,False
2026-08-13T13:45:13.475110+00:00,CLBT,filing_document,filing_document,filing_document,0.0,173.016,200,16629,0,False
2026-08-13T13:45:13.678120+00:00,CLBT,filing_document,filing_document,filing_document,28.48,323.165,200,16374,0,False
2026-08-13T13:45:14.003670+00:00,CLBT,filing_document,filing_document,filing_document,0.0,295.034,200,18887,0,False
2026-08-13T13:45:14.302667+00:00,CLBT,filing_document,filing_document,filing_document,0.0,400.334,200,3513434,0,False
2026-08-13T13:45:15.015272+00:00,CLBT,filing_document,filing_document,filing_document,0.0,178.706,200,11884,0,False
2026-08-13T13:45:15.209786+00:00,CLBT,filing_document,filing_document,filing_document,12.843,269.365,200,11183,0,False
2026-08-13T13:45:15.480310+00:00,CLBT,filing_document,filing_document,filing_document,0.0,265.982,200,11457,0,False
2026-08-13T13:45:15.746537+00:00,CLBT,filing_document,filing_document,filing_document,0.0,305.127,200,19693,0,False
2026-08-13T13:45:16.053565+00:00,CLBT,filing_document,filing_document,filing_document,0.0,175.071,200,25826,0,False
2026-08-13T13:45:17.064819+00:00,JPM,submissions,submissions,submissions,0.0,395.589,200,4573911,0,False
2026-08-13T13:45:17.560732+00:00,JPM,filing_document,filing_document,filing_document,0.0,505.574,200,11513874,0,False
2026-08-13T13:45:19.044274+00:00,JPM,filing_document,filing_document,filing_document,0.0,87.62,200,46384,0,False
2026-08-13T13:45:19.246311+00:00,JPM,filing_document,filing_document,filing_document,106.728,100.746,200,42482,0,False
2026-08-13T13:45:19.452311+00:00,JPM,filing_document,filing_document,filing_document,91.227,96.551,200,45522,0,False
2026-08-13T13:45:19.644343+00:00,JPM,filing_document,filing_document,filing_document,77.467,126.091,200,46216,0,False
2026-08-13T13:45:19.851342+00:00,JPM,filing_document,filing_document,filing_document,60.585,187.316,200,48933,0,False
2026-08-13T13:45:20.062348+00:00,JPM,filing_document,filing_document,filing_document,0.0,193.757,200,45050,0,False
2026-08-13T13:45:20.326491+00:00,JPM,filing_document,filing_document,filing_document,0.0,195.462,200,44678,0,False
2026-08-13T13:45:20.644503+00:00,JPM,filing_document,filing_document,filing_document,0.0,805.489,200,45789,0,False
2026-08-13T13:45:21.641471+00:00,JPM,filing_document,filing_document,filing_document,0.0,197.011,200,45059,0,False
2026-08-13T13:45:21.984448+00:00,JPM,filing_document,filing_document,filing_document,0.0,202.346,200,78360,0,False
2026-08-13T13:45:22.558255+00:00,JPM,filing_document,filing_document,filing_document,0.0,189.738,200,52939,0,False
2026-08-13T13:45:22.874867+00:00,JPM,filing_document,filing_document,filing_document,0.0,896.488,200,9164610,0,False
2026-08-13T13:45:41.328486+00:00,JPM,filing_document,filing_document,filing_document,0.0,122.513,200,42654,0,False
2026-08-13T13:45:41.526819+00:00,JPM,filing_document,filing_document,filing_document,60.744,102.771,200,45846,0,False
2026-08-13T13:45:41.729067+00:00,JPM,filing_document,filing_document,filing_document,91.352,111.553,200,45053,0,False
2026-08-13T13:45:41.931655+00:00,JPM,filing_document,filing_document,filing_document,76.022,107.482,200,45921,0,False
2026-08-13T13:45:42.129744+00:00,JPM,filing_document,filing_document,filing_document,75.165,105.859,200,49409,0,False
2026-08-13T13:45:42.339514+00:00,JPM,filing_document,filing_document,filing_document,79.627,619.536,200,12927325,0,False
2026-08-13T13:45:45.603509+00:00,JPM,filing_document,filing_document,filing_document,0.0,236.824,200,44617,0,False
2026-08-13T13:45:45.848973+00:00,JPM,filing_document,filing_document,filing_document,0.0,240.924,200,52043,0,False
2026-08-13T13:45:46.096976+00:00,JPM,filing_document,filing_document,filing_document,0.0,203.032,200,44688,0,False
2026-08-13T13:45:46.307968+00:00,JPM,filing_document,filing_document,filing_document,0.0,204.206,200,44988,0,False
2026-08-13T13:45:46.519075+00:00,JPM,filing_document,filing_document,filing_document,0.0,202.37,200,46282,0,False
2026-08-13T13:45:46.735127+00:00,JPM,filing_document,filing_document,filing_document,0.0,89.668,200,41068,0,False
2026-08-13T13:45:46.923701+00:00,JPM,filing_document,filing_document,filing_document,91.217,473.607,200,11495265,0,False
2026-08-13T13:45:49.017856+00:00,JPM,filing_document,filing_document,filing_document,0.0,235.388,200,44682,0,False
2026-08-13T13:45:49.257856+00:00,JPM,filing_document,filing_document,filing_document,0.0,199.1,200,44970,0,False
2026-08-13T13:45:49.460870+00:00,JPM,filing_document,filing_document,filing_document,0.0,210.704,200,46260,0,False
2026-08-13T13:45:49.676872+00:00,JPM,filing_document,filing_document,filing_document,0.0,98.717,200,42764,0,False
2026-08-13T13:45:52.386876+00:00,SLDE,submissions,submissions,submissions,0.0,256.954,200,29890,0,False
2026-08-13T13:45:52.645826+00:00,SLDE,filing_document,filing_document,filing_document,0.0,251.738,200,4223845,0,False
2026-08-13T13:45:53.335860+00:00,SLDE,filing_document,filing_document,filing_document,0.0,102.419,200,45624,0,False
2026-08-13T13:45:53.535861+00:00,SLDE,filing_document,filing_document,filing_document,90.263,95.693,200,46892,0,False
2026-08-13T13:45:53.741923+00:00,SLDE,filing_document,filing_document,filing_document,106.969,104.123,200,57966,0,False
2026-08-13T13:45:53.949924+00:00,SLDE,filing_document,filing_document,filing_document,91.448,97.578,200,47721,0,False
2026-08-13T13:45:54.142616+00:00,SLDE,filing_document,filing_document,filing_document,91.462,426.901,200,3262733,0,False
2026-08-13T13:45:54.988996+00:00,SLDE,filing_document,filing_document,filing_document,0.0,237.745,200,50512,0,False
2026-08-13T13:45:55.236679+00:00,SLDE,filing_document,filing_document,filing_document,0.0,508.457,200,47623,0,False
2026-08-13T13:45:55.753200+00:00,SLDE,filing_document,filing_document,filing_document,0.0,214.536,200,50512,0,False
2026-08-13T13:45:55.973343+00:00,SLDE,filing_document,filing_document,filing_document,0.0,378.999,200,6922279,0,False
2026-08-13T13:45:57.115933+00:00,SLDE,filing_document,filing_document,filing_document,0.0,197.985,200,47641,0,False
2026-08-13T13:45:57.318248+00:00,SLDE,filing_document,filing_document,filing_document,0.0,198.335,200,34250,0,False
2026-08-13T13:45:57.520922+00:00,SLDE,filing_document,filing_document,filing_document,0.0,420.968,200,4844601,0,False
2026-08-13T13:45:58.845956+00:00,SLDE,filing_document,filing_document,filing_document,0.0,208.451,200,47520,0,False
2026-08-13T13:45:59.061957+00:00,SLDE,filing_document,filing_document,filing_document,0.0,285.068,200,4685429,0,False
2026-08-13T13:45:59.866589+00:00,SLDE,filing_document,filing_document,filing_document,0.0,238.33,200,47561,0,False
2026-08-13T13:46:00.111795+00:00,SLDE,filing_document,filing_document,filing_document,0.0,208.925,200,34687,0,False
