case_id,ticker,cik,accession,form,document_name,visible_text_locator,failure_type,severity,probable_root_cause,passage_text,expected_rows,actual_rows
ADBE-2025-12-10-8-K-0000796343-25-000135-adbeex991q425.htm-pp75-88,ADBE,0000796343,0000796343-25-000135,8-K,adbeex991q425.htm,paragraphs-75-88,FALSE_NEGATIVE,HIGH,unsupported keyword or action synonym,"The following table summarizes Adobe’s FY2026 targets

1

:

Total revenue

$25.90 billion to $26.10 billion

Business Professionals & Consumers subscription revenue

$7.35 billion to $7.40 billion

Creative & Marketing Professionals subscription revenue

$17.75 billion to $17.90 billion

Total Adobe ending ARR growth

10.2% year over year

Earnings per share

GAAP: $17.90 to $18.10

Non-GAAP: $23.30 to $23.50","[{""currency"": ""USD"", ""high_value"": ""26.10"", ""low_value"": ""25.90"", ""management_claim"": null, ""metric"": ""REVENUE"", ""period_label"": ""CURRENT_FISCAL_YEAR"", ""point_value"": null, ""unit"": ""BILLION""}, {""currency"": ""USD"", ""high_value"": ""7.40"", ""low_value"": ""7.35"", ""management_claim"": null, ""metric"": ""REVENUE"", ""period_label"": ""CURRENT_FISCAL_YEAR"", ""point_value"": null, ""unit"": ""BILLION""}, {""currency"": ""USD"", ""high_value"": ""17.90"", ""low_value"": ""17.75"", ""management_claim"": null, ""metric"": ""REVENUE"", ""period_label"": ""CURRENT_FISCAL_YEAR"", ""point_value"": null, ""unit"": ""BILLION""}, {""currency"": ""USD"", ""high_value"": ""18.10"", ""low_value"": ""17.90"", ""management_claim"": null, ""metric"": ""EPS_DILUTED"", ""period_label"": ""CURRENT_FISCAL_YEAR"", ""point_value"": null, ""unit"": ""PER_SHARE""}, {""currency"": ""USD"", ""high_value"": ""23.50"", ""low_value"": ""23.30"", ""management_claim"": null, ""metric"": ""EPS_DILUTED"", ""period_label"": ""CURRENT_FISCAL_YEAR"", ""point_value"": null, ""unit"": ""PER_SHARE""}]",[]
ADBE-2026-03-12-8-K-0000796343-26-000048-adbeex991q126.htm-pp48-58,ADBE,0000796343,0000796343-26-000048,8-K,adbeex991q126.htm,paragraphs-48-58,FALSE_NEGATIVE,HIGH,unsupported keyword or action synonym,"The following table summarizes Adobe’s second quarter FY2026 targets:

Total revenue

$6.43 billion to $6.48 billion

Business Professionals & Consumers subscription revenue

$1.80 billion to $1.82 billion

Creative & Marketing Professionals subscription revenue

$4.41 billion to $4.44 billion

Earnings per share

1

GAAP: $4.35 to $4.40

Non-GAAP: $5.80 to $5.85","[{""currency"": ""USD"", ""high_value"": ""6.48"", ""low_value"": ""6.43"", ""management_claim"": null, ""metric"": ""REVENUE"", ""period_label"": ""CURRENT_QUARTER"", ""point_value"": null, ""unit"": ""BILLION""}, {""currency"": ""USD"", ""high_value"": ""1.82"", ""low_value"": ""1.80"", ""management_claim"": null, ""metric"": ""REVENUE"", ""period_label"": ""CURRENT_QUARTER"", ""point_value"": null, ""unit"": ""BILLION""}, {""currency"": ""USD"", ""high_value"": ""4.44"", ""low_value"": ""4.41"", ""management_claim"": null, ""metric"": ""REVENUE"", ""period_label"": ""CURRENT_QUARTER"", ""point_value"": null, ""unit"": ""BILLION""}, {""currency"": ""USD"", ""high_value"": ""4.40"", ""low_value"": ""4.35"", ""management_claim"": null, ""metric"": ""EPS_DILUTED"", ""period_label"": ""CURRENT_QUARTER"", ""point_value"": null, ""unit"": ""PER_SHARE""}, {""currency"": ""USD"", ""high_value"": ""5.85"", ""low_value"": ""5.80"", ""management_claim"": null, ""metric"": ""EPS_DILUTED"", ""period_label"": ""CURRENT_QUARTER"", ""point_value"": null, ""unit"": ""PER_SHARE""}]",[]
ADBE-2026-06-11-8-K-0000796343-26-000109-adbeex991q226.htm-pp48-58,ADBE,0000796343,0000796343-26-000109,8-K,adbeex991q226.htm,paragraphs-48-58,FALSE_NEGATIVE,HIGH,unsupported keyword or action synonym,"The following table summarizes Adobe’s third quarter FY2026 targets:

Total revenue

$6.67 billion to $6.72 billion

Business Professionals & Consumers subscription revenue

$1.87 billion to $1.89 billion

Creative & Marketing Professionals subscription revenue

$4.61 billion to $4.64 billion

Earnings per share

1

GAAP: $4.40 to $4.45

Non-GAAP: $6.05 to $6.10","[{""currency"": ""USD"", ""high_value"": ""6.72"", ""low_value"": ""6.67"", ""management_claim"": null, ""metric"": ""REVENUE"", ""period_label"": ""CURRENT_QUARTER"", ""point_value"": null, ""unit"": ""BILLION""}, {""currency"": ""USD"", ""high_value"": ""1.89"", ""low_value"": ""1.87"", ""management_claim"": null, ""metric"": ""REVENUE"", ""period_label"": ""CURRENT_QUARTER"", ""point_value"": null, ""unit"": ""BILLION""}, {""currency"": ""USD"", ""high_value"": ""4.64"", ""low_value"": ""4.61"", ""management_claim"": null, ""metric"": ""REVENUE"", ""period_label"": ""CURRENT_QUARTER"", ""point_value"": null, ""unit"": ""BILLION""}, {""currency"": ""USD"", ""high_value"": ""4.45"", ""low_value"": ""4.40"", ""management_claim"": null, ""metric"": ""EPS_DILUTED"", ""period_label"": ""CURRENT_QUARTER"", ""point_value"": null, ""unit"": ""PER_SHARE""}, {""currency"": ""USD"", ""high_value"": ""6.10"", ""low_value"": ""6.05"", ""management_claim"": null, ""metric"": ""EPS_DILUTED"", ""period_label"": ""CURRENT_QUARTER"", ""point_value"": null, ""unit"": ""PER_SHARE""}]",[]
AMD-2026-02-03-8-K-0000002488-26-000014-q42025991.htm-p258,AMD,0000002488,0000002488-26-000014,8-K,q42025991.htm,paragraph-258,FIELD_MISMATCH,HIGH,numeric extraction mismatch,"For the first quarter of 2026, AMD expects revenue to be approximately $9.8 billion, plus or minus $300 million, including approximately $100 million of AMD Instinct MI308 sales to China. The mid-point of the revenue range represents year-over-year growth of approximately 32% and a sequential decline of approximately 5%. Non-GAAP gross margin is expected to be approximately 55%.","[{""currency"": ""USD"", ""high_value"": ""10.1"", ""low_value"": ""9.5"", ""management_claim"": null, ""metric"": ""REVENUE"", ""period_label"": ""CURRENT_QUARTER"", ""point_value"": null, ""unit"": ""BILLION""}]","[{""metric"": ""REVENUE"", ""period_label"": ""CURRENT_QUARTER"", ""low_value"": null, ""high_value"": null, ""point_value"": ""2026"", ""unit"": ""%"", ""currency"": null, ""management_claim"": ""UNKNOWN"", ""action"": ""UNKNOWN"", ""confidence"": ""HIGH"", ""evidence_locator"": ""0000002488-26-000014/q42025991.htm/paragraph-258#paragraph-1"", ""matched_text"": ""For the first quarter of 2026, AMD expects revenue to be approximately $9.8 billion, plus or minus $300 million, including approximately $100 million of AMD Instinct MI308 sales to China. The mid-point of the revenue range represents year-over-year growth of approximately 32% and a sequential decline of approximately 5%. Non-GAAP gross margin is expected to be approximately 55%."", ""matched_text_sha256"": ""e64d8f2d35f80651e656f6b4800bf1396f1b8eeb9ff866313d9358070dd12d10"", ""warnings"": [""guidance_comparison_requires_prior""]}]"
AMD-2026-05-05-8-K-0000002488-26-000072-q12026991.htm-p206,AMD,0000002488,0000002488-26-000072,8-K,q12026991.htm,paragraph-206,FIELD_MISMATCH,HIGH,numeric extraction mismatch,"For the second quarter of 2026, AMD expects revenue to be approximately $11.2 billion, plus or minus $300 million. The mid-point of the revenue range represents year-over-year growth of approximately 46% and a sequential increase of approximately 9%. Non-GAAP gross margin is expected to be approximately 56%.","[{""currency"": ""USD"", ""high_value"": ""11.5"", ""low_value"": ""10.9"", ""management_claim"": null, ""metric"": ""REVENUE"", ""period_label"": ""CURRENT_QUARTER"", ""point_value"": null, ""unit"": ""BILLION""}]","[{""metric"": ""REVENUE"", ""period_label"": ""CURRENT_QUARTER"", ""low_value"": null, ""high_value"": null, ""point_value"": ""2026"", ""unit"": ""%"", ""currency"": null, ""management_claim"": ""UNKNOWN"", ""action"": ""UNKNOWN"", ""confidence"": ""HIGH"", ""evidence_locator"": ""0000002488-26-000072/q12026991.htm/paragraph-206#paragraph-1"", ""matched_text"": ""For the second quarter of 2026, AMD expects revenue to be approximately $11.2 billion, plus or minus $300 million. The mid-point of the revenue range represents year-over-year growth of approximately 46% and a sequential increase of approximately 9%. Non-GAAP gross margin is expected to be approximately 56%."", ""matched_text_sha256"": ""52bbb6b71bfa0e56779e88a6e174e344b238f79aefa83c5299ca28ed73bc263f"", ""warnings"": [""guidance_comparison_requires_prior""]}]"
AMD-2026-08-04-8-K-0000002488-26-000121-q22026991.htm-p222,AMD,0000002488,0000002488-26-000121,8-K,q22026991.htm,paragraph-222,FIELD_MISMATCH,HIGH,numeric extraction mismatch,"For the third quarter of 2026, AMD expects revenue to be approximately $13 billion, plus or minus $300 million. The mid-point of the revenue range represents year-over-year growth of approximately 41% and a sequential increase of approximately 13%. Non-GAAP gross margin is expected to be approximately 56%.","[{""currency"": ""USD"", ""high_value"": ""13.3"", ""low_value"": ""12.7"", ""management_claim"": null, ""metric"": ""REVENUE"", ""period_label"": ""CURRENT_QUARTER"", ""point_value"": null, ""unit"": ""BILLION""}]","[{""metric"": ""REVENUE"", ""period_label"": ""CURRENT_QUARTER"", ""low_value"": null, ""high_value"": null, ""point_value"": ""2026"", ""unit"": ""%"", ""currency"": null, ""management_claim"": ""UNKNOWN"", ""action"": ""UNKNOWN"", ""confidence"": ""HIGH"", ""evidence_locator"": ""0000002488-26-000121/q22026991.htm/paragraph-222#paragraph-1"", ""matched_text"": ""For the third quarter of 2026, AMD expects revenue to be approximately $13 billion, plus or minus $300 million. The mid-point of the revenue range represents year-over-year growth of approximately 41% and a sequential increase of approximately 13%. Non-GAAP gross margin is expected to be approximately 56%."", ""matched_text_sha256"": ""6c97a60bbf065de8f3411c2307516994b96957234c1b98a9da808226c6a57094"", ""warnings"": [""guidance_comparison_requires_prior""]}]"
CRM-2025-12-03-8-K-0001108524-25-000234-crm-q3fy26xexhibit991.htm-p26,CRM,0001108524,0001108524-25-000234,8-K,crm-q3fy26xexhibit991.htm,paragraph-26,FIELD_MISMATCH,HIGH,management action mismatch,"Raises full year FY26 revenue guidance to $41.45 billion to $41.55 billion, up 9% - 10% Y/Y and approximately 9% in CC, including approximately 80bps Informatica contribution","[{""currency"": ""USD"", ""high_value"": ""41.55"", ""low_value"": ""41.45"", ""management_claim"": ""RAISED"", ""metric"": ""REVENUE"", ""period_label"": ""CURRENT_FISCAL_YEAR"", ""point_value"": null, ""unit"": ""BILLION""}]","[{""metric"": ""REVENUE"", ""period_label"": ""CURRENT_FISCAL_YEAR"", ""low_value"": ""41.45"", ""high_value"": ""41.55"", ""point_value"": null, ""unit"": ""BILLION"", ""currency"": null, ""management_claim"": ""UNKNOWN"", ""action"": ""UNKNOWN"", ""confidence"": ""HIGH"", ""evidence_locator"": ""0001108524-25-000234/crm-q3fy26xexhibit991.htm/paragraph-26#paragraph-1"", ""matched_text"": ""Raises full year FY26 revenue guidance to $41.45 billion to $41.55 billion, up 9% - 10% Y/Y and approximately 9% in CC, including approximately 80bps Informatica contribution"", ""matched_text_sha256"": ""a59889308cbeaa9a545db3fb4823bd4f1df8498c1a9f9141e6414523c9bd0474"", ""warnings"": [""guidance_comparison_requires_prior""]}]"
CRM-2025-12-03-8-K-0001108524-25-000234-crm-q3fy26xexhibit991.htm-p31,CRM,0001108524,0001108524-25-000234,8-K,crm-q3fy26xexhibit991.htm,paragraph-31,FIELD_MISMATCH,HIGH,management action mismatch,"""We are raising fiscal year 2026 revenue guidance to $41.45 billion to $41.55 billion, and Q3 cRPO was exceptional, up 11% year-over-year at $29.4 billion, signaling a powerful pipeline of future revenue,"" said Marc Benioff, Chair and CEO, Salesforce. “Our Agentforce and Data 360 products are the momentum drivers, hitting nearly $1.4 billion in ARR—an explosive 114% year-over-year gain. We now have over 9,500 paid Agentforce deals and 3.2 trillion tokens processed, underscoring our leadership in building the Agentic Enterprise and driving real outcomes.""","[{""currency"": ""USD"", ""high_value"": ""41.55"", ""low_value"": ""41.45"", ""management_claim"": ""RAISED"", ""metric"": ""REVENUE"", ""period_label"": ""CURRENT_FISCAL_YEAR"", ""point_value"": null, ""unit"": ""BILLION""}]","[{""metric"": ""REVENUE"", ""period_label"": ""CURRENT_FISCAL_YEAR"", ""low_value"": ""41.45"", ""high_value"": ""41.55"", ""point_value"": null, ""unit"": ""BILLION"", ""currency"": null, ""management_claim"": ""UNKNOWN"", ""action"": ""UNKNOWN"", ""confidence"": ""HIGH"", ""evidence_locator"": ""0001108524-25-000234/crm-q3fy26xexhibit991.htm/paragraph-31#paragraph-1"", ""matched_text"": ""\""We are raising fiscal year 2026 revenue guidance to $41.45 billion to $41.55 billion, and Q3 cRPO was exceptional, up 11% year-over-year at $29.4 billion, signaling a powerful pipeline of future revenue,\"" said Marc Benioff, Chair and CEO, Salesforce. “Our Agentforce and Data 360 products are the momentum drivers, hitting nearly $1.4 billion in ARR—an explosive 114% year-over-year gain. We now have over 9,500 paid Agentforce deals and 3.2 trillion tokens processed, underscoring our leadership in building the Agentic Enterprise and driving real outcomes.\"""", ""matched_text_sha256"": ""ebf21639ede745a7874bc51e5f984f48cc3369666a3260637caf90f1bb87a367"", ""warnings"": [""guidance_comparison_requires_prior""]}]"
CRM-2026-02-25-8-K-0001108524-26-000056-crm-q4fy26xexhibit991.htm-p58,CRM,0001108524,0001108524-26-000056,8-K,crm-q4fy26xexhibit991.htm,paragraph-58,FIELD_MISMATCH,HIGH,management action mismatch,"Initiates full year FY27 revenue guidance of $45.8 billion to $46.2 billion, up 10% - 11% Y/Y and in CC, including approximately 3pts Informatica contribution","[{""currency"": ""USD"", ""high_value"": ""46.2"", ""low_value"": ""45.8"", ""management_claim"": ""INITIATED"", ""metric"": ""REVENUE"", ""period_label"": ""CURRENT_FISCAL_YEAR"", ""point_value"": null, ""unit"": ""BILLION""}]","[{""metric"": ""REVENUE"", ""period_label"": ""CURRENT_FISCAL_YEAR"", ""low_value"": ""45.8"", ""high_value"": ""46.2"", ""point_value"": null, ""unit"": ""BILLION"", ""currency"": null, ""management_claim"": ""UNKNOWN"", ""action"": ""UNKNOWN"", ""confidence"": ""HIGH"", ""evidence_locator"": ""0001108524-26-000056/crm-q4fy26xexhibit991.htm/paragraph-58#paragraph-1"", ""matched_text"": ""Initiates full year FY27 revenue guidance of $45.8 billion to $46.2 billion, up 10% - 11% Y/Y and in CC, including approximately 3pts Informatica contribution"", ""matched_text_sha256"": ""72a158aaca8ad3fc61cbe8e6c2e65cb3f6ac063d80fdb88bbdf6fe4385392c80"", ""warnings"": [""guidance_comparison_requires_prior""]}]"
CRM-2026-05-27-8-K-0001108524-26-000125-crm-q1fy27xexhibit991.htm-p54,CRM,0001108524,0001108524-26-000125,8-K,crm-q1fy27xexhibit991.htm,paragraph-54,FIELD_MISMATCH,HIGH,management action mismatch,"Initiates second quarter FY27 revenue guidance of $11.27 billion to $11.35 billion, up 10% - 11% Y/Y and 10% in CC, including slightly above 4pts Informatica contribution","[{""currency"": ""USD"", ""high_value"": ""11.35"", ""low_value"": ""11.27"", ""management_claim"": ""INITIATED"", ""metric"": ""REVENUE"", ""period_label"": ""CURRENT_QUARTER"", ""point_value"": null, ""unit"": ""BILLION""}]","[{""metric"": ""REVENUE"", ""period_label"": ""CURRENT_QUARTER"", ""low_value"": ""11.27"", ""high_value"": ""11.35"", ""point_value"": null, ""unit"": ""BILLION"", ""currency"": null, ""management_claim"": ""UNKNOWN"", ""action"": ""UNKNOWN"", ""confidence"": ""HIGH"", ""evidence_locator"": ""0001108524-26-000125/crm-q1fy27xexhibit991.htm/paragraph-54#paragraph-1"", ""matched_text"": ""Initiates second quarter FY27 revenue guidance of $11.27 billion to $11.35 billion, up 10% - 11% Y/Y and 10% in CC, including slightly above 4pts Informatica contribution"", ""matched_text_sha256"": ""a56a24224e6ae4e610f8f8abce5b808d1e1c4b070ee120ae7c8acf6ee0f38ec4"", ""warnings"": [""guidance_comparison_requires_prior""]}]"
CRM-2026-05-27-8-K-0001108524-26-000125-crm-q1fy27xexhibit991.htm-p56,CRM,0001108524,0001108524-26-000125,8-K,crm-q1fy27xexhibit991.htm,paragraph-56,FIELD_MISMATCH,HIGH,management action mismatch,"Raises midpoint of full year FY27 revenue guidance, now expects full year FY27 revenue of $45.9 billion to $46.2 billion, up 11% Y/Y and 10% - 11%","[{""currency"": ""USD"", ""high_value"": ""46.2"", ""low_value"": ""45.9"", ""management_claim"": ""RAISED"", ""metric"": ""REVENUE"", ""period_label"": ""CURRENT_FISCAL_YEAR"", ""point_value"": null, ""unit"": ""BILLION""}]","[{""metric"": ""REVENUE"", ""period_label"": ""CURRENT_FISCAL_YEAR"", ""low_value"": ""45.9"", ""high_value"": ""46.2"", ""point_value"": null, ""unit"": ""BILLION"", ""currency"": null, ""management_claim"": ""UNKNOWN"", ""action"": ""UNKNOWN"", ""confidence"": ""HIGH"", ""evidence_locator"": ""0001108524-26-000125/crm-q1fy27xexhibit991.htm/paragraph-56#paragraph-1"", ""matched_text"": ""Raises midpoint of full year FY27 revenue guidance, now expects full year FY27 revenue of $45.9 billion to $46.2 billion, up 11% Y/Y and 10% - 11%"", ""matched_text_sha256"": ""c653b92156a68194a525c6f37ab96c830399619123808ed022fee528916e5831"", ""warnings"": [""guidance_comparison_requires_prior""]}]"
GE-2026-07-16-8-K-0000040545-26-000047-ge2q2026earningsrelease.htm-p324,GE,0000040545,0000040545-26-000047,8-K,ge2q2026earningsrelease.htm,paragraph-324,FALSE_NEGATIVE,HIGH,"metric, period, or numeric wording unsupported","In 2026, CES now expects revenue growth of ~20%, up from our prior outlook of mid-teens, driven by higher services revenue, which we now expect to grow low 20s, up from mid-teens, and equipment revenue growth of ~20%, up from mid-to-high teens. Operating profit is expected to be in the range of $10.25-$10.35 billion, up from our prior guide of $9.6-$9.9 billion.","[{""currency"": null, ""high_value"": null, ""low_value"": null, ""management_claim"": ""RAISED"", ""metric"": ""REVENUE"", ""period_label"": ""CURRENT_FISCAL_YEAR"", ""point_value"": ""20"", ""unit"": ""%""}]",[]
JNJ-2026-07-15-8-K-0000200406-26-000146-a2026q2exhibit991.htm-p17,JNJ,0000200406,0000200406-26-000146,8-K,a2026q2exhibit991.htm,paragraph-17,FALSE_NEGATIVE,HIGH,"metric, period, or numeric wording unsupported","Strong operational performance results in the Company increasing 2026 guidance with estimated reported sales of $101.1 Billion or 7.3% at the midpoint, and increasing adjusted EPS* guidance by $0.13 to $11.68 or 8.2% at the midpoint. The adjusted operational EPS*","[{""currency"": ""USD"", ""high_value"": null, ""low_value"": null, ""management_claim"": ""RAISED"", ""metric"": ""REVENUE"", ""period_label"": ""CURRENT_FISCAL_YEAR"", ""point_value"": ""101.1"", ""unit"": ""BILLION""}, {""currency"": ""USD"", ""high_value"": null, ""low_value"": null, ""management_claim"": ""RAISED"", ""metric"": ""EPS_DILUTED"", ""period_label"": ""CURRENT_FISCAL_YEAR"", ""point_value"": ""11.68"", ""unit"": ""PER_SHARE""}]",[]
ORCL-2026-03-10-8-K-0001193125-26-100148-orcl-ex99_1.htm-p56,ORCL,0001341439,0001193125-26-100148,8-K,orcl-ex99_1.htm,paragraph-56,FIELD_MISMATCH,HIGH,management action mismatch,"For fiscal year 2026, we expect revenue of $67 billion and capital expenditures of $50 billion. This is unchanged from our most recent previous guidance.","[{""currency"": ""USD"", ""high_value"": null, ""low_value"": null, ""management_claim"": ""MAINTAINED"", ""metric"": ""REVENUE"", ""period_label"": ""CURRENT_FISCAL_YEAR"", ""point_value"": ""67"", ""unit"": ""BILLION""}]","[{""metric"": ""REVENUE"", ""period_label"": ""CURRENT_FISCAL_YEAR"", ""low_value"": null, ""high_value"": null, ""point_value"": ""67"", ""unit"": null, ""currency"": null, ""management_claim"": ""UNKNOWN"", ""action"": ""UNKNOWN"", ""confidence"": ""HIGH"", ""evidence_locator"": ""0001193125-26-100148/orcl-ex99_1.htm/paragraph-56#paragraph-1"", ""matched_text"": ""For fiscal year 2026, we expect revenue of $67 billion and capital expenditures of $50 billion. This is unchanged from our most recent previous guidance."", ""matched_text_sha256"": ""e5b22c272945dc7f8c74dd89b0ef37ad2ed4a362cf2ac6ac5fde1714a53f71b5"", ""warnings"": [""guidance_comparison_requires_prior""]}]"
ORCL-2026-03-10-8-K-0001193125-26-100148-orcl-ex99_1.htm-p57,ORCL,0001341439,0001193125-26-100148,8-K,orcl-ex99_1.htm,paragraph-57,FALSE_NEGATIVE,HIGH,"metric, period, or numeric wording unsupported","For fiscal year 2027, we are raising total revenue guidance to $90 billion.","[{""currency"": ""USD"", ""high_value"": null, ""low_value"": null, ""management_claim"": ""RAISED"", ""metric"": ""REVENUE"", ""period_label"": ""CURRENT_FISCAL_YEAR"", ""point_value"": ""90"", ""unit"": ""BILLION""}]",[]
ORCL-2026-06-10-8-K-0001193125-26-265848-orcl-ex99_1.htm-p65,ORCL,0001341439,0001193125-26-265848,8-K,orcl-ex99_1.htm,paragraph-65,FIELD_MISMATCH,HIGH,numeric extraction mismatch,"For fiscal year 2027, we confirm our prior revenue guidance of $90 billion total revenue and raise our non-GAAP EPS guidance to $8.05, which is growth of 18%","[{""currency"": ""USD"", ""high_value"": null, ""low_value"": null, ""management_claim"": ""REAFFIRMED"", ""metric"": ""REVENUE"", ""period_label"": ""CURRENT_FISCAL_YEAR"", ""point_value"": ""90"", ""unit"": ""BILLION""}, {""currency"": ""USD"", ""high_value"": null, ""low_value"": null, ""management_claim"": ""RAISED"", ""metric"": ""EPS_DILUTED"", ""period_label"": ""CURRENT_FISCAL_YEAR"", ""point_value"": ""8.05"", ""unit"": ""PER_SHARE""}]","[{""metric"": ""REVENUE"", ""period_label"": ""CURRENT_FISCAL_YEAR"", ""low_value"": null, ""high_value"": null, ""point_value"": ""90"", ""unit"": ""%"", ""currency"": null, ""management_claim"": ""UNKNOWN"", ""action"": ""UNKNOWN"", ""confidence"": ""HIGH"", ""evidence_locator"": ""0001193125-26-265848/orcl-ex99_1.htm/paragraph-65#paragraph-1"", ""matched_text"": ""For fiscal year 2027, we confirm our prior revenue guidance of $90 billion total revenue and raise our non-GAAP EPS guidance to $8.05, which is growth of 18%"", ""matched_text_sha256"": ""d76ce34291981aa3b2fce303fbe630b3ab5129aece88130227e5d25b0c36781d"", ""warnings"": [""guidance_comparison_requires_prior""]}]"
SBUX-2026-01-28-8-K-0000829224-26-000010-sbux-12282025xearningsrele.htm-pp157-166,SBUX,0000829224,0000829224-26-000010,8-K,sbux-12282025xearningsrele.htm,paragraphs-157-166,FALSE_NEGATIVE,HIGH,unsupported keyword or action synonym,"Fiscal Year 2026 Guidance

The company introduces the following fiscal year 2026 guidance (all growth targets are relative to fiscal year 2025 non-GAAP measures unless specified):

•

Global and U.S. comparable store sales growth of 3% or greater, with consolidated net revenues growing at a similar rate;

•

Non-GAAP consolidated operating margin to slightly improve year over year;

•

Non-GAAP earnings per share in the range of $2.15 to $2.40; and

•

Approximately 600 to 650 net new coffeehouses globally across company-operated and licensed businesses.","[{""currency"": null, ""high_value"": null, ""low_value"": null, ""management_claim"": ""INITIATED"", ""metric"": ""REVENUE"", ""numeric_comparator"": ""GREATER_THAN_OR_EQUAL"", ""period_label"": ""CURRENT_FISCAL_YEAR"", ""point_value"": ""3"", ""unit"": ""%""}, {""currency"": ""USD"", ""high_value"": ""2.40"", ""low_value"": ""2.15"", ""management_claim"": ""INITIATED"", ""metric"": ""EPS_DILUTED"", ""period_label"": ""CURRENT_FISCAL_YEAR"", ""point_value"": null, ""unit"": ""PER_SHARE""}]",[]
SBUX-2026-04-28-8-K-0000829224-26-000078-sbux-03292026xearningsrele.htm-pp161-172,SBUX,0000829224,0000829224-26-000078,8-K,sbux-03292026xearningsrele.htm,paragraphs-161-172,FALSE_NEGATIVE,HIGH,unsupported keyword or action synonym,"Fiscal Year 2026 Guidance

The company updates its fiscal year 2026 guidance (all growth targets are relative to fiscal year 2025 non-GAAP measures unless specified):

•

Global and U.S. comparable store sales growth of 5.0% or greater;

•

Consolidated net revenues roughly flat year over year;

•

Non-GAAP consolidated operating margin to slightly improve year over year;

•

Non-GAAP earnings per share in the range of $2.25 to $2.45; and

•

Approximately 600 to 650 net new coffeehouses globally across company-operated and licensed businesses.","[{""currency"": ""USD"", ""high_value"": ""2.45"", ""low_value"": ""2.25"", ""management_claim"": null, ""metric"": ""EPS_DILUTED"", ""period_label"": ""CURRENT_FISCAL_YEAR"", ""point_value"": null, ""unit"": ""PER_SHARE""}]",[]
SBUX-2026-07-29-8-K-0000829224-26-000129-sbux-06282026xearningsrele.htm-pp154-169,SBUX,0000829224,0000829224-26-000129,8-K,sbux-06282026xearningsrele.htm,paragraphs-154-169,FALSE_NEGATIVE,HIGH,unsupported keyword or action synonym,"Fiscal Year 2026 Guidance

The company updates its fiscal year 2026 guidance (all growth targets are relative to fiscal year 2025 non-GAAP measures unless specified):

•

Fourth quarter U.S. comparable store sales growth of 6.5% or greater, leading to:

◦

Full fiscal year 2026 U.S. comparable store sales growth of slightly greater than 6.0%; and

◦

Full fiscal year 2026 global comparable store sales growth nearing 6.0%.

•

Consolidated net revenues flat to slight growth year over year;

•

Non-GAAP consolidated operating margin greater than 11.0%;

•

Non-GAAP earnings per share in the range of $2.55 to $2.65; and

•

Approximately 600 to 650 net new coffeehouses globally across company-operated and licensed businesses.","[{""currency"": ""USD"", ""high_value"": ""2.65"", ""low_value"": ""2.55"", ""management_claim"": null, ""metric"": ""EPS_DILUTED"", ""period_label"": ""CURRENT_FISCAL_YEAR"", ""point_value"": null, ""unit"": ""PER_SHARE""}]",[]
T-2026-01-28-8-K-0000732717-26-000047-t-4q2025exhibit991.htm-p212,T,0000732717,0000732717-26-000047,8-K,t-4q2025exhibit991.htm,paragraph-212,FALSE_NEGATIVE,HIGH,"metric, period, or numeric wording unsupported",The Company’s consolidated financial outlook assumes sustained declines in service revenues within its Legacy segment as it makes progress against its objective of powering-down its energy-intensive copper-based network across the large majority of its footprint by the end of 2029 and upgrading customers to advanced connectivity services powered by 5G and fiber. AT&T expects Legacy service revenue to decline 20%+ in 2026 and to be immaterial by the end of 2029 with negative EBITDA* from this segment expected after 2027 until it has substantially eliminated direct costs associated with operating its copper-based network.,"[{""currency"": null, ""high_value"": null, ""low_value"": null, ""management_claim"": null, ""metric"": ""REVENUE"", ""numeric_comparator"": ""GREATER_THAN_OR_EQUAL"", ""period_label"": ""CURRENT_FISCAL_YEAR"", ""point_value"": ""20"", ""unit"": ""%""}]",[]
UNH-2026-01-27-8-K-0000731766-26-000025-a991unherq42025.htm-p10,UNH,0000731766,0000731766-26-000025,8-K,a991unherq42025.htm,paragraph-10,FIELD_MISMATCH,HIGH,numeric extraction mismatch,"Page 6 of 21    2026 Guidance  • Full Year 2026 Revenue Outlook Greater Than $439.0 Billion  • Earnings from Operations Greater Than $24.0 Billion; Operating Margin of 5.5%  • Earnings Outlook Greater Than $17.10 Per Share; Adjusted Earnings Greater Than $17.75 Per Share  • Cash Flows from Operations Expected to be Greater Than $18.0 Billion  UnitedHealth Group’s 2026 outlook is rooted in extensive actions it has taken in the past six months, including renewed  operating disciplines and deeper commitment to its mission of helping people live healthier lives and helping the health system  work better for everybody.  “UnitedHealth Group’s 2026 outlook reflects a business delivering durable performance improvement and margin expansion  through greater operating discipline and precise execution,” said Wayne DeVeydt, chief financial officer of UnitedHealth  Group.  The outlook reflects margin stability and growth across all four operating segments as the company continues to execute its  long-term strategy.   Among the expectations:  • 2026 revenues are projected to exceed $439.0 billion, a 2% year-over-year decline reflecting planned right-sizing across the  enterprise.  • Earnings from operations greater than $24.0 billion and a net margin of ~3.6%, improving from 2025 net margin of 2.7%.  • Consolidated medical care ratio is expected to be 88.8% +/- 50 basis points, improving 30 basis points from the 2025  medical care ratio of 89.1% and reflective of repricing efforts across the enterprise.  • Operating cost ratio is expected to be 12.8% +/- 50 basis points, reflecting a 10 basis point improvement from the 2025  adjusted operating cost ratio, supported by disciplined cost management and benefits from ongoing productivity initiatives.  • Adjusted earnings per share expected to be greater than $17.75.  The company will continue to embrace new technologies and artificial intelligence to help make high-quality care easier to find,  simpler to navigate, and most importantly, more accessible and affordable.  ($ in millions, except per share data) Revenue  Operating Earnings   UnitedHealthcare    > $335,000  > $10,800   Optum    > $257,500  > $13,200 (a)   Eliminations    ~($153,500)  -   Total UnitedHealth Group    > $439,000  > $24,000               Diluted   Adjusted (b)   Net Earnings per Share    > $17.10  > $17.75   (a) Optum Earnings includes $623 million of operating earnings in Optum Health related to the amortization of loss contracts recognized in 2025.   (b) Refer to page 18 of this release for a reconciliation of the non-GAAP measure.","[{""currency"": ""USD"", ""high_value"": null, ""low_value"": null, ""management_claim"": null, ""metric"": ""REVENUE"", ""numeric_comparator"": ""GREATER_THAN"", ""period_label"": ""CURRENT_FISCAL_YEAR"", ""point_value"": ""439.0"", ""unit"": ""BILLION""}, {""currency"": ""USD"", ""high_value"": null, ""low_value"": null, ""management_claim"": null, ""metric"": ""EPS_DILUTED"", ""numeric_comparator"": ""GREATER_THAN"", ""period_label"": ""CURRENT_FISCAL_YEAR"", ""point_value"": ""17.10"", ""unit"": ""PER_SHARE""}, {""currency"": ""USD"", ""high_value"": null, ""low_value"": null, ""management_claim"": null, ""metric"": ""EPS_DILUTED"", ""numeric_comparator"": ""GREATER_THAN"", ""period_label"": ""CURRENT_FISCAL_YEAR"", ""point_value"": ""17.75"", ""unit"": ""PER_SHARE""}]","[{""metric"": ""REVENUE"", ""period_label"": ""CURRENT_FISCAL_YEAR"", ""low_value"": null, ""high_value"": null, ""point_value"": ""21"", ""unit"": ""PER_SHARE"", ""currency"": null, ""management_claim"": ""UNKNOWN"", ""action"": ""UNKNOWN"", ""confidence"": ""HIGH"", ""evidence_locator"": ""0000731766-26-000025/a991unherq42025.htm/paragraph-10#paragraph-1"", ""matched_text"": ""Page 6 of 21    2026 Guidance  • Full Year 2026 Revenue Outlook Greater Than $439.0 Billion  • Earnings from Operations Greater Than $24.0 Billion; Operating Margin of 5.5%  • Earnings Outlook Greater Than $17.10 Per Share; Adjusted Earnings Greater Than $17.75 Per Share  • Cash Flows from Operations Expected to be Greater Than $18.0 Billion  UnitedHealth Group’s 2026 outlook is rooted in extensive actions it has taken in the past six months, including renewed  operating disciplines and deeper commitment to its mission of helping people live healthier lives and helping the health system  work better for everybody.  “UnitedHealth Group’s 2026 outlook reflects a business delivering durable performance improvement and margin expansion  through greater operating discipline and precise execution,” said Wayne DeVeydt, chief financial officer of UnitedHealth  Group.  The outlook reflects margin stability and growth across all four operating segments as the company continues to execute its  long-term strategy.   Among the expectations:  • 2026 revenues are projected to exceed $439.0 billion, a 2% year-over-year decline reflecting planned right-sizing across the  enterprise.  • Earnings from operations greater than $24.0 billion and a net margin of ~3.6%, improving from 2025 net margin of 2.7%.  • Consolidated medical care ratio is expected to be 88.8% +/- 50 basis points, improving 30 basis points from the 2025  medical care ratio of 89.1% and reflective of repricing efforts across the enterprise.  • Operating cost ratio is expected to be 12.8% +/- 50 basis points, reflecting a 10 basis point improvement from the 2025  adjusted operating cost ratio, supported by disciplined cost management and benefits from ongoing productivity initiatives.  • Adjusted earnings per share expected to be greater than $17.75.  The company will continue to embrace new technologies and artificial intelligence to help make high-quality care easier to find,  simpler to navigate, and most importantly, more accessible and affordable.  ($ in millions, except per share data) Revenue  Operating Earnings   UnitedHealthcare    > $335,000  > $10,800   Optum    > $257,500  > $13,200 (a)   Eliminations    ~($153,500)  -   Total UnitedHealth Group    > $439,000  > $24,000               Diluted   Adjusted (b)   Net Earnings per Share    > $17.10  > $17.75   (a) Optum Earnings includes $623 million of operating earnings in Optum Health related to the amortization of loss contracts recognized in 2025.   (b) Refer to page 18 of this release for a reconciliation of the non-GAAP measure."", ""matched_text_sha256"": ""2556dbfcac824d51c0372f551fa914e8d19bacc209457076d3bb4b7316529130"", ""warnings"": [""guidance_comparison_requires_prior""]}]"
UNH-2026-01-27-8-K-0000731766-26-000025-a991unherq42025.htm-p11,UNH,0000731766,0000731766-26-000025,8-K,a991unherq42025.htm,paragraph-11,FALSE_NEGATIVE,HIGH,number format unsupported,"Page 7 of 21  2026 Key Performance Expectations  • UnitedHealthcare revenues of more than $335.0 billion reflect fewer consumers served, with membership expected to  range between 46.9 million to 47.5 million.  • Optum revenues of more than $257.5 billion reflect the corresponding membership attrition in Optum Rx and the strategic  right-sizing of Optum Health.  • UnitedHealthcare earnings from operations of greater than $10.8 billion reflect a ~3.2% margin, or ~40 basis points of  margin improvement compared to 2025 adjusted earnings margin of 2.8%.  • Optum earnings from operations are expected to be greater than $13.2 billion, or a margin of ~5.1% compared to 2025  margin of 3.5%. Excluding the impact of loss contracts in Optum Health, Optum’s 2026 adjusted operating earnings  margin is ~4.9%, or an increase of ~40 basis points year-over-year.  Data Elements 2026 Outlook  ($ and weighted-average shares in millions; except per share data)       Revenue         UnitedHealthcare      > $335,000   Optum       > $257,500   Eliminations      ~$(153,500)   UnitedHealth Group      > $439,000                     Operating Earnings         UnitedHealthcare      > $10,800   Optum       > $13,200   UnitedHealth Group      > $24,000            Investment and Other Income      ~$3,900   Interest Expense      ~$3,700   Depreciation and Amortization      ~$4,400   Net Earnings to UNH Shareholders      > $15,600                   Diluted Weighted-Average Shares      910 – 915   Diluted Net Earnings per Share to UNH Shareholders    > $17.10   Adjusted Earnings per Share (1)      > $17.75                   Medical Care Ratio      88.8% ± 50 bps   Operating Cost Ratio      12.8% ± 50 bps   Operating Margin      ~5.5%   Tax Rate      ~19.25%                   Cash Flows from Operations      > $18,000   Dividends Paid (at current rate)      ~$8,000   Share Repurchase      ~$2,500   Capital Expenditures      ~$3,800             (1) Refer to page 18 of this release for a reconciliation of non-GAAP measures.","[{""currency"": ""USD"", ""high_value"": null, ""low_value"": null, ""management_claim"": null, ""metric"": ""REVENUE"", ""numeric_comparator"": ""GREATER_THAN"", ""period_label"": ""CURRENT_FISCAL_YEAR"", ""point_value"": ""335000"", ""unit"": ""MILLION""}, {""currency"": ""USD"", ""high_value"": null, ""low_value"": null, ""management_claim"": null, ""metric"": ""REVENUE"", ""numeric_comparator"": ""GREATER_THAN"", ""period_label"": ""CURRENT_FISCAL_YEAR"", ""point_value"": ""257500"", ""unit"": ""MILLION""}, {""currency"": ""USD"", ""high_value"": null, ""low_value"": null, ""management_claim"": null, ""metric"": ""REVENUE"", ""numeric_comparator"": ""GREATER_THAN"", ""period_label"": ""CURRENT_FISCAL_YEAR"", ""point_value"": ""439000"", ""unit"": ""MILLION""}, {""currency"": ""USD"", ""high_value"": null, ""low_value"": null, ""management_claim"": null, ""metric"": ""EPS_DILUTED"", ""numeric_comparator"": ""GREATER_THAN"", ""period_label"": ""CURRENT_FISCAL_YEAR"", ""point_value"": ""17.10"", ""unit"": ""PER_SHARE""}, {""currency"": ""USD"", ""high_value"": null, ""low_value"": null, ""management_claim"": null, ""metric"": ""EPS_DILUTED"", ""numeric_comparator"": ""GREATER_THAN"", ""period_label"": ""CURRENT_FISCAL_YEAR"", ""point_value"": ""17.75"", ""unit"": ""PER_SHARE""}]",[]
UNH-2026-01-27-8-K-0000731766-26-000025-a991unherq42025.htm-p12,UNH,0000731766,0000731766-26-000025,8-K,a991unherq42025.htm,paragraph-12,FALSE_NEGATIVE,HIGH,number format unsupported,"Page 8 of 21    UnitedHealthcare 2026 Outlook  ($ in millions)       Revenues:       Employer & Individual    > $75,000    Medicare & Retirement    > $165,000   Community & State    > $95,000   Total UnitedHealthcare Revenue    > $335,000   Operating Earnings    > $10,800   Operating Margin    ~3.2%                People Served (in thousands)  Growth (Contraction) in People Served  Total People Served   Commercial Risk  (1,400) – (1,300)  6,765 – 6,865   Commercial Fee  550 – 750  22,035 – 22,235   Total Commercial   (850) – (550)  28,800 – 29,100   Medicare Advantage  (1,200) – (1,150) (1)  7,245 – 7,295   Standardized Medicare Supplement  (50) – 0  4,235 – 4,285   Medicaid  (715) – (565)  6,665 – 6,815   Total Medical  (2,815) – (2,265)  46,945 – 47,495          Stand-Alone Part D Prescription Drug Plans  (200) – (100)  2,570 – 2,670           (1) Total 2026 contraction for people served through Medicare Advantage, including programs serving complex populations included in Medicaid, is expected to be (1,400,000) to  (1,300,000), consistent with historical presentation.","[{""currency"": ""USD"", ""high_value"": null, ""low_value"": null, ""management_claim"": null, ""metric"": ""REVENUE"", ""numeric_comparator"": ""GREATER_THAN"", ""period_label"": ""CURRENT_FISCAL_YEAR"", ""point_value"": ""75000"", ""unit"": ""MILLION""}, {""currency"": ""USD"", ""high_value"": null, ""low_value"": null, ""management_claim"": null, ""metric"": ""REVENUE"", ""numeric_comparator"": ""GREATER_THAN"", ""period_label"": ""CURRENT_FISCAL_YEAR"", ""point_value"": ""165000"", ""unit"": ""MILLION""}, {""currency"": ""USD"", ""high_value"": null, ""low_value"": null, ""management_claim"": null, ""metric"": ""REVENUE"", ""numeric_comparator"": ""GREATER_THAN"", ""period_label"": ""CURRENT_FISCAL_YEAR"", ""point_value"": ""95000"", ""unit"": ""MILLION""}, {""currency"": ""USD"", ""high_value"": null, ""low_value"": null, ""management_claim"": null, ""metric"": ""REVENUE"", ""numeric_comparator"": ""GREATER_THAN"", ""period_label"": ""CURRENT_FISCAL_YEAR"", ""point_value"": ""335000"", ""unit"": ""MILLION""}]",[]
UNH-2026-01-27-8-K-0000731766-26-000025-a991unherq42025.htm-p13,UNH,0000731766,0000731766-26-000025,8-K,a991unherq42025.htm,paragraph-13,FALSE_NEGATIVE,HIGH,number format unsupported,"Page 9 of 21    Optum 2026 Outlook  ($ in millions)  Revenues  Operating Earnings  Operating Margin   Optum Health (1)  > $91,000  > $2,200  ~2.4%   Optum Insight  > $21,000  > $4,750  ~22.6%   Optum Rx  > $150,500  > $6,250  ~4.2%   Eliminations  ~$(5,000)       Total Optum  > $257,500  > $13,200  ~5.1%                   Growth Metrics         Optum Health Consumers Served     ~84 million   Optum Health Fully Accountable Patients      ~4.1 million   Optum Rx Adjusted Scripts      > 1.52 billion              Below outlines the 2025 Reported and Adjusted Earnings from Operations, as well as the recast earnings for the reclassification  of Optum Financial Services from Optum Health into Optum Insight. 2026 Earnings Guidance assumes Optum Financial  Services is classified in Optum Insight and removed from Optum Health guidance.  Optum 2025 and 2026 Reported to Adjusted Recast Earnings Bridge  ($ in millions)    Optum Health  Optum Insight  Optum Rx  Total Optum             2025 Reported Earnings from Operations  $(278)  $2,624  $7,193  $9,539  Direct Response Costs – Cyberattack  -  $799  -  $799  Net Portfolio Divestitures, Restructuring and Other  $1,941  $304  $(1,068)  $1,177  Provision for Third Party Loss Contracts  $623  -  -  $623  2025 Adjusted Earnings from Operations     $2,286  $3,727  $6,125  $12,138           Optum Financial Services Reclassification (2)  $(837)  $837  -  -  2025 Adjusted Recast Earnings from Operations  $1,449  $4,564  $6,125  $12,138  2025 Adjusted Recast Earnings Margin  1.4%  21.7%  4.0%  4.5%             2026 Reported Operating Earnings Guidance    > $2,200  (1)   > $4,750  > $6,250  > $13,200  Amortization of Third Party Loss Contracts     $(623)  -  -  $(623)  2026 Adjusted Operating Earnings    > $1,577  > $4,750  > $6,250  > $12,577  2026 Adjusted Operating Earnings Margin    ~1.7%  ~22.6%  ~4.2%  ~4.9%            (1) Optum Health includes $623 million of 2026 operating earnings related to the amortization of loss contracts associated with 2025 restructuring and other activities, which will be  excluded from adjusted operating earnings and adjusted earnings per share.  (2) The reclassification of Optum Financial Services from Optum Health into Optum Insight represented $1,906 million in revenue in 2025, inclusive of $289 million of intersegment  Optum eliminations.","[{""currency"": ""USD"", ""high_value"": null, ""low_value"": null, ""management_claim"": null, ""metric"": ""REVENUE"", ""numeric_comparator"": ""GREATER_THAN"", ""period_label"": ""CURRENT_FISCAL_YEAR"", ""point_value"": ""91000"", ""unit"": ""MILLION""}, {""currency"": ""USD"", ""high_value"": null, ""low_value"": null, ""management_claim"": null, ""metric"": ""REVENUE"", ""numeric_comparator"": ""GREATER_THAN"", ""period_label"": ""CURRENT_FISCAL_YEAR"", ""point_value"": ""21000"", ""unit"": ""MILLION""}, {""currency"": ""USD"", ""high_value"": null, ""low_value"": null, ""management_claim"": null, ""metric"": ""REVENUE"", ""numeric_comparator"": ""GREATER_THAN"", ""period_label"": ""CURRENT_FISCAL_YEAR"", ""point_value"": ""150500"", ""unit"": ""MILLION""}, {""currency"": ""USD"", ""high_value"": null, ""low_value"": null, ""management_claim"": null, ""metric"": ""REVENUE"", ""numeric_comparator"": ""GREATER_THAN"", ""period_label"": ""CURRENT_FISCAL_YEAR"", ""point_value"": ""257500"", ""unit"": ""MILLION""}]",[]
UNH-2026-07-16-8-K-0000731766-26-000191-earningsrelease2q26_7152.htm-p11,UNH,0000731766,0000731766-26-000191,8-K,earningsrelease2q26_7152.htm,paragraph-11,FALSE_NEGATIVE,HIGH,number format unsupported,"Page 7 of 17    UnitedHealth Group 2026 Outlook  ($ and weighted-average shares in millions; except per share data)    As of   January 27, 2026    As of   July 16, 2026   Operating Earnings         UnitedHealthcare    > $10,800  > $12,000   Optum Health    > $2,200  > $2,275   Optum Insight    > $4,750  > $4,925   Optum Rx    > $6,250  > $6,250   Optum     > $13,200  > $13,450   UnitedHealth Group    > $24,000  > $25,450   Net Earnings to UNH Shareholders    > $15,600  > $16,750   Diluted Net Earnings per Share to UNH Shareholders  > $17.10  $18.45 - $18.95   Adjusted Earnings per Share  (1)     > $17.75  $19.50 - $20.00   Medical Care Ratio    88.8% ± 50 bps  88.1% ± 25 bps   Tax Rate    ~19.25%  ~18.5%   Cash Flows from Operations    > $18,000  ~$24,000   Share Repurchase    ~$2,500  At Least $5,000     (1) Refer to page 16 of this release for a reconciliation of non-GAAP measures.     Below outlines the 2026 Reported to Adjusted Earnings Bridge for Optum as of July 16, 2026.  Optum 2026 Reported to Adjusted Earnings Bridge  ($ in millions)    Optum Health  Optum Insight  Optum Rx  Total Optum  2026 Reported Operating Earnings Guidance    > $2,275  (1)   > $4,925  > $6,250  > $13,450  Net Portfolio Divestitures, Restructuring and Other    $345  $(175)  -  $170  Net Change in Third Party Loss Contracts     $(405)  -  -  $(405)  2026 Adjusted Operating Earnings    > $2,215  > $4,750  > $6,250  > $13,215  Adjusted Operating Earnings as of January 27, 2026    > $1,577  > $4,750  > $6,250  > $12,577            (1) Optum Health includes $405 million of 2026 operating earnings related to the net change in loss contracts reserve, which will be excluded from adjusted operating earnings and  adjusted earnings per share.","[{""currency"": ""USD"", ""high_value"": ""18.95"", ""low_value"": ""18.45"", ""management_claim"": null, ""metric"": ""EPS_DILUTED"", ""period_label"": ""CURRENT_FISCAL_YEAR"", ""point_value"": null, ""unit"": ""PER_SHARE""}, {""currency"": ""USD"", ""high_value"": ""20.00"", ""low_value"": ""19.50"", ""management_claim"": null, ""metric"": ""EPS_DILUTED"", ""period_label"": ""CURRENT_FISCAL_YEAR"", ""point_value"": null, ""unit"": ""PER_SHARE""}]",[]
UNH-2026-07-16-8-K-0000731766-26-000191-earningsrelease2q26_7152.htm-p6,UNH,0000731766,0000731766-26-000191,8-K,earningsrelease2q26_7152.htm,paragraph-6,FIELD_MISMATCH,HIGH,numeric extraction mismatch,"Page 2 of 17  • Optum supported more than 120 million consumers and generated revenues of $65.7 billion and earnings of $4.0 billion,  representing 160 basis points of margin expansion year-over-year.     UnitedHealth Group Updated 2026 Full Year Guidance  ($ in millions, except per share data)        Reported Operating  Earnings   Adjusted Operating  Earnings    UnitedHealthcare     > $12,000  > $12,000   Optum Health     > $2,275  > $2,215   Optum Insight     > $4,925  > $4,750   Optum Rx     > $6,250  > $6,250   Optum (a)    > $13,450  > $13,215   UnitedHealth Group     > $25,450  > $25,215   Medical Care Ratio      88.1% ± 25 bps   Tax Rate      ~18.5%   Cash Flows from Operations      ~$24,000   Share Repurchase      At Least $5,000   Net Earnings to UNH Shareholders      > $16,750       Diluted   Adjusted (b)   Net Earnings per Share    $18.45 - $18.95  $19.50 - $20.00     (a) Refer to page 7 of this release for a bridge of Optum Reported to Adjusted Operating Earnings.  (b) Refer to page 16 of this release for a reconciliation of the non-GAAP measure.","[{""currency"": ""USD"", ""high_value"": ""18.95"", ""low_value"": ""18.45"", ""management_claim"": null, ""metric"": ""EPS_DILUTED"", ""period_label"": ""CURRENT_FISCAL_YEAR"", ""point_value"": null, ""unit"": ""PER_SHARE""}, {""currency"": ""USD"", ""high_value"": ""20.00"", ""low_value"": ""19.50"", ""management_claim"": null, ""metric"": ""EPS_DILUTED"", ""period_label"": ""CURRENT_FISCAL_YEAR"", ""point_value"": null, ""unit"": ""PER_SHARE""}]","[{""metric"": ""REVENUE"", ""period_label"": ""CURRENT_FISCAL_YEAR"", ""low_value"": ""18.45"", ""high_value"": ""18.95"", ""point_value"": null, ""unit"": null, ""currency"": null, ""management_claim"": ""UNKNOWN"", ""action"": ""UNKNOWN"", ""confidence"": ""HIGH"", ""evidence_locator"": ""0000731766-26-000191/earningsrelease2q26_7152.htm/paragraph-6#paragraph-1"", ""matched_text"": ""Page 2 of 17  • Optum supported more than 120 million consumers and generated revenues of $65.7 billion and earnings of $4.0 billion,  representing 160 basis points of margin expansion year-over-year.     UnitedHealth Group Updated 2026 Full Year Guidance  ($ in millions, except per share data)        Reported Operating  Earnings   Adjusted Operating  Earnings    UnitedHealthcare     > $12,000  > $12,000   Optum Health     > $2,275  > $2,215   Optum Insight     > $4,925  > $4,750   Optum Rx     > $6,250  > $6,250   Optum (a)    > $13,450  > $13,215   UnitedHealth Group     > $25,450  > $25,215   Medical Care Ratio      88.1% ± 25 bps   Tax Rate      ~18.5%   Cash Flows from Operations      ~$24,000   Share Repurchase      At Least $5,000   Net Earnings to UNH Shareholders      > $16,750       Diluted   Adjusted (b)   Net Earnings per Share    $18.45 - $18.95  $19.50 - $20.00     (a) Refer to page 7 of this release for a bridge of Optum Reported to Adjusted Operating Earnings.  (b) Refer to page 16 of this release for a reconciliation of the non-GAAP measure."", ""matched_text_sha256"": ""1a87e77ee0d09e8e0594d54e4c16af6886fa56fb8aa2307ba55031e6d510674c"", ""warnings"": [""guidance_comparison_requires_prior""]}]"
UNH-2026-07-16-8-K-0000731766-26-000191-uhgearnings_q22026vpower.htm-p10,UNH,0000731766,0000731766-26-000191,8-K,uhgearnings_q22026vpower.htm,paragraph-10,FALSE_NEGATIVE,HIGH,number format unsupported,"© 2026 UnitedHealth Group, Inc. All rights reserved. 6 UnitedHealth Group 2026 Outlook (1) Optum Health includes $405 million of 2026 operating earnings related to the net change in loss contracts reserve, which will be excluded from  adjusted operating earnings and adjusted earnings per share. As of  July 16, 2026 As of  January 27, 2026 ($ and weighted-average shares in millions, except per share data) Operating Earnings > $12,000 > $10,800 UnitedHealthcare > $2,275 > $2,200Optum Health > $4,925 > $4,750Optum Insight > $6,250 > $6,250Optum Rx > $13,450 > $13,200 Optum > $25,450 > $24,000 UnitedHealth Group > $16,750> $15,600Net Earnings to UNH Shareholders $18.45 - $18.95> $17.10Diluted Net Earnings per Share to UNH Shareholders $19.50 - $20.00> $17.75Adjusted Earnings per Share (1) 88.1% ± 25 bps88.8% ± 50 bpsMedical Care Ratio ~18.5%~19.25%Tax Rate ~$24,000> $18,000Cash Flows from Operations At Least $5,000~$2,500Share Repurchase Optum 2026 Reported to Adjusted Earnings Bridge Total  Optum Optum  Rx Optum  Insight Optum  Health ($ in millions) > $13,450> $6,250> $4,925> $2,275 (1)2026 Reported Operating Earnings Guidance $170-$(175)$345Net Portfolio Divestitures, Restructuring and Other $(405)--$(405)Net Change in Third Party Loss Contracts > $13,215> $6,250> $4,750> $2,2152026 Adjusted Operating Earnings  > $12,577> $6,250> $4,750> $1,577Adjusted Operating Earnings as of January 27, 2026 Below outlines the 2026 Reported to Adjusted Earnings Bridge for Optum as of July 16, 2026. (1) Refer to page 16 of this release for a reconciliation of non-GAAP measures.","[{""currency"": ""USD"", ""high_value"": ""18.95"", ""low_value"": ""18.45"", ""management_claim"": null, ""metric"": ""EPS_DILUTED"", ""period_label"": ""CURRENT_FISCAL_YEAR"", ""point_value"": null, ""unit"": ""PER_SHARE""}, {""currency"": ""USD"", ""high_value"": ""20.00"", ""low_value"": ""19.50"", ""management_claim"": null, ""metric"": ""EPS_DILUTED"", ""period_label"": ""CURRENT_FISCAL_YEAR"", ""point_value"": null, ""unit"": ""PER_SHARE""}]",[]
UNH-2026-07-16-8-K-0000731766-26-000191-uhgearnings_q22026vpower.htm-p5,UNH,0000731766,0000731766-26-000191,8-K,uhgearnings_q22026vpower.htm,paragraph-5,FIELD_MISMATCH,HIGH,numeric extraction mismatch,"© 2026 UnitedHealth Group, Inc. All rights reserved. 1 Second Quarter 2026 Revenues of $112.0 Billion;  Earnings from Operations of $8.0 Billion  Earnings of $6.04 Per Share and Adjusted Earnings  of $6.38 Per Share Our results and outlook reflect the  continuing progress in our work to  simplify how we operate, improve  both affordability and the health  care experience for patients and  care providers and apply modern  technology to create real  improvement for people.” Stephen Hemsley Chief Executive Officer, UnitedHealth Group July 16, 2026 UnitedHealth Group (NYSE: UNH) today reported second quarter 2026  results and raised guidance for full year 2026. The company now expects full year 2026 adjusted net earnings between  $19.50 to $20.00 per share resulting from performance year-to-date and  an improved outlook for the remainder of the year. A table outlining the  company’s updated outlook is below, with additional detail on page 6 of this  release.  Consolidated revenues for the second quarter 2026 were $112.0 billion and  earnings from operations were $8.0 billion, with a net margin of 4.9%. Cash  flows from operations were $11.1 billion, or 1.9x net income, and the debt- to-capital ratio was 41.2% as of June 30, 2026. UnitedHealth Group’s medical cost ratio was 86.7% for the second quarter  2026, reflecting cost and pricing discipline, as well as mix changes across  all benefit offerings. The operating cost ratio of 12.7% in the second quarter  2026 compared to 12.3% in the second quarter 2025, reflecting targeted  investments in technology, operations and the community.  Over the last year, the company has advanced a broad set of reforms and  commitments to improve affordability, transparency and simplicity for care  providers and consumers. These actions reflect the company’s deep  commitment to helping people live healthier lives and helping make the  health system work better for everyone. These actions are outlined in more  detail on page 2 of this release. UnitedHealth Group Reports Second Quarter 2026 Results Second Quarter 2026  Key Performance Metrics • Second quarter 2026 adjusted net  earnings were $6.38 per share. • The medical care ratio was 86.7%  and reflected product design changes,  improved medical management and  better aligned pricing. MCR was  affected by $860 million of net  favorable prior period development,  with the majority related to 2026 dates  of service.  • The operating cost ratio of 12.7%  included targeted investments in  infrastructure, artificial intelligence,  care delivery enhancements, consumer  experience and community support.  • UnitedHealthcare served 48.5 million  consumers and reported revenues  of $86.0 billion and earnings of  $3.9 billion, with operating margins  of 4.6%. • Optum supported more than 120  million consumers and generated  revenues of $65.7 billion and  earnings of $4.0 billion, representing  160 basis points of margin expansion  year-over-year.   Updated Full Year 2026 Earnings Outlook Range  to $18.45 to $18.95 Per Share Adjusted Earnings Range of $19.50 to  $20.00 Per Share (a) Refer to page 6 of this release for a bridge of Optum Reported to Adjusted Operating Earnings. (b) Refer to page 16 of this release for a reconciliation of the non-GAAP measure. UnitedHealth Group Updated 2026 Full Year Guidance  Adjusted  Operating Earnings Reported  Operating Earnings($ in millions, except per share data) > $12,000> $12,000 UnitedHealthcare > $2,215 > $2,275 Optum Health > $4,750 > $4,925 Optum Insight > $6,250 > $6,250 Optum Rx > $13,215> $13,450 Optum (a) > $25,215> $25,450UnitedHealth Group 88.1% ± 25 bpsMedical Care Ratio ~18.5%Tax Rate ~$24,000Cash Flows from Operations At Least $5,000Share Repurchase > $16,750Net Earnings to UNH Shareholders Adjusted (b)Diluted  $19.50 - $20.00$18.45 - $18.95Net Earnings per Share","[{""currency"": ""USD"", ""high_value"": ""18.95"", ""low_value"": ""18.45"", ""management_claim"": ""RAISED"", ""metric"": ""EPS_DILUTED"", ""period_label"": ""CURRENT_FISCAL_YEAR"", ""point_value"": null, ""unit"": ""PER_SHARE""}, {""currency"": ""USD"", ""high_value"": ""20.00"", ""low_value"": ""19.50"", ""management_claim"": ""RAISED"", ""metric"": ""EPS_DILUTED"", ""period_label"": ""CURRENT_FISCAL_YEAR"", ""point_value"": null, ""unit"": ""PER_SHARE""}]","[{""metric"": ""REVENUE"", ""period_label"": ""CURRENT_FISCAL_YEAR"", ""low_value"": ""19.5"", ""high_value"": ""20"", ""point_value"": null, ""unit"": null, ""currency"": null, ""management_claim"": ""RAISED"", ""action"": ""UNKNOWN"", ""confidence"": ""HIGH"", ""evidence_locator"": ""0000731766-26-000191/uhgearnings_q22026vpower.htm/paragraph-5#paragraph-1"", ""matched_text"": ""© 2026 UnitedHealth Group, Inc. All rights reserved. 1 Second Quarter 2026 Revenues of $112.0 Billion;  Earnings from Operations of $8.0 Billion  Earnings of $6.04 Per Share and Adjusted Earnings  of $6.38 Per Share Our results and outlook reflect the  continuing progress in our work to  simplify how we operate, improve  both affordability and the health  care experience for patients and  care providers and apply modern  technology to create real  improvement for people.” Stephen Hemsley Chief Executive Officer, UnitedHealth Group July 16, 2026 UnitedHealth Group (NYSE: UNH) today reported second quarter 2026  results and raised guidance for full year 2026. The company now expects full year 2026 adjusted net earnings between  $19.50 to $20.00 per share resulting from performance year-to-date and  an improved outlook for the remainder of the year. A table outlining the  company’s updated outlook is below, with additional detail on page 6 of this  release.  Consolidated revenues for the second quarter 2026 were $112.0 billion and  earnings from operations were $8.0 billion, with a net margin of 4.9%. Cash  flows from operations were $11.1 billion, or 1.9x net income, and the debt- to-capital ratio was 41.2% as of June 30, 2026. UnitedHealth Group’s medical cost ratio was 86.7% for the second quarter  2026, reflecting cost and pricing discipline, as well as mix changes across  all benefit offerings. The operating cost ratio of 12.7% in the second quarter  2026 compared to 12.3% in the second quarter 2025, reflecting targeted  investments in technology, operations and the community.  Over the last year, the company has advanced a broad set of reforms and  commitments to improve affordability, transparency and simplicity for care  providers and consumers. These actions reflect the company’s deep  commitment to helping people live healthier lives and helping make the  health system work better for everyone. These actions are outlined in more  detail on page 2 of this release. UnitedHealth Group Reports Second Quarter 2026 Results Second Quarter 2026  Key Performance Metrics • Second quarter 2026 adjusted net  earnings were $6.38 per share. • The medical care ratio was 86.7%  and reflected product design changes,  improved medical management and  better aligned pricing. MCR was  affected by $860 million of net  favorable prior period development,  with the majority related to 2026 dates  of service.  • The operating cost ratio of 12.7%  included targeted investments in  infrastructure, artificial intelligence,  care delivery enhancements, consumer  experience and community support.  • UnitedHealthcare served 48.5 million  consumers and reported revenues  of $86.0 billion and earnings of  $3.9 billion, with operating margins  of 4.6%. • Optum supported more than 120  million consumers and generated  revenues of $65.7 billion and  earnings of $4.0 billion, representing  160 basis points of margin expansion  year-over-year.   Updated Full Year 2026 Earnings Outlook Range  to $18.45 to $18.95 Per Share Adjusted Earnings Range of $19.50 to  $20.00 Per Share (a) Refer to page 6 of this release for a bridge of Optum Reported to Adjusted Operating Earnings. (b) Refer to page 16 of this release for a reconciliation of the non-GAAP measure. UnitedHealth Group Updated 2026 Full Year Guidance  Adjusted  Operating Earnings Reported  Operating Earnings($ in millions, except per share data) > $12,000> $12,000 UnitedHealthcare > $2,215 > $2,275 Optum Health > $4,750 > $4,925 Optum Insight > $6,250 > $6,250 Optum Rx > $13,215> $13,450 Optum (a) > $25,215> $25,450UnitedHealth Group 88.1% ± 25 bpsMedical Care Ratio ~18.5%Tax Rate ~$24,000Cash Flows from Operations At Least $5,000Share Repurchase > $16,750Net Earnings to UNH Shareholders Adjusted (b)Diluted  $19.50 - $20.00$18.45 - $18.95Net Earnings per Share"", ""matched_text_sha256"": ""8b57a51a496e7c9454f338e1612dba18e0a10c8b5a1dceb9d88566f103641afc"", ""warnings"": [""guidance_comparison_requires_prior""]}]"
WMT-2025-11-20-8-K-0000104169-25-000177-earningspresentationfy26.htm-p6,WMT,0000104169,0000104169-25-000177,8-K,earningspresentationfy26.htm,paragraph-6,FIELD_MISMATCH,HIGH,numeric extraction mismatch,"Fiscal year 2026 The Company’s fiscal year guidance is based on the following FY25 figures: Net sales: $674.5 billion, adjusted  operating income1: $29.5 billion, and adjusted EPS1: $2.51. Consolidated metric Original from 2.20.2025 As of 8.21.2025 As of 11.20.25 Net sales (cc) Increase 3.0% to 4.0% • Including approximately 20 bps  headwind from lapping leap year • Including approximately 20 bps  tailwind from acquisition of VIZIO Increase 3.75% to 4.75% Increase 4.8% to 5.1% Adj. operating income (cc) Increase 3.5% to 5.5% • Including approximately 70 bps  headwind from lapping leap year • Including approximately 80 bps  headwind from acquisition of VIZIO Unchanged Increase 4.8% to 5.5% Interest, net Increase approximately $100M to $200M Unchanged Unchanged Effective tax rate Approximately 23.5% to 24.5% Unchanged Mid to low-end of prior range Non-controlling interest Relatively flat Unchanged Unchanged Adjusted EPS $2.50 to $2.60, including approximately  $0.05 headwind from currency $2.52 to $2.62, including $0.02  to $0.03 headwind from  currency $2.58 to $2.63, including  $0.01 to $0.02 headwind  from currency Capital expenditures Approximately 3.0% to 3.5% of net sales Unchanged Approximately 3.5% 1 For relevant non-GAAP reconciliations, see Q4 FY25 earnings release furnished on Form 8-K on February 20, 2025. cc = constant currency Guidance 2 The following forward-looking statements reflect  the Company’s expectations as of November 20,  2025, and are subject to substantial uncertainty.  The Company’s results may be materially affected  by many factors, such as fluctuations in foreign  currency exchange rates, changes in global  economic and geopolitical conditions, tariff and  trade policies, customer demand and spending,  inflation, interest rates, world events, expenses  pertaining to general liability claims, for which we  self-insure, and the various other factors detailed  in this presentation. Additionally, guidance is  provided on a non-GAAP basis as the Company  cannot predict certain elements that are included  in reported GAAP results, such as the changes in  fair value of the Company’s equity and other  investments. Growth rates reflect an adjusted  basis for prior year results.","[{""currency"": null, ""high_value"": ""5.1"", ""low_value"": ""4.8"", ""management_claim"": null, ""metric"": ""REVENUE"", ""period_label"": ""CURRENT_FISCAL_YEAR"", ""point_value"": null, ""unit"": ""%""}, {""currency"": ""USD"", ""high_value"": ""2.63"", ""low_value"": ""2.58"", ""management_claim"": null, ""metric"": ""EPS_DILUTED"", ""period_label"": ""CURRENT_FISCAL_YEAR"", ""point_value"": null, ""unit"": ""PER_SHARE""}]","[{""metric"": ""REVENUE"", ""period_label"": ""CURRENT_FISCAL_YEAR"", ""low_value"": ""3"", ""high_value"": ""4"", ""point_value"": null, ""unit"": ""%"", ""currency"": null, ""management_claim"": ""UNKNOWN"", ""action"": ""UNKNOWN"", ""confidence"": ""HIGH"", ""evidence_locator"": ""0000104169-25-000177/earningspresentationfy26.htm/paragraph-6#paragraph-1"", ""matched_text"": ""Fiscal year 2026 The Company’s fiscal year guidance is based on the following FY25 figures: Net sales: $674.5 billion, adjusted  operating income1: $29.5 billion, and adjusted EPS1: $2.51. Consolidated metric Original from 2.20.2025 As of 8.21.2025 As of 11.20.25 Net sales (cc) Increase 3.0% to 4.0% • Including approximately 20 bps  headwind from lapping leap year • Including approximately 20 bps  tailwind from acquisition of VIZIO Increase 3.75% to 4.75% Increase 4.8% to 5.1% Adj. operating income (cc) Increase 3.5% to 5.5% • Including approximately 70 bps  headwind from lapping leap year • Including approximately 80 bps  headwind from acquisition of VIZIO Unchanged Increase 4.8% to 5.5% Interest, net Increase approximately $100M to $200M Unchanged Unchanged Effective tax rate Approximately 23.5% to 24.5% Unchanged Mid to low-end of prior range Non-controlling interest Relatively flat Unchanged Unchanged Adjusted EPS $2.50 to $2.60, including approximately  $0.05 headwind from currency $2.52 to $2.62, including $0.02  to $0.03 headwind from  currency $2.58 to $2.63, including  $0.01 to $0.02 headwind  from currency Capital expenditures Approximately 3.0% to 3.5% of net sales Unchanged Approximately 3.5% 1 For relevant non-GAAP reconciliations, see Q4 FY25 earnings release furnished on Form 8-K on February 20, 2025. cc = constant currency Guidance 2 The following forward-looking statements reflect  the Company’s expectations as of November 20,  2025, and are subject to substantial uncertainty.  The Company’s results may be materially affected  by many factors, such as fluctuations in foreign  currency exchange rates, changes in global  economic and geopolitical conditions, tariff and  trade policies, customer demand and spending,  inflation, interest rates, world events, expenses  pertaining to general liability claims, for which we  self-insure, and the various other factors detailed  in this presentation. Additionally, guidance is  provided on a non-GAAP basis as the Company  cannot predict certain elements that are included  in reported GAAP results, such as the changes in  fair value of the Company’s equity and other  investments. Growth rates reflect an adjusted  basis for prior year results."", ""matched_text_sha256"": ""c6557c4b33c130b3ac9a4dfbe0736d18ac27b196c05357df5fb11d5b65cc254e"", ""warnings"": [""guidance_comparison_requires_prior""]}]"
WMT-2025-11-20-8-K-0000104169-25-000177-earningsreleasefy26q3.htm-p25,WMT,0000104169,0000104169-25-000177,8-K,earningsreleasefy26q3.htm,paragraph-25,FIELD_MISMATCH,MEDIUM,management action mismatch,"up 4.5%, with strength across categories. For fiscal year 2026, the Company raises outlook for growth in net sales to 4.8% to 5.1% and adjusted operating income to 4.8% to 5.5%, both in constant currency (“cc”)","[{""currency"": null, ""high_value"": ""5.1"", ""low_value"": ""4.8"", ""management_claim"": ""RAISED"", ""metric"": ""REVENUE"", ""period_label"": ""CURRENT_FISCAL_YEAR"", ""point_value"": null, ""unit"": ""%""}]","[{""metric"": ""REVENUE"", ""period_label"": ""CURRENT_FISCAL_YEAR"", ""low_value"": ""4.8"", ""high_value"": ""5.1"", ""point_value"": null, ""unit"": ""%"", ""currency"": null, ""management_claim"": ""UNKNOWN"", ""action"": ""UNKNOWN"", ""confidence"": ""HIGH"", ""evidence_locator"": ""0000104169-25-000177/earningsreleasefy26q3.htm/paragraph-25#paragraph-1"", ""matched_text"": ""up 4.5%, with strength across categories. For fiscal year 2026, the Company raises outlook for growth in net sales to 4.8% to 5.1% and adjusted operating income to 4.8% to 5.5%, both in constant currency (“cc”)"", ""matched_text_sha256"": ""978be0d19c8726771197beb9d901c5f6158b6a23adb76cea9232d0b84ec1a4d4"", ""warnings"": [""guidance_comparison_requires_prior""]}]"
WMT-2026-02-19-8-K-0000104169-26-000032-earningspresentationfy26.htm-p6,WMT,0000104169,0000104169-26-000032,8-K,earningspresentationfy26.htm,paragraph-6,FIELD_MISMATCH,HIGH,numeric extraction mismatch,"First quarter The Company’s first quarter fiscal 2027 guidance is based on the following Q1 FY26 figures: Net sales: $164.0  billion, operating income: $7.1 billion, and adjusted EPS1: $0.61. Consolidated metric Q1 FY27 Net sales (cc) Increase 3.5% to 4.5% Operating income (cc) Increase 4.0% to 6.0% Adjusted EPS $0.63 to $0.65 Fiscal year 2027 The Company’s fiscal year guidance is based on the following FY26 figures: Net sales: $706.4 billion, adjusted  operating income2: $31.0 billion, and adjusted EPS2: $2.64. Consolidated metric FY27 Net sales (cc) Increase 3.5% to 4.5% Adj. operating income (cc) Increase 6.0% to 8.0% Interest, net Increase approximately $200M to $300M Effective tax rate Approximately 23.5% to 24.5% Adjusted EPS $2.75 to $2.85 Capital expenditures Approximately 3.5% of net sales 1 For relevant non-GAAP reconciliations, see Q1 FY26 earnings release furnished on Form 8-K on May 15, 2025. 2See additional information at the end of this presentation regarding non-GAAP financial measures. cc = constant currency Guidance 2 The following forward-looking statements reflect  the Company’s expectations as of February 19,  2026, and are subject to substantial uncertainty.  The Company’s results may be materially affected  by many factors, such as fluctuations in foreign  currency exchange rates, changes in global  economic and geopolitical conditions, tariff and  trade policies, customer demand and spending,  inflation, interest rates, world events,  and the  various other factors detailed in this presentation.  Additionally, guidance is provided on a non-GAAP  basis as the Company cannot predict certain  elements that are included in reported GAAP  results, such as the changes in fair value of the  Company’s equity and other investments. Growth  rates reflect an adjusted basis for prior year  results.","[{""currency"": null, ""high_value"": ""4.5"", ""low_value"": ""3.5"", ""management_claim"": null, ""metric"": ""REVENUE"", ""period_label"": ""CURRENT_QUARTER"", ""point_value"": null, ""unit"": ""%""}, {""currency"": ""USD"", ""high_value"": ""0.65"", ""low_value"": ""0.63"", ""management_claim"": null, ""metric"": ""EPS_DILUTED"", ""period_label"": ""CURRENT_QUARTER"", ""point_value"": null, ""unit"": ""PER_SHARE""}, {""currency"": null, ""high_value"": ""4.5"", ""low_value"": ""3.5"", ""management_claim"": null, ""metric"": ""REVENUE"", ""period_label"": ""CURRENT_FISCAL_YEAR"", ""point_value"": null, ""unit"": ""%""}, {""currency"": ""USD"", ""high_value"": ""2.85"", ""low_value"": ""2.75"", ""management_claim"": null, ""metric"": ""EPS_DILUTED"", ""period_label"": ""CURRENT_FISCAL_YEAR"", ""point_value"": null, ""unit"": ""PER_SHARE""}]","[{""metric"": ""REVENUE"", ""period_label"": ""CURRENT_FISCAL_YEAR"", ""low_value"": ""3.5"", ""high_value"": ""4.5"", ""point_value"": null, ""unit"": ""%"", ""currency"": null, ""management_claim"": ""UNKNOWN"", ""action"": ""UNKNOWN"", ""confidence"": ""HIGH"", ""evidence_locator"": ""0000104169-26-000032/earningspresentationfy26.htm/paragraph-6#paragraph-1"", ""matched_text"": ""First quarter The Company’s first quarter fiscal 2027 guidance is based on the following Q1 FY26 figures: Net sales: $164.0  billion, operating income: $7.1 billion, and adjusted EPS1: $0.61. Consolidated metric Q1 FY27 Net sales (cc) Increase 3.5% to 4.5% Operating income (cc) Increase 4.0% to 6.0% Adjusted EPS $0.63 to $0.65 Fiscal year 2027 The Company’s fiscal year guidance is based on the following FY26 figures: Net sales: $706.4 billion, adjusted  operating income2: $31.0 billion, and adjusted EPS2: $2.64. Consolidated metric FY27 Net sales (cc) Increase 3.5% to 4.5% Adj. operating income (cc) Increase 6.0% to 8.0% Interest, net Increase approximately $200M to $300M Effective tax rate Approximately 23.5% to 24.5% Adjusted EPS $2.75 to $2.85 Capital expenditures Approximately 3.5% of net sales 1 For relevant non-GAAP reconciliations, see Q1 FY26 earnings release furnished on Form 8-K on May 15, 2025. 2See additional information at the end of this presentation regarding non-GAAP financial measures. cc = constant currency Guidance 2 The following forward-looking statements reflect  the Company’s expectations as of February 19,  2026, and are subject to substantial uncertainty.  The Company’s results may be materially affected  by many factors, such as fluctuations in foreign  currency exchange rates, changes in global  economic and geopolitical conditions, tariff and  trade policies, customer demand and spending,  inflation, interest rates, world events,  and the  various other factors detailed in this presentation.  Additionally, guidance is provided on a non-GAAP  basis as the Company cannot predict certain  elements that are included in reported GAAP  results, such as the changes in fair value of the  Company’s equity and other investments. Growth  rates reflect an adjusted basis for prior year  results."", ""matched_text_sha256"": ""13021f9c53e653986e4f6a1a0b94db87f775b7b0e1393c47fba3ccec3c45605d"", ""warnings"": [""guidance_comparison_requires_prior""]}]"
WMT-2026-05-21-8-K-0000104169-26-000095-earningspresentationfy27.htm-p6,WMT,0000104169,0000104169-26-000095,8-K,earningspresentationfy27.htm,paragraph-6,FALSE_NEGATIVE,HIGH,unsupported keyword or action synonym,"Second quarter The Company’s second quarter fiscal 2027 guidance is based on the following Q2 FY26 figures: Net sales:  $175.8 billion, adjusted operating income1: $7.9 billion, and adjusted EPS1: $0.68. Consolidated metric Q2 FY27 Net sales (cc) Increase 4.0% to 5.0% Operating income (cc) Increase 7.0% to 10.0% Adjusted EPS $0.72 to $0.74 Fiscal year 2027 The Company’s fiscal year guidance is based on the following FY26 figures: Net sales: $706.4 billion,  adjusted operating income1: $31.0 billion, and adjusted EPS1: $2.64. Consolidated metric Original from 2.19.2026 As of 5.21.2026 Net sales (cc) Increase 3.5% to 4.5% Unchanged Adj. operating income (cc) Increase 6.0% to 8.0% Unchanged Interest, net Increase approximately $200M to $300M Unchanged Effective tax rate Approximately 23.5% to 24.5% Unchanged Adjusted EPS $2.75 to $2.85 Unchanged Capital expenditures Approximately 3.5% of net sales Unchanged 1 For relevant non-GAAP reconciliations, see Q2 FY26 and Q4 FY26 earnings releases furnished on Form 8-K on August 21, 2025 and February 19, 2026, respectively. cc = constant currency Guidance 2 The following guidance reflects the Company’s  expectations as of May 21, 2026, and does not  assume any impact from IEEPA tariff refunds. This  guidance is subject to substantial risk and  uncertainty that could cause actual results to  differ materially from these expectations. These  risks and uncertainties include, but are not limited  to, the factors set forth below under the heading  Forward-looking statements. Additionally,  guidance is provided on a non-GAAP basis as the  Company cannot predict certain elements that are  included in reported GAAP results, such as the  changes in fair value of the Company’s equity and  other investments. Growth rates reflect an  adjusted basis for prior year results.","[{""currency"": null, ""high_value"": ""5.0"", ""low_value"": ""4.0"", ""management_claim"": null, ""metric"": ""REVENUE"", ""period_label"": ""CURRENT_QUARTER"", ""point_value"": null, ""unit"": ""%""}, {""currency"": ""USD"", ""high_value"": ""0.74"", ""low_value"": ""0.72"", ""management_claim"": null, ""metric"": ""EPS_DILUTED"", ""period_label"": ""CURRENT_QUARTER"", ""point_value"": null, ""unit"": ""PER_SHARE""}, {""currency"": null, ""high_value"": ""4.5"", ""low_value"": ""3.5"", ""management_claim"": ""MAINTAINED"", ""metric"": ""REVENUE"", ""period_label"": ""CURRENT_FISCAL_YEAR"", ""point_value"": null, ""unit"": ""%""}, {""currency"": ""USD"", ""high_value"": ""2.85"", ""low_value"": ""2.75"", ""management_claim"": ""MAINTAINED"", ""metric"": ""EPS_DILUTED"", ""period_label"": ""CURRENT_FISCAL_YEAR"", ""point_value"": null, ""unit"": ""PER_SHARE""}]",[]
WMT-2026-05-21-8-K-0000104169-26-000095-earningsreleasefy27q1.htm-p25,WMT,0000104169,0000104169-26-000095,8-K,earningsreleasefy27q1.htm,paragraph-25,FIELD_MISMATCH,MEDIUM,management action mismatch,"grew 4.1%. Operating income up 5.0%, negatively affected by 250 bps from higher fuel costs in distribution and fulfillment. Looking ahead, the Company issues guidance for the second quarter with net sales expected to grow 4% to 5% and adjusted operating income to grow 7% to 10%, both in constant currency (“cc”)","[{""currency"": null, ""high_value"": ""5"", ""low_value"": ""4"", ""management_claim"": ""INITIATED"", ""metric"": ""REVENUE"", ""period_label"": ""CURRENT_QUARTER"", ""point_value"": null, ""unit"": ""%""}]","[{""metric"": ""REVENUE"", ""period_label"": ""CURRENT_QUARTER"", ""low_value"": ""4"", ""high_value"": ""5"", ""point_value"": null, ""unit"": ""%"", ""currency"": null, ""management_claim"": ""UNKNOWN"", ""action"": ""UNKNOWN"", ""confidence"": ""HIGH"", ""evidence_locator"": ""0000104169-26-000095/earningsreleasefy27q1.htm/paragraph-25#paragraph-1"", ""matched_text"": ""grew 4.1%. Operating income up 5.0%, negatively affected by 250 bps from higher fuel costs in distribution and fulfillment. Looking ahead, the Company issues guidance for the second quarter with net sales expected to grow 4% to 5% and adjusted operating income to grow 7% to 10%, both in constant currency (“cc”)"", ""matched_text_sha256"": ""9bda9e774dbfd180e6db934bb10cdba921480f580405ff215464aade54b94e33"", ""warnings"": [""guidance_comparison_requires_prior""]}]"
