ticker,snapshot_id,scenario,coverage_pct,confidence,ceri_score,rating_state,event_risk_score,component_changed_vs_full,score_changed_vs_full,rating_changed_vs_full,material_decision_changed,lifecycle_or_alert_eligibility_changed
AEIS,2018,FULL,0.0,Insufficient,,Unrated,0.0,False,False,False,False,False
AEIS,2018,WITHOUT_EODHD,0.0,Insufficient,,Unrated,0.0,False,False,False,False,False
AEIS,2018,WITHOUT_SEC,0.0,Insufficient,,Unrated,0.0,False,False,False,False,False
AEIS,2018,EODHD_ONLY,0.0,Insufficient,,Unrated,0.0,False,False,False,False,False
AEIS,2018,SEC_ONLY,0.0,Insufficient,,Unrated,0.0,False,False,False,False,False
AGNC,2146,FULL,0.0,Insufficient,,Unrated,0.0,False,False,False,False,False
AGNC,2146,WITHOUT_EODHD,0.0,Insufficient,,Unrated,0.0,False,False,False,False,False
AGNC,2146,WITHOUT_SEC,0.0,Insufficient,,Unrated,0.0,False,False,False,False,False
AGNC,2146,EODHD_ONLY,0.0,Insufficient,,Unrated,0.0,False,False,False,False,False
AGNC,2146,SEC_ONLY,0.0,Insufficient,,Unrated,0.0,False,False,False,False,False
AIR,2041,FULL,0.0,Insufficient,,Unrated,0.0,False,False,False,False,False
AIR,2041,WITHOUT_EODHD,0.0,Insufficient,,Unrated,0.0,False,False,False,False,False
AIR,2041,WITHOUT_SEC,0.0,Insufficient,,Unrated,0.0,False,False,False,False,False
AIR,2041,EODHD_ONLY,0.0,Insufficient,,Unrated,0.0,False,False,False,False,False
AIR,2041,SEC_ONLY,0.0,Insufficient,,Unrated,0.0,False,False,False,False,False
AIZ,2147,FULL,0.0,Insufficient,,Unrated,0.0,False,False,False,False,False
AIZ,2147,WITHOUT_EODHD,0.0,Insufficient,,Unrated,0.0,False,False,False,False,False
AIZ,2147,WITHOUT_SEC,0.0,Insufficient,,Unrated,0.0,False,False,False,False,False
AIZ,2147,EODHD_ONLY,0.0,Insufficient,,Unrated,0.0,False,False,False,False,False
AIZ,2147,SEC_ONLY,0.0,Insufficient,,Unrated,0.0,False,False,False,False,False
ALKS,2035,FULL,0.0,Insufficient,,Unrated,0.0,False,False,False,False,False
ALKS,2035,WITHOUT_EODHD,0.0,Insufficient,,Unrated,0.0,False,False,False,False,False
ALKS,2035,WITHOUT_SEC,0.0,Insufficient,,Unrated,0.0,False,False,False,False,False
ALKS,2035,EODHD_ONLY,0.0,Insufficient,,Unrated,0.0,False,False,False,False,False
ALKS,2035,SEC_ONLY,0.0,Insufficient,,Unrated,0.0,False,False,False,False,False
ALSN,2175,FULL,0.0,Insufficient,,Unrated,0.0,False,False,False,False,False
ALSN,2175,WITHOUT_EODHD,0.0,Insufficient,,Unrated,0.0,False,False,False,False,False
ALSN,2175,WITHOUT_SEC,0.0,Insufficient,,Unrated,0.0,False,False,False,False,False
ALSN,2175,EODHD_ONLY,0.0,Insufficient,,Unrated,0.0,False,False,False,False,False
ALSN,2175,SEC_ONLY,0.0,Insufficient,,Unrated,0.0,False,False,False,False,False
AME,2083,FULL,0.0,Insufficient,,Unrated,0.0,False,False,False,False,False
AME,2083,WITHOUT_EODHD,0.0,Insufficient,,Unrated,0.0,False,False,False,False,False
AME,2083,WITHOUT_SEC,0.0,Insufficient,,Unrated,0.0,False,False,False,False,False
AME,2083,EODHD_ONLY,0.0,Insufficient,,Unrated,0.0,False,False,False,False,False
AME,2083,SEC_ONLY,0.0,Insufficient,,Unrated,0.0,False,False,False,False,False
AMG,2076,FULL,0.0,Insufficient,,Unrated,0.0,False,False,False,False,False
AMG,2076,WITHOUT_EODHD,0.0,Insufficient,,Unrated,0.0,False,False,False,False,False
AMG,2076,WITHOUT_SEC,0.0,Insufficient,,Unrated,0.0,False,False,False,False,False
AMG,2076,EODHD_ONLY,0.0,Insufficient,,Unrated,0.0,False,False,False,False,False
AMG,2076,SEC_ONLY,0.0,Insufficient,,Unrated,0.0,False,False,False,False,False
AMZN,2185,FULL,0.0,Insufficient,,Unrated,0.0,False,False,False,False,False
AMZN,2185,WITHOUT_EODHD,0.0,Insufficient,,Unrated,0.0,False,False,False,False,False
AMZN,2185,WITHOUT_SEC,0.0,Insufficient,,Unrated,0.0,False,False,False,False,False
AMZN,2185,EODHD_ONLY,0.0,Insufficient,,Unrated,0.0,False,False,False,False,False
AMZN,2185,SEC_ONLY,0.0,Insufficient,,Unrated,0.0,False,False,False,False,False
APG,2051,FULL,0.0,Insufficient,,Unrated,0.0,False,False,False,False,False
APG,2051,WITHOUT_EODHD,0.0,Insufficient,,Unrated,0.0,False,False,False,False,False
APG,2051,WITHOUT_SEC,0.0,Insufficient,,Unrated,0.0,False,False,False,False,False
APG,2051,EODHD_ONLY,0.0,Insufficient,,Unrated,0.0,False,False,False,False,False
APG,2051,SEC_ONLY,0.0,Insufficient,,Unrated,0.0,False,False,False,False,False
APH,2049,FULL,0.0,Insufficient,,Unrated,0.0,False,False,False,False,False
APH,2049,WITHOUT_EODHD,0.0,Insufficient,,Unrated,0.0,False,False,False,False,False
APH,2049,WITHOUT_SEC,0.0,Insufficient,,Unrated,0.0,False,False,False,False,False
APH,2049,EODHD_ONLY,0.0,Insufficient,,Unrated,0.0,False,False,False,False,False
APH,2049,SEC_ONLY,0.0,Insufficient,,Unrated,0.0,False,False,False,False,False
AR,2172,FULL,0.0,Insufficient,,Unrated,0.0,False,False,False,False,False
AR,2172,WITHOUT_EODHD,0.0,Insufficient,,Unrated,0.0,False,False,False,False,False
AR,2172,WITHOUT_SEC,0.0,Insufficient,,Unrated,0.0,False,False,False,False,False
AR,2172,EODHD_ONLY,0.0,Insufficient,,Unrated,0.0,False,False,False,False,False
AR,2172,SEC_ONLY,0.0,Insufficient,,Unrated,0.0,False,False,False,False,False
ARMK,2152,FULL,0.0,Insufficient,,Unrated,0.0,False,False,False,False,False
ARMK,2152,WITHOUT_EODHD,0.0,Insufficient,,Unrated,0.0,False,False,False,False,False
ARMK,2152,WITHOUT_SEC,0.0,Insufficient,,Unrated,0.0,False,False,False,False,False
ARMK,2152,EODHD_ONLY,0.0,Insufficient,,Unrated,0.0,False,False,False,False,False
ARMK,2152,SEC_ONLY,0.0,Insufficient,,Unrated,0.0,False,False,False,False,False
ASB,2086,FULL,0.0,Insufficient,,Unrated,0.0,False,False,False,False,False
ASB,2086,WITHOUT_EODHD,0.0,Insufficient,,Unrated,0.0,False,False,False,False,False
ASB,2086,WITHOUT_SEC,0.0,Insufficient,,Unrated,0.0,False,False,False,False,False
ASB,2086,EODHD_ONLY,0.0,Insufficient,,Unrated,0.0,False,False,False,False,False
ASB,2086,SEC_ONLY,0.0,Insufficient,,Unrated,0.0,False,False,False,False,False
ASC,2025,FULL,0.0,Insufficient,,Unrated,0.0,False,False,False,False,False
ASC,2025,WITHOUT_EODHD,0.0,Insufficient,,Unrated,0.0,False,False,False,False,False
ASC,2025,WITHOUT_SEC,0.0,Insufficient,,Unrated,0.0,False,False,False,False,False
ASC,2025,EODHD_ONLY,0.0,Insufficient,,Unrated,0.0,False,False,False,False,False
ASC,2025,SEC_ONLY,0.0,Insufficient,,Unrated,0.0,False,False,False,False,False
ASND,2114,FULL,0.0,Insufficient,,Unrated,5.0,False,False,False,False,False
ASND,2114,WITHOUT_EODHD,0.0,Insufficient,,Unrated,5.0,False,False,False,False,False
ASND,2114,WITHOUT_SEC,0.0,Insufficient,,Unrated,5.0,False,False,False,False,False
ASND,2114,EODHD_ONLY,0.0,Insufficient,,Unrated,5.0,False,False,False,False,False
ASND,2114,SEC_ONLY,0.0,Insufficient,,Unrated,5.0,False,False,False,False,False
AUB,2092,FULL,0.0,Insufficient,,Unrated,0.0,False,False,False,False,False
AUB,2092,WITHOUT_EODHD,0.0,Insufficient,,Unrated,0.0,False,False,False,False,False
AUB,2092,WITHOUT_SEC,0.0,Insufficient,,Unrated,0.0,False,False,False,False,False
AUB,2092,EODHD_ONLY,0.0,Insufficient,,Unrated,0.0,False,False,False,False,False
AUB,2092,SEC_ONLY,0.0,Insufficient,,Unrated,0.0,False,False,False,False,False
AVGO,2135,FULL,0.0,Insufficient,,Unrated,0.0,False,False,False,False,False
AVGO,2135,WITHOUT_EODHD,0.0,Insufficient,,Unrated,0.0,False,False,False,False,False
AVGO,2135,WITHOUT_SEC,0.0,Insufficient,,Unrated,0.0,False,False,False,False,False
AVGO,2135,EODHD_ONLY,0.0,Insufficient,,Unrated,0.0,False,False,False,False,False
AVGO,2135,SEC_ONLY,0.0,Insufficient,,Unrated,0.0,False,False,False,False,False
AVT,2055,FULL,0.0,Insufficient,,Unrated,0.0,False,False,False,False,False
AVT,2055,WITHOUT_EODHD,0.0,Insufficient,,Unrated,0.0,False,False,False,False,False
AVT,2055,WITHOUT_SEC,0.0,Insufficient,,Unrated,0.0,False,False,False,False,False
AVT,2055,EODHD_ONLY,0.0,Insufficient,,Unrated,0.0,False,False,False,False,False
AVT,2055,SEC_ONLY,0.0,Insufficient,,Unrated,0.0,False,False,False,False,False
AWR,1996,FULL,0.0,Insufficient,,Unrated,0.0,False,False,False,False,False
AWR,1996,WITHOUT_EODHD,0.0,Insufficient,,Unrated,0.0,False,False,False,False,False
AWR,1996,WITHOUT_SEC,0.0,Insufficient,,Unrated,0.0,False,False,False,False,False
AWR,1996,EODHD_ONLY,0.0,Insufficient,,Unrated,0.0,False,False,False,False,False
AWR,1996,SEC_ONLY,0.0,Insufficient,,Unrated,0.0,False,False,False,False,False
AX,2138,FULL,0.0,Insufficient,,Unrated,0.0,False,False,False,False,False
AX,2138,WITHOUT_EODHD,0.0,Insufficient,,Unrated,0.0,False,False,False,False,False
AX,2138,WITHOUT_SEC,0.0,Insufficient,,Unrated,0.0,False,False,False,False,False
AX,2138,EODHD_ONLY,0.0,Insufficient,,Unrated,0.0,False,False,False,False,False
AX,2138,SEC_ONLY,0.0,Insufficient,,Unrated,0.0,False,False,False,False,False
AXP,2073,FULL,0.0,Insufficient,,Unrated,0.0,False,False,False,False,False
AXP,2073,WITHOUT_EODHD,0.0,Insufficient,,Unrated,0.0,False,False,False,False,False
AXP,2073,WITHOUT_SEC,0.0,Insufficient,,Unrated,0.0,False,False,False,False,False
AXP,2073,EODHD_ONLY,0.0,Insufficient,,Unrated,0.0,False,False,False,False,False
AXP,2073,SEC_ONLY,0.0,Insufficient,,Unrated,0.0,False,False,False,False,False
AYI,2078,FULL,0.0,Insufficient,,Unrated,0.0,False,False,False,False,False
AYI,2078,WITHOUT_EODHD,0.0,Insufficient,,Unrated,0.0,False,False,False,False,False
AYI,2078,WITHOUT_SEC,0.0,Insufficient,,Unrated,0.0,False,False,False,False,False
AYI,2078,EODHD_ONLY,0.0,Insufficient,,Unrated,0.0,False,False,False,False,False
AYI,2078,SEC_ONLY,0.0,Insufficient,,Unrated,0.0,False,False,False,False,False
BCPC,2111,FULL,0.0,Insufficient,,Unrated,0.0,False,False,False,False,False
BCPC,2111,WITHOUT_EODHD,0.0,Insufficient,,Unrated,0.0,False,False,False,False,False
BCPC,2111,WITHOUT_SEC,0.0,Insufficient,,Unrated,0.0,False,False,False,False,False
BCPC,2111,EODHD_ONLY,0.0,Insufficient,,Unrated,0.0,False,False,False,False,False
BCPC,2111,SEC_ONLY,0.0,Insufficient,,Unrated,0.0,False,False,False,False,False
BEN,2090,FULL,0.0,Insufficient,,Unrated,0.0,False,False,False,False,False
BEN,2090,WITHOUT_EODHD,0.0,Insufficient,,Unrated,0.0,False,False,False,False,False
BEN,2090,WITHOUT_SEC,0.0,Insufficient,,Unrated,0.0,False,False,False,False,False
BEN,2090,EODHD_ONLY,0.0,Insufficient,,Unrated,0.0,False,False,False,False,False
BEN,2090,SEC_ONLY,0.0,Insufficient,,Unrated,0.0,False,False,False,False,False
BFC,2131,FULL,0.0,Insufficient,,Unrated,0.0,False,False,False,False,False
BFC,2131,WITHOUT_EODHD,0.0,Insufficient,,Unrated,0.0,False,False,False,False,False
BFC,2131,WITHOUT_SEC,0.0,Insufficient,,Unrated,0.0,False,False,False,False,False
BFC,2131,EODHD_ONLY,0.0,Insufficient,,Unrated,0.0,False,False,False,False,False
BFC,2131,SEC_ONLY,0.0,Insufficient,,Unrated,0.0,False,False,False,False,False
BIP,1997,FULL,0.0,Insufficient,,Unrated,0.0,False,False,False,False,False
BIP,1997,WITHOUT_EODHD,0.0,Insufficient,,Unrated,0.0,False,False,False,False,False
BIP,1997,WITHOUT_SEC,0.0,Insufficient,,Unrated,0.0,False,False,False,False,False
BIP,1997,EODHD_ONLY,0.0,Insufficient,,Unrated,0.0,False,False,False,False,False
BIP,1997,SEC_ONLY,0.0,Insufficient,,Unrated,0.0,False,False,False,False,False
BRC,2129,FULL,0.0,Insufficient,,Unrated,0.0,False,False,False,False,False
BRC,2129,WITHOUT_EODHD,0.0,Insufficient,,Unrated,0.0,False,False,False,False,False
BRC,2129,WITHOUT_SEC,0.0,Insufficient,,Unrated,0.0,False,False,False,False,False
BRC,2129,EODHD_ONLY,0.0,Insufficient,,Unrated,0.0,False,False,False,False,False
BRC,2129,SEC_ONLY,0.0,Insufficient,,Unrated,0.0,False,False,False,False,False
BUSE,2096,FULL,0.0,Insufficient,,Unrated,0.0,False,False,False,False,False
BUSE,2096,WITHOUT_EODHD,0.0,Insufficient,,Unrated,0.0,False,False,False,False,False
BUSE,2096,WITHOUT_SEC,0.0,Insufficient,,Unrated,0.0,False,False,False,False,False
BUSE,2096,EODHD_ONLY,0.0,Insufficient,,Unrated,0.0,False,False,False,False,False
BUSE,2096,SEC_ONLY,0.0,Insufficient,,Unrated,0.0,False,False,False,False,False
CBL,2117,FULL,0.0,Insufficient,,Unrated,0.0,False,False,False,False,False
CBL,2117,WITHOUT_EODHD,0.0,Insufficient,,Unrated,0.0,False,False,False,False,False
CBL,2117,WITHOUT_SEC,0.0,Insufficient,,Unrated,0.0,False,False,False,False,False
CBL,2117,EODHD_ONLY,0.0,Insufficient,,Unrated,0.0,False,False,False,False,False
CBL,2117,SEC_ONLY,0.0,Insufficient,,Unrated,0.0,False,False,False,False,False
CBOE,2019,FULL,0.0,Insufficient,,Unrated,0.0,False,False,False,False,False
CBOE,2019,WITHOUT_EODHD,0.0,Insufficient,,Unrated,0.0,False,False,False,False,False
CBOE,2019,WITHOUT_SEC,0.0,Insufficient,,Unrated,0.0,False,False,False,False,False
CBOE,2019,EODHD_ONLY,0.0,Insufficient,,Unrated,0.0,False,False,False,False,False
CBOE,2019,SEC_ONLY,0.0,Insufficient,,Unrated,0.0,False,False,False,False,False
CCEP,2105,FULL,0.0,Insufficient,,Unrated,0.0,False,False,False,False,False
CCEP,2105,WITHOUT_EODHD,0.0,Insufficient,,Unrated,0.0,False,False,False,False,False
CCEP,2105,WITHOUT_SEC,0.0,Insufficient,,Unrated,0.0,False,False,False,False,False
CCEP,2105,EODHD_ONLY,0.0,Insufficient,,Unrated,0.0,False,False,False,False,False
CCEP,2105,SEC_ONLY,0.0,Insufficient,,Unrated,0.0,False,False,False,False,False
CCK,2101,FULL,0.0,Insufficient,,Unrated,0.0,False,False,False,False,False
CCK,2101,WITHOUT_EODHD,0.0,Insufficient,,Unrated,0.0,False,False,False,False,False
CCK,2101,WITHOUT_SEC,0.0,Insufficient,,Unrated,0.0,False,False,False,False,False
CCK,2101,EODHD_ONLY,0.0,Insufficient,,Unrated,0.0,False,False,False,False,False
CCK,2101,SEC_ONLY,0.0,Insufficient,,Unrated,0.0,False,False,False,False,False
CF,2040,FULL,0.0,Insufficient,,Unrated,0.0,False,False,False,False,False
CF,2040,WITHOUT_EODHD,0.0,Insufficient,,Unrated,0.0,False,False,False,False,False
CF,2040,WITHOUT_SEC,0.0,Insufficient,,Unrated,0.0,False,False,False,False,False
CF,2040,EODHD_ONLY,0.0,Insufficient,,Unrated,0.0,False,False,False,False,False
CF,2040,SEC_ONLY,0.0,Insufficient,,Unrated,0.0,False,False,False,False,False
CHRD,2177,FULL,0.0,Insufficient,,Unrated,0.0,False,False,False,False,False
CHRD,2177,WITHOUT_EODHD,0.0,Insufficient,,Unrated,0.0,False,False,False,False,False
CHRD,2177,WITHOUT_SEC,0.0,Insufficient,,Unrated,0.0,False,False,False,False,False
CHRD,2177,EODHD_ONLY,0.0,Insufficient,,Unrated,0.0,False,False,False,False,False
CHRD,2177,SEC_ONLY,0.0,Insufficient,,Unrated,0.0,False,False,False,False,False
CLBT,2193,FULL,0.0,Insufficient,,Unrated,5.0,False,False,False,False,False
CLBT,2193,WITHOUT_EODHD,0.0,Insufficient,,Unrated,5.0,False,False,False,False,False
CLBT,2193,WITHOUT_SEC,0.0,Insufficient,,Unrated,5.0,False,False,False,False,False
CLBT,2193,EODHD_ONLY,0.0,Insufficient,,Unrated,5.0,False,False,False,False,False
CLBT,2193,SEC_ONLY,0.0,Insufficient,,Unrated,5.0,False,False,False,False,False
CNOB,2063,FULL,0.0,Insufficient,,Unrated,0.0,False,False,False,False,False
CNOB,2063,WITHOUT_EODHD,0.0,Insufficient,,Unrated,0.0,False,False,False,False,False
CNOB,2063,WITHOUT_SEC,0.0,Insufficient,,Unrated,0.0,False,False,False,False,False
CNOB,2063,EODHD_ONLY,0.0,Insufficient,,Unrated,0.0,False,False,False,False,False
CNOB,2063,SEC_ONLY,0.0,Insufficient,,Unrated,0.0,False,False,False,False,False
CNS,2098,FULL,0.0,Insufficient,,Unrated,0.0,False,False,False,False,False
CNS,2098,WITHOUT_EODHD,0.0,Insufficient,,Unrated,0.0,False,False,False,False,False
CNS,2098,WITHOUT_SEC,0.0,Insufficient,,Unrated,0.0,False,False,False,False,False
CNS,2098,EODHD_ONLY,0.0,Insufficient,,Unrated,0.0,False,False,False,False,False
CNS,2098,SEC_ONLY,0.0,Insufficient,,Unrated,0.0,False,False,False,False,False
COHR,1999,FULL,0.0,Insufficient,,Unrated,0.0,False,False,False,False,False
COHR,1999,WITHOUT_EODHD,0.0,Insufficient,,Unrated,0.0,False,False,False,False,False
COHR,1999,WITHOUT_SEC,0.0,Insufficient,,Unrated,0.0,False,False,False,False,False
COHR,1999,EODHD_ONLY,0.0,Insufficient,,Unrated,0.0,False,False,False,False,False
COHR,1999,SEC_ONLY,0.0,Insufficient,,Unrated,0.0,False,False,False,False,False
COKE,2009,FULL,0.0,Insufficient,,Unrated,0.0,False,False,False,False,False
COKE,2009,WITHOUT_EODHD,0.0,Insufficient,,Unrated,0.0,False,False,False,False,False
COKE,2009,WITHOUT_SEC,0.0,Insufficient,,Unrated,0.0,False,False,False,False,False
COKE,2009,EODHD_ONLY,0.0,Insufficient,,Unrated,0.0,False,False,False,False,False
COKE,2009,SEC_ONLY,0.0,Insufficient,,Unrated,0.0,False,False,False,False,False
COLB,2045,FULL,0.0,Insufficient,,Unrated,0.0,False,False,False,False,False
COLB,2045,WITHOUT_EODHD,0.0,Insufficient,,Unrated,0.0,False,False,False,False,False
COLB,2045,WITHOUT_SEC,0.0,Insufficient,,Unrated,0.0,False,False,False,False,False
COLB,2045,EODHD_ONLY,0.0,Insufficient,,Unrated,0.0,False,False,False,False,False
COLB,2045,SEC_ONLY,0.0,Insufficient,,Unrated,0.0,False,False,False,False,False
CR,2067,FULL,0.0,Insufficient,,Unrated,0.0,False,False,False,False,False
CR,2067,WITHOUT_EODHD,0.0,Insufficient,,Unrated,0.0,False,False,False,False,False
CR,2067,WITHOUT_SEC,0.0,Insufficient,,Unrated,0.0,False,False,False,False,False
CR,2067,EODHD_ONLY,0.0,Insufficient,,Unrated,0.0,False,False,False,False,False
CR,2067,SEC_ONLY,0.0,Insufficient,,Unrated,0.0,False,False,False,False,False
CSCO,2021,FULL,0.0,Insufficient,,Unrated,0.0,False,False,False,False,False
CSCO,2021,WITHOUT_EODHD,0.0,Insufficient,,Unrated,0.0,False,False,False,False,False
CSCO,2021,WITHOUT_SEC,0.0,Insufficient,,Unrated,0.0,False,False,False,False,False
CSCO,2021,EODHD_ONLY,0.0,Insufficient,,Unrated,0.0,False,False,False,False,False
CSCO,2021,SEC_ONLY,0.0,Insufficient,,Unrated,0.0,False,False,False,False,False
CSWC,2121,FULL,0.0,Insufficient,,Unrated,0.0,False,False,False,False,False
CSWC,2121,WITHOUT_EODHD,0.0,Insufficient,,Unrated,0.0,False,False,False,False,False
CSWC,2121,WITHOUT_SEC,0.0,Insufficient,,Unrated,0.0,False,False,False,False,False
CSWC,2121,EODHD_ONLY,0.0,Insufficient,,Unrated,0.0,False,False,False,False,False
CSWC,2121,SEC_ONLY,0.0,Insufficient,,Unrated,0.0,False,False,False,False,False
CTS,2170,FULL,0.0,Insufficient,,Unrated,0.0,False,False,False,False,False
CTS,2170,WITHOUT_EODHD,0.0,Insufficient,,Unrated,0.0,False,False,False,False,False
CTS,2170,WITHOUT_SEC,0.0,Insufficient,,Unrated,0.0,False,False,False,False,False
CTS,2170,EODHD_ONLY,0.0,Insufficient,,Unrated,0.0,False,False,False,False,False
CTS,2170,SEC_ONLY,0.0,Insufficient,,Unrated,0.0,False,False,False,False,False
CUBI,2145,FULL,0.0,Insufficient,,Unrated,0.0,False,False,False,False,False
CUBI,2145,WITHOUT_EODHD,0.0,Insufficient,,Unrated,0.0,False,False,False,False,False
CUBI,2145,WITHOUT_SEC,0.0,Insufficient,,Unrated,0.0,False,False,False,False,False
CUBI,2145,EODHD_ONLY,0.0,Insufficient,,Unrated,0.0,False,False,False,False,False
CUBI,2145,SEC_ONLY,0.0,Insufficient,,Unrated,0.0,False,False,False,False,False
CVBF,2085,FULL,0.0,Insufficient,,Unrated,0.0,False,False,False,False,False
CVBF,2085,WITHOUT_EODHD,0.0,Insufficient,,Unrated,0.0,False,False,False,False,False
CVBF,2085,WITHOUT_SEC,0.0,Insufficient,,Unrated,0.0,False,False,False,False,False
CVBF,2085,EODHD_ONLY,0.0,Insufficient,,Unrated,0.0,False,False,False,False,False
CVBF,2085,SEC_ONLY,0.0,Insufficient,,Unrated,0.0,False,False,False,False,False
CVCO,2088,FULL,0.0,Insufficient,,Unrated,0.0,False,False,False,False,False
CVCO,2088,WITHOUT_EODHD,0.0,Insufficient,,Unrated,0.0,False,False,False,False,False
CVCO,2088,WITHOUT_SEC,0.0,Insufficient,,Unrated,0.0,False,False,False,False,False
CVCO,2088,EODHD_ONLY,0.0,Insufficient,,Unrated,0.0,False,False,False,False,False
CVCO,2088,SEC_ONLY,0.0,Insufficient,,Unrated,0.0,False,False,False,False,False
CVI,2020,FULL,0.0,Insufficient,,Unrated,0.0,False,False,False,False,False
CVI,2020,WITHOUT_EODHD,0.0,Insufficient,,Unrated,0.0,False,False,False,False,False
CVI,2020,WITHOUT_SEC,0.0,Insufficient,,Unrated,0.0,False,False,False,False,False
CVI,2020,EODHD_ONLY,0.0,Insufficient,,Unrated,0.0,False,False,False,False,False
CVI,2020,SEC_ONLY,0.0,Insufficient,,Unrated,0.0,False,False,False,False,False
CVX,2139,FULL,0.0,Insufficient,,Unrated,0.0,False,False,False,False,False
CVX,2139,WITHOUT_EODHD,0.0,Insufficient,,Unrated,0.0,False,False,False,False,False
CVX,2139,WITHOUT_SEC,0.0,Insufficient,,Unrated,0.0,False,False,False,False,False
CVX,2139,EODHD_ONLY,0.0,Insufficient,,Unrated,0.0,False,False,False,False,False
CVX,2139,SEC_ONLY,0.0,Insufficient,,Unrated,0.0,False,False,False,False,False
DAL,2163,FULL,0.0,Insufficient,,Unrated,0.0,False,False,False,False,False
DAL,2163,WITHOUT_EODHD,0.0,Insufficient,,Unrated,0.0,False,False,False,False,False
DAL,2163,WITHOUT_SEC,0.0,Insufficient,,Unrated,0.0,False,False,False,False,False
DAL,2163,EODHD_ONLY,0.0,Insufficient,,Unrated,0.0,False,False,False,False,False
DAL,2163,SEC_ONLY,0.0,Insufficient,,Unrated,0.0,False,False,False,False,False
DAR,2044,FULL,0.0,Insufficient,,Unrated,0.0,False,False,False,False,False
DAR,2044,WITHOUT_EODHD,0.0,Insufficient,,Unrated,0.0,False,False,False,False,False
DAR,2044,WITHOUT_SEC,0.0,Insufficient,,Unrated,0.0,False,False,False,False,False
DAR,2044,EODHD_ONLY,0.0,Insufficient,,Unrated,0.0,False,False,False,False,False
DAR,2044,SEC_ONLY,0.0,Insufficient,,Unrated,0.0,False,False,False,False,False
DBRG,2143,FULL,0.0,Insufficient,,Unrated,0.0,False,False,False,False,False
DBRG,2143,WITHOUT_EODHD,0.0,Insufficient,,Unrated,0.0,False,False,False,False,False
DBRG,2143,WITHOUT_SEC,0.0,Insufficient,,Unrated,0.0,False,False,False,False,False
DBRG,2143,EODHD_ONLY,0.0,Insufficient,,Unrated,0.0,False,False,False,False,False
DBRG,2143,SEC_ONLY,0.0,Insufficient,,Unrated,0.0,False,False,False,False,False
DCOM,2091,FULL,0.0,Insufficient,,Unrated,0.0,False,False,False,False,False
DCOM,2091,WITHOUT_EODHD,0.0,Insufficient,,Unrated,0.0,False,False,False,False,False
DCOM,2091,WITHOUT_SEC,0.0,Insufficient,,Unrated,0.0,False,False,False,False,False
DCOM,2091,EODHD_ONLY,0.0,Insufficient,,Unrated,0.0,False,False,False,False,False
DCOM,2091,SEC_ONLY,0.0,Insufficient,,Unrated,0.0,False,False,False,False,False
DHT,2022,FULL,0.0,Insufficient,,Unrated,0.0,False,False,False,False,False
DHT,2022,WITHOUT_EODHD,0.0,Insufficient,,Unrated,0.0,False,False,False,False,False
DHT,2022,WITHOUT_SEC,0.0,Insufficient,,Unrated,0.0,False,False,False,False,False
DHT,2022,EODHD_ONLY,0.0,Insufficient,,Unrated,0.0,False,False,False,False,False
DHT,2022,SEC_ONLY,0.0,Insufficient,,Unrated,0.0,False,False,False,False,False
DIOD,2010,FULL,0.0,Insufficient,,Unrated,0.0,False,False,False,False,False
DIOD,2010,WITHOUT_EODHD,0.0,Insufficient,,Unrated,0.0,False,False,False,False,False
DIOD,2010,WITHOUT_SEC,0.0,Insufficient,,Unrated,0.0,False,False,False,False,False
DIOD,2010,EODHD_ONLY,0.0,Insufficient,,Unrated,0.0,False,False,False,False,False
DIOD,2010,SEC_ONLY,0.0,Insufficient,,Unrated,0.0,False,False,False,False,False
DLR,2014,FULL,0.0,Insufficient,,Unrated,0.0,False,False,False,False,False
DLR,2014,WITHOUT_EODHD,0.0,Insufficient,,Unrated,0.0,False,False,False,False,False
DLR,2014,WITHOUT_SEC,0.0,Insufficient,,Unrated,0.0,False,False,False,False,False
DLR,2014,EODHD_ONLY,0.0,Insufficient,,Unrated,0.0,False,False,False,False,False
DLR,2014,SEC_ONLY,0.0,Insufficient,,Unrated,0.0,False,False,False,False,False
DVN,2178,FULL,0.0,Insufficient,,Unrated,0.0,False,False,False,False,False
DVN,2178,WITHOUT_EODHD,0.0,Insufficient,,Unrated,0.0,False,False,False,False,False
DVN,2178,WITHOUT_SEC,0.0,Insufficient,,Unrated,0.0,False,False,False,False,False
DVN,2178,EODHD_ONLY,0.0,Insufficient,,Unrated,0.0,False,False,False,False,False
DVN,2178,SEC_ONLY,0.0,Insufficient,,Unrated,0.0,False,False,False,False,False
EBC,2074,FULL,0.0,Insufficient,,Unrated,0.0,False,False,False,False,False
EBC,2074,WITHOUT_EODHD,0.0,Insufficient,,Unrated,0.0,False,False,False,False,False
EBC,2074,WITHOUT_SEC,0.0,Insufficient,,Unrated,0.0,False,False,False,False,False
EBC,2074,EODHD_ONLY,0.0,Insufficient,,Unrated,0.0,False,False,False,False,False
EBC,2074,SEC_ONLY,0.0,Insufficient,,Unrated,0.0,False,False,False,False,False
ECPG,2006,FULL,0.0,Insufficient,,Unrated,0.0,False,False,False,False,False
ECPG,2006,WITHOUT_EODHD,0.0,Insufficient,,Unrated,0.0,False,False,False,False,False
ECPG,2006,WITHOUT_SEC,0.0,Insufficient,,Unrated,0.0,False,False,False,False,False
ECPG,2006,EODHD_ONLY,0.0,Insufficient,,Unrated,0.0,False,False,False,False,False
ECPG,2006,SEC_ONLY,0.0,Insufficient,,Unrated,0.0,False,False,False,False,False
EME,2038,FULL,0.0,Insufficient,,Unrated,0.0,False,False,False,False,False
EME,2038,WITHOUT_EODHD,0.0,Insufficient,,Unrated,0.0,False,False,False,False,False
EME,2038,WITHOUT_SEC,0.0,Insufficient,,Unrated,0.0,False,False,False,False,False
EME,2038,EODHD_ONLY,0.0,Insufficient,,Unrated,0.0,False,False,False,False,False
EME,2038,SEC_ONLY,0.0,Insufficient,,Unrated,0.0,False,False,False,False,False
EOG,2151,FULL,0.0,Insufficient,,Unrated,0.0,False,False,False,False,False
EOG,2151,WITHOUT_EODHD,0.0,Insufficient,,Unrated,0.0,False,False,False,False,False
EOG,2151,WITHOUT_SEC,0.0,Insufficient,,Unrated,0.0,False,False,False,False,False
EOG,2151,EODHD_ONLY,0.0,Insufficient,,Unrated,0.0,False,False,False,False,False
EOG,2151,SEC_ONLY,0.0,Insufficient,,Unrated,0.0,False,False,False,False,False
EQIX,2013,FULL,0.0,Insufficient,,Unrated,0.0,False,False,False,False,False
EQIX,2013,WITHOUT_EODHD,0.0,Insufficient,,Unrated,0.0,False,False,False,False,False
EQIX,2013,WITHOUT_SEC,0.0,Insufficient,,Unrated,0.0,False,False,False,False,False
EQIX,2013,EODHD_ONLY,0.0,Insufficient,,Unrated,0.0,False,False,False,False,False
EQIX,2013,SEC_ONLY,0.0,Insufficient,,Unrated,0.0,False,False,False,False,False
ESQ,2137,FULL,0.0,Insufficient,,Unrated,0.0,False,False,False,False,False
ESQ,2137,WITHOUT_EODHD,0.0,Insufficient,,Unrated,0.0,False,False,False,False,False
ESQ,2137,WITHOUT_SEC,0.0,Insufficient,,Unrated,0.0,False,False,False,False,False
ESQ,2137,EODHD_ONLY,0.0,Insufficient,,Unrated,0.0,False,False,False,False,False
ESQ,2137,SEC_ONLY,0.0,Insufficient,,Unrated,0.0,False,False,False,False,False
ET,2084,FULL,0.0,Insufficient,,Unrated,0.0,False,False,False,False,False
ET,2084,WITHOUT_EODHD,0.0,Insufficient,,Unrated,0.0,False,False,False,False,False
ET,2084,WITHOUT_SEC,0.0,Insufficient,,Unrated,0.0,False,False,False,False,False
ET,2084,EODHD_ONLY,0.0,Insufficient,,Unrated,0.0,False,False,False,False,False
ET,2084,SEC_ONLY,0.0,Insufficient,,Unrated,0.0,False,False,False,False,False
EW,2165,FULL,0.0,Insufficient,,Unrated,0.0,False,False,False,False,False
EW,2165,WITHOUT_EODHD,0.0,Insufficient,,Unrated,0.0,False,False,False,False,False
EW,2165,WITHOUT_SEC,0.0,Insufficient,,Unrated,0.0,False,False,False,False,False
EW,2165,EODHD_ONLY,0.0,Insufficient,,Unrated,0.0,False,False,False,False,False
EW,2165,SEC_ONLY,0.0,Insufficient,,Unrated,0.0,False,False,False,False,False
FANG,2160,FULL,0.0,Insufficient,,Unrated,0.0,False,False,False,False,False
FANG,2160,WITHOUT_EODHD,0.0,Insufficient,,Unrated,0.0,False,False,False,False,False
FANG,2160,WITHOUT_SEC,0.0,Insufficient,,Unrated,0.0,False,False,False,False,False
FANG,2160,EODHD_ONLY,0.0,Insufficient,,Unrated,0.0,False,False,False,False,False
FANG,2160,SEC_ONLY,0.0,Insufficient,,Unrated,0.0,False,False,False,False,False
FBK,2068,FULL,0.0,Insufficient,,Unrated,0.0,False,False,False,False,False
FBK,2068,WITHOUT_EODHD,0.0,Insufficient,,Unrated,0.0,False,False,False,False,False
FBK,2068,WITHOUT_SEC,0.0,Insufficient,,Unrated,0.0,False,False,False,False,False
FBK,2068,EODHD_ONLY,0.0,Insufficient,,Unrated,0.0,False,False,False,False,False
FBK,2068,SEC_ONLY,0.0,Insufficient,,Unrated,0.0,False,False,False,False,False
FERG,2190,FULL,0.0,Insufficient,,Unrated,0.0,False,False,False,False,False
FERG,2190,WITHOUT_EODHD,0.0,Insufficient,,Unrated,0.0,False,False,False,False,False
FERG,2190,WITHOUT_SEC,0.0,Insufficient,,Unrated,0.0,False,False,False,False,False
FERG,2190,EODHD_ONLY,0.0,Insufficient,,Unrated,0.0,False,False,False,False,False
FERG,2190,SEC_ONLY,0.0,Insufficient,,Unrated,0.0,False,False,False,False,False
FFBC,2122,FULL,0.0,Insufficient,,Unrated,0.0,False,False,False,False,False
FFBC,2122,WITHOUT_EODHD,0.0,Insufficient,,Unrated,0.0,False,False,False,False,False
FFBC,2122,WITHOUT_SEC,0.0,Insufficient,,Unrated,0.0,False,False,False,False,False
FFBC,2122,EODHD_ONLY,0.0,Insufficient,,Unrated,0.0,False,False,False,False,False
FFBC,2122,SEC_ONLY,0.0,Insufficient,,Unrated,0.0,False,False,False,False,False
FFIV,2036,FULL,0.0,Insufficient,,Unrated,0.0,False,False,False,False,False
FFIV,2036,WITHOUT_EODHD,0.0,Insufficient,,Unrated,0.0,False,False,False,False,False
FFIV,2036,WITHOUT_SEC,0.0,Insufficient,,Unrated,0.0,False,False,False,False,False
FFIV,2036,EODHD_ONLY,0.0,Insufficient,,Unrated,0.0,False,False,False,False,False
FFIV,2036,SEC_ONLY,0.0,Insufficient,,Unrated,0.0,False,False,False,False,False
FHI,2132,FULL,0.0,Insufficient,,Unrated,0.0,False,False,False,False,False
FHI,2132,WITHOUT_EODHD,0.0,Insufficient,,Unrated,0.0,False,False,False,False,False
FHI,2132,WITHOUT_SEC,0.0,Insufficient,,Unrated,0.0,False,False,False,False,False
FHI,2132,EODHD_ONLY,0.0,Insufficient,,Unrated,0.0,False,False,False,False,False
FHI,2132,SEC_ONLY,0.0,Insufficient,,Unrated,0.0,False,False,False,False,False
FITB,2087,FULL,0.0,Insufficient,,Unrated,0.0,False,False,False,False,False
FITB,2087,WITHOUT_EODHD,0.0,Insufficient,,Unrated,0.0,False,False,False,False,False
FITB,2087,WITHOUT_SEC,0.0,Insufficient,,Unrated,0.0,False,False,False,False,False
FITB,2087,EODHD_ONLY,0.0,Insufficient,,Unrated,0.0,False,False,False,False,False
FITB,2087,SEC_ONLY,0.0,Insufficient,,Unrated,0.0,False,False,False,False,False
FLYW,2142,FULL,0.0,Insufficient,,Unrated,0.0,False,False,False,False,False
FLYW,2142,WITHOUT_EODHD,0.0,Insufficient,,Unrated,0.0,False,False,False,False,False
FLYW,2142,WITHOUT_SEC,0.0,Insufficient,,Unrated,0.0,False,False,False,False,False
FLYW,2142,EODHD_ONLY,0.0,Insufficient,,Unrated,0.0,False,False,False,False,False
FLYW,2142,SEC_ONLY,0.0,Insufficient,,Unrated,0.0,False,False,False,False,False
FN,1998,FULL,0.0,Insufficient,,Unrated,5.0,False,False,False,False,False
FN,1998,WITHOUT_EODHD,0.0,Insufficient,,Unrated,5.0,False,False,False,False,False
FN,1998,WITHOUT_SEC,0.0,Insufficient,,Unrated,5.0,False,False,False,False,False
FN,1998,EODHD_ONLY,0.0,Insufficient,,Unrated,5.0,False,False,False,False,False
FN,1998,SEC_ONLY,0.0,Insufficient,,Unrated,5.0,False,False,False,False,False
FORM,2000,FULL,0.0,Insufficient,,Unrated,0.0,False,False,False,False,False
FORM,2000,WITHOUT_EODHD,0.0,Insufficient,,Unrated,0.0,False,False,False,False,False
FORM,2000,WITHOUT_SEC,0.0,Insufficient,,Unrated,0.0,False,False,False,False,False
FORM,2000,EODHD_ONLY,0.0,Insufficient,,Unrated,0.0,False,False,False,False,False
FORM,2000,SEC_ONLY,0.0,Insufficient,,Unrated,0.0,False,False,False,False,False
FRO,2011,FULL,0.0,Insufficient,,Unrated,0.0,False,False,False,False,False
FRO,2011,WITHOUT_EODHD,0.0,Insufficient,,Unrated,0.0,False,False,False,False,False
FRO,2011,WITHOUT_SEC,0.0,Insufficient,,Unrated,0.0,False,False,False,False,False
FRO,2011,EODHD_ONLY,0.0,Insufficient,,Unrated,0.0,False,False,False,False,False
FRO,2011,SEC_ONLY,0.0,Insufficient,,Unrated,0.0,False,False,False,False,False
FSUN,2118,FULL,0.0,Insufficient,,Unrated,0.0,False,False,False,False,False
FSUN,2118,WITHOUT_EODHD,0.0,Insufficient,,Unrated,0.0,False,False,False,False,False
FSUN,2118,WITHOUT_SEC,0.0,Insufficient,,Unrated,0.0,False,False,False,False,False
FSUN,2118,EODHD_ONLY,0.0,Insufficient,,Unrated,0.0,False,False,False,False,False
FSUN,2118,SEC_ONLY,0.0,Insufficient,,Unrated,0.0,False,False,False,False,False
FTI,2144,FULL,0.0,Insufficient,,Unrated,0.0,False,False,False,False,False
FTI,2144,WITHOUT_EODHD,0.0,Insufficient,,Unrated,0.0,False,False,False,False,False
FTI,2144,WITHOUT_SEC,0.0,Insufficient,,Unrated,0.0,False,False,False,False,False
FTI,2144,EODHD_ONLY,0.0,Insufficient,,Unrated,0.0,False,False,False,False,False
FTI,2144,SEC_ONLY,0.0,Insufficient,,Unrated,0.0,False,False,False,False,False
FTNT,2164,FULL,0.0,Insufficient,,Unrated,0.0,False,False,False,False,False
FTNT,2164,WITHOUT_EODHD,0.0,Insufficient,,Unrated,0.0,False,False,False,False,False
FTNT,2164,WITHOUT_SEC,0.0,Insufficient,,Unrated,0.0,False,False,False,False,False
FTNT,2164,EODHD_ONLY,0.0,Insufficient,,Unrated,0.0,False,False,False,False,False
FTNT,2164,SEC_ONLY,0.0,Insufficient,,Unrated,0.0,False,False,False,False,False
FWONA,2058,FULL,0.0,Insufficient,,Unrated,0.0,False,False,False,False,False
FWONA,2058,WITHOUT_EODHD,0.0,Insufficient,,Unrated,0.0,False,False,False,False,False
FWONA,2058,WITHOUT_SEC,0.0,Insufficient,,Unrated,0.0,False,False,False,False,False
FWONA,2058,EODHD_ONLY,0.0,Insufficient,,Unrated,0.0,False,False,False,False,False
FWONA,2058,SEC_ONLY,0.0,Insufficient,,Unrated,0.0,False,False,False,False,False
GATX,2066,FULL,0.0,Insufficient,,Unrated,0.0,False,False,False,False,False
GATX,2066,WITHOUT_EODHD,0.0,Insufficient,,Unrated,0.0,False,False,False,False,False
GATX,2066,WITHOUT_SEC,0.0,Insufficient,,Unrated,0.0,False,False,False,False,False
GATX,2066,EODHD_ONLY,0.0,Insufficient,,Unrated,0.0,False,False,False,False,False
GATX,2066,SEC_ONLY,0.0,Insufficient,,Unrated,0.0,False,False,False,False,False
GBTG,2134,FULL,0.0,Insufficient,,Unrated,0.0,False,False,False,False,False
GBTG,2134,WITHOUT_EODHD,0.0,Insufficient,,Unrated,0.0,False,False,False,False,False
GBTG,2134,WITHOUT_SEC,0.0,Insufficient,,Unrated,0.0,False,False,False,False,False
GBTG,2134,EODHD_ONLY,0.0,Insufficient,,Unrated,0.0,False,False,False,False,False
GBTG,2134,SEC_ONLY,0.0,Insufficient,,Unrated,0.0,False,False,False,False,False
GD,2099,FULL,0.0,Insufficient,,Unrated,0.0,False,False,False,False,False
GD,2099,WITHOUT_EODHD,0.0,Insufficient,,Unrated,0.0,False,False,False,False,False
GD,2099,WITHOUT_SEC,0.0,Insufficient,,Unrated,0.0,False,False,False,False,False
GD,2099,EODHD_ONLY,0.0,Insufficient,,Unrated,0.0,False,False,False,False,False
GD,2099,SEC_ONLY,0.0,Insufficient,,Unrated,0.0,False,False,False,False,False
GE,2168,FULL,0.0,Insufficient,,Unrated,0.0,False,False,False,False,False
GE,2168,WITHOUT_EODHD,0.0,Insufficient,,Unrated,0.0,False,False,False,False,False
GE,2168,WITHOUT_SEC,0.0,Insufficient,,Unrated,0.0,False,False,False,False,False
GE,2168,EODHD_ONLY,0.0,Insufficient,,Unrated,0.0,False,False,False,False,False
GE,2168,SEC_ONLY,0.0,Insufficient,,Unrated,0.0,False,False,False,False,False
GEO,2174,FULL,0.0,Insufficient,,Unrated,0.0,False,False,False,False,False
GEO,2174,WITHOUT_EODHD,0.0,Insufficient,,Unrated,0.0,False,False,False,False,False
GEO,2174,WITHOUT_SEC,0.0,Insufficient,,Unrated,0.0,False,False,False,False,False
GEO,2174,EODHD_ONLY,0.0,Insufficient,,Unrated,0.0,False,False,False,False,False
GEO,2174,SEC_ONLY,0.0,Insufficient,,Unrated,0.0,False,False,False,False,False
GEV,2027,FULL,0.0,Insufficient,,Unrated,0.0,False,False,False,False,False
GEV,2027,WITHOUT_EODHD,0.0,Insufficient,,Unrated,0.0,False,False,False,False,False
GEV,2027,WITHOUT_SEC,0.0,Insufficient,,Unrated,0.0,False,False,False,False,False
GEV,2027,EODHD_ONLY,0.0,Insufficient,,Unrated,0.0,False,False,False,False,False
GEV,2027,SEC_ONLY,0.0,Insufficient,,Unrated,0.0,False,False,False,False,False
GHM,2007,FULL,0.0,Insufficient,,Unrated,0.0,False,False,False,False,False
GHM,2007,WITHOUT_EODHD,0.0,Insufficient,,Unrated,0.0,False,False,False,False,False
GHM,2007,WITHOUT_SEC,0.0,Insufficient,,Unrated,0.0,False,False,False,False,False
GHM,2007,EODHD_ONLY,0.0,Insufficient,,Unrated,0.0,False,False,False,False,False
GHM,2007,SEC_ONLY,0.0,Insufficient,,Unrated,0.0,False,False,False,False,False
GLNG,2109,FULL,0.0,Insufficient,,Unrated,5.0,False,False,False,False,False
GLNG,2109,WITHOUT_EODHD,0.0,Insufficient,,Unrated,5.0,False,False,False,False,False
GLNG,2109,WITHOUT_SEC,0.0,Insufficient,,Unrated,5.0,False,False,False,False,False
GLNG,2109,EODHD_ONLY,0.0,Insufficient,,Unrated,5.0,False,False,False,False,False
GLNG,2109,SEC_ONLY,0.0,Insufficient,,Unrated,5.0,False,False,False,False,False
GMED,2097,FULL,0.0,Insufficient,,Unrated,0.0,False,False,False,False,False
GMED,2097,WITHOUT_EODHD,0.0,Insufficient,,Unrated,0.0,False,False,False,False,False
GMED,2097,WITHOUT_SEC,0.0,Insufficient,,Unrated,0.0,False,False,False,False,False
GMED,2097,EODHD_ONLY,0.0,Insufficient,,Unrated,0.0,False,False,False,False,False
GMED,2097,SEC_ONLY,0.0,Insufficient,,Unrated,0.0,False,False,False,False,False
GOLD,2023,FULL,0.0,Insufficient,,Unrated,1.5,False,False,False,False,False
GOLD,2023,WITHOUT_EODHD,0.0,Insufficient,,Unrated,1.5,False,False,False,False,False
GOLD,2023,WITHOUT_SEC,0.0,Insufficient,,Unrated,1.5,False,False,False,False,False
GOLD,2023,EODHD_ONLY,0.0,Insufficient,,Unrated,1.5,False,False,False,False,False
GOLD,2023,SEC_ONLY,0.0,Insufficient,,Unrated,1.5,False,False,False,False,False
HAPN,2056,FULL,0.0,Insufficient,,Unrated,0.0,False,False,False,False,False
HAPN,2056,WITHOUT_EODHD,0.0,Insufficient,,Unrated,0.0,False,False,False,False,False
HAPN,2056,WITHOUT_SEC,0.0,Insufficient,,Unrated,0.0,False,False,False,False,False
HAPN,2056,EODHD_ONLY,0.0,Insufficient,,Unrated,0.0,False,False,False,False,False
HAPN,2056,SEC_ONLY,0.0,Insufficient,,Unrated,0.0,False,False,False,False,False
HAS,2187,FULL,0.0,Insufficient,,Unrated,0.0,False,False,False,False,False
HAS,2187,WITHOUT_EODHD,0.0,Insufficient,,Unrated,0.0,False,False,False,False,False
HAS,2187,WITHOUT_SEC,0.0,Insufficient,,Unrated,0.0,False,False,False,False,False
HAS,2187,EODHD_ONLY,0.0,Insufficient,,Unrated,0.0,False,False,False,False,False
HAS,2187,SEC_ONLY,0.0,Insufficient,,Unrated,0.0,False,False,False,False,False
HASI,2042,FULL,0.0,Insufficient,,Unrated,0.0,False,False,False,False,False
HASI,2042,WITHOUT_EODHD,0.0,Insufficient,,Unrated,0.0,False,False,False,False,False
HASI,2042,WITHOUT_SEC,0.0,Insufficient,,Unrated,0.0,False,False,False,False,False
HASI,2042,EODHD_ONLY,0.0,Insufficient,,Unrated,0.0,False,False,False,False,False
HASI,2042,SEC_ONLY,0.0,Insufficient,,Unrated,0.0,False,False,False,False,False
HBAN,2107,FULL,0.0,Insufficient,,Unrated,0.0,False,False,False,False,False
HBAN,2107,WITHOUT_EODHD,0.0,Insufficient,,Unrated,0.0,False,False,False,False,False
HBAN,2107,WITHOUT_SEC,0.0,Insufficient,,Unrated,0.0,False,False,False,False,False
HBAN,2107,EODHD_ONLY,0.0,Insufficient,,Unrated,0.0,False,False,False,False,False
HBAN,2107,SEC_ONLY,0.0,Insufficient,,Unrated,0.0,False,False,False,False,False
HCI,2158,FULL,0.0,Insufficient,,Unrated,0.0,False,False,False,False,False
HCI,2158,WITHOUT_EODHD,0.0,Insufficient,,Unrated,0.0,False,False,False,False,False
HCI,2158,WITHOUT_SEC,0.0,Insufficient,,Unrated,0.0,False,False,False,False,False
HCI,2158,EODHD_ONLY,0.0,Insufficient,,Unrated,0.0,False,False,False,False,False
HCI,2158,SEC_ONLY,0.0,Insufficient,,Unrated,0.0,False,False,False,False,False
HEI,2046,FULL,0.0,Insufficient,,Unrated,1.5,False,False,False,False,False
HEI,2046,WITHOUT_EODHD,0.0,Insufficient,,Unrated,1.5,False,False,False,False,False
HEI,2046,WITHOUT_SEC,0.0,Insufficient,,Unrated,1.5,False,False,False,False,False
HEI,2046,EODHD_ONLY,0.0,Insufficient,,Unrated,1.5,False,False,False,False,False
HEI,2046,SEC_ONLY,0.0,Insufficient,,Unrated,1.5,False,False,False,False,False
HFWA,2081,FULL,0.0,Insufficient,,Unrated,0.0,False,False,False,False,False
HFWA,2081,WITHOUT_EODHD,0.0,Insufficient,,Unrated,0.0,False,False,False,False,False
HFWA,2081,WITHOUT_SEC,0.0,Insufficient,,Unrated,0.0,False,False,False,False,False
HFWA,2081,EODHD_ONLY,0.0,Insufficient,,Unrated,0.0,False,False,False,False,False
HFWA,2081,SEC_ONLY,0.0,Insufficient,,Unrated,0.0,False,False,False,False,False
HG,2123,FULL,0.0,Insufficient,,Unrated,0.0,False,False,False,False,False
HG,2123,WITHOUT_EODHD,0.0,Insufficient,,Unrated,0.0,False,False,False,False,False
HG,2123,WITHOUT_SEC,0.0,Insufficient,,Unrated,0.0,False,False,False,False,False
HG,2123,EODHD_ONLY,0.0,Insufficient,,Unrated,0.0,False,False,False,False,False
HG,2123,SEC_ONLY,0.0,Insufficient,,Unrated,0.0,False,False,False,False,False
HIFS,2094,FULL,0.0,Insufficient,,Unrated,0.0,False,False,False,False,False
HIFS,2094,WITHOUT_EODHD,0.0,Insufficient,,Unrated,0.0,False,False,False,False,False
HIFS,2094,WITHOUT_SEC,0.0,Insufficient,,Unrated,0.0,False,False,False,False,False
HIFS,2094,EODHD_ONLY,0.0,Insufficient,,Unrated,0.0,False,False,False,False,False
HIFS,2094,SEC_ONLY,0.0,Insufficient,,Unrated,0.0,False,False,False,False,False
HUBB,2182,FULL,0.0,Insufficient,,Unrated,0.0,False,False,False,False,False
HUBB,2182,WITHOUT_EODHD,0.0,Insufficient,,Unrated,0.0,False,False,False,False,False
HUBB,2182,WITHOUT_SEC,0.0,Insufficient,,Unrated,0.0,False,False,False,False,False
HUBB,2182,EODHD_ONLY,0.0,Insufficient,,Unrated,0.0,False,False,False,False,False
HUBB,2182,SEC_ONLY,0.0,Insufficient,,Unrated,0.0,False,False,False,False,False
HUM,2005,FULL,0.0,Insufficient,,Unrated,0.0,False,False,False,False,False
HUM,2005,WITHOUT_EODHD,0.0,Insufficient,,Unrated,0.0,False,False,False,False,False
HUM,2005,WITHOUT_SEC,0.0,Insufficient,,Unrated,0.0,False,False,False,False,False
HUM,2005,EODHD_ONLY,0.0,Insufficient,,Unrated,0.0,False,False,False,False,False
HUM,2005,SEC_ONLY,0.0,Insufficient,,Unrated,0.0,False,False,False,False,False
HWM,2126,FULL,0.0,Insufficient,,Unrated,0.0,False,False,False,False,False
HWM,2126,WITHOUT_EODHD,0.0,Insufficient,,Unrated,0.0,False,False,False,False,False
HWM,2126,WITHOUT_SEC,0.0,Insufficient,,Unrated,0.0,False,False,False,False,False
HWM,2126,EODHD_ONLY,0.0,Insufficient,,Unrated,0.0,False,False,False,False,False
HWM,2126,SEC_ONLY,0.0,Insufficient,,Unrated,0.0,False,False,False,False,False
IBKR,2037,FULL,0.0,Insufficient,,Unrated,0.0,False,False,False,False,False
IBKR,2037,WITHOUT_EODHD,0.0,Insufficient,,Unrated,0.0,False,False,False,False,False
IBKR,2037,WITHOUT_SEC,0.0,Insufficient,,Unrated,0.0,False,False,False,False,False
IBKR,2037,EODHD_ONLY,0.0,Insufficient,,Unrated,0.0,False,False,False,False,False
IBKR,2037,SEC_ONLY,0.0,Insufficient,,Unrated,0.0,False,False,False,False,False
INCY,2154,FULL,0.0,Insufficient,,Unrated,0.0,False,False,False,False,False
INCY,2154,WITHOUT_EODHD,0.0,Insufficient,,Unrated,0.0,False,False,False,False,False
INCY,2154,WITHOUT_SEC,0.0,Insufficient,,Unrated,0.0,False,False,False,False,False
INCY,2154,EODHD_ONLY,0.0,Insufficient,,Unrated,0.0,False,False,False,False,False
INCY,2154,SEC_ONLY,0.0,Insufficient,,Unrated,0.0,False,False,False,False,False
INDB,2095,FULL,0.0,Insufficient,,Unrated,0.0,False,False,False,False,False
INDB,2095,WITHOUT_EODHD,0.0,Insufficient,,Unrated,0.0,False,False,False,False,False
INDB,2095,WITHOUT_SEC,0.0,Insufficient,,Unrated,0.0,False,False,False,False,False
INDB,2095,EODHD_ONLY,0.0,Insufficient,,Unrated,0.0,False,False,False,False,False
INDB,2095,SEC_ONLY,0.0,Insufficient,,Unrated,0.0,False,False,False,False,False
INSW,2012,FULL,0.0,Insufficient,,Unrated,0.0,False,False,False,False,False
INSW,2012,WITHOUT_EODHD,0.0,Insufficient,,Unrated,0.0,False,False,False,False,False
INSW,2012,WITHOUT_SEC,0.0,Insufficient,,Unrated,0.0,False,False,False,False,False
INSW,2012,EODHD_ONLY,0.0,Insufficient,,Unrated,0.0,False,False,False,False,False
INSW,2012,SEC_ONLY,0.0,Insufficient,,Unrated,0.0,False,False,False,False,False
ITT,2150,FULL,0.0,Insufficient,,Unrated,0.0,False,False,False,False,False
ITT,2150,WITHOUT_EODHD,0.0,Insufficient,,Unrated,0.0,False,False,False,False,False
ITT,2150,WITHOUT_SEC,0.0,Insufficient,,Unrated,0.0,False,False,False,False,False
ITT,2150,EODHD_ONLY,0.0,Insufficient,,Unrated,0.0,False,False,False,False,False
ITT,2150,SEC_ONLY,0.0,Insufficient,,Unrated,0.0,False,False,False,False,False
JBL,2028,FULL,0.0,Insufficient,,Unrated,0.0,False,False,False,False,False
JBL,2028,WITHOUT_EODHD,0.0,Insufficient,,Unrated,0.0,False,False,False,False,False
JBL,2028,WITHOUT_SEC,0.0,Insufficient,,Unrated,0.0,False,False,False,False,False
JBL,2028,EODHD_ONLY,0.0,Insufficient,,Unrated,0.0,False,False,False,False,False
JBL,2028,SEC_ONLY,0.0,Insufficient,,Unrated,0.0,False,False,False,False,False
JNJ,2113,FULL,0.0,Insufficient,,Unrated,0.0,False,False,False,False,False
JNJ,2113,WITHOUT_EODHD,0.0,Insufficient,,Unrated,0.0,False,False,False,False,False
JNJ,2113,WITHOUT_SEC,0.0,Insufficient,,Unrated,0.0,False,False,False,False,False
JNJ,2113,EODHD_ONLY,0.0,Insufficient,,Unrated,0.0,False,False,False,False,False
JNJ,2113,SEC_ONLY,0.0,Insufficient,,Unrated,0.0,False,False,False,False,False
JOE,2166,FULL,0.0,Insufficient,,Unrated,0.0,False,False,False,False,False
JOE,2166,WITHOUT_EODHD,0.0,Insufficient,,Unrated,0.0,False,False,False,False,False
JOE,2166,WITHOUT_SEC,0.0,Insufficient,,Unrated,0.0,False,False,False,False,False
JOE,2166,EODHD_ONLY,0.0,Insufficient,,Unrated,0.0,False,False,False,False,False
JOE,2166,SEC_ONLY,0.0,Insufficient,,Unrated,0.0,False,False,False,False,False
JPM,2082,FULL,0.0,Insufficient,,Unrated,0.0,False,False,False,False,False
JPM,2082,WITHOUT_EODHD,0.0,Insufficient,,Unrated,0.0,False,False,False,False,False
JPM,2082,WITHOUT_SEC,0.0,Insufficient,,Unrated,0.0,False,False,False,False,False
JPM,2082,EODHD_ONLY,0.0,Insufficient,,Unrated,0.0,False,False,False,False,False
JPM,2082,SEC_ONLY,0.0,Insufficient,,Unrated,0.0,False,False,False,False,False
KEY,2080,FULL,0.0,Insufficient,,Unrated,0.0,False,False,False,False,False
KEY,2080,WITHOUT_EODHD,0.0,Insufficient,,Unrated,0.0,False,False,False,False,False
KEY,2080,WITHOUT_SEC,0.0,Insufficient,,Unrated,0.0,False,False,False,False,False
KEY,2080,EODHD_ONLY,0.0,Insufficient,,Unrated,0.0,False,False,False,False,False
KEY,2080,SEC_ONLY,0.0,Insufficient,,Unrated,0.0,False,False,False,False,False
KEYS,2015,FULL,0.0,Insufficient,,Unrated,3.0,False,False,False,False,False
KEYS,2015,WITHOUT_EODHD,0.0,Insufficient,,Unrated,3.0,False,False,False,False,False
KEYS,2015,WITHOUT_SEC,0.0,Insufficient,,Unrated,3.0,False,False,False,False,False
KEYS,2015,EODHD_ONLY,0.0,Insufficient,,Unrated,3.0,False,False,False,False,False
KEYS,2015,SEC_ONLY,0.0,Insufficient,,Unrated,3.0,False,False,False,False,False
KN,2061,FULL,0.0,Insufficient,,Unrated,0.0,False,False,False,False,False
KN,2061,WITHOUT_EODHD,0.0,Insufficient,,Unrated,0.0,False,False,False,False,False
KN,2061,WITHOUT_SEC,0.0,Insufficient,,Unrated,0.0,False,False,False,False,False
KN,2061,EODHD_ONLY,0.0,Insufficient,,Unrated,0.0,False,False,False,False,False
KN,2061,SEC_ONLY,0.0,Insufficient,,Unrated,0.0,False,False,False,False,False
LB,2195,FULL,0.0,Insufficient,,Unrated,0.0,False,False,False,False,False
LB,2195,WITHOUT_EODHD,0.0,Insufficient,,Unrated,0.0,False,False,False,False,False
LB,2195,WITHOUT_SEC,0.0,Insufficient,,Unrated,0.0,False,False,False,False,False
LB,2195,EODHD_ONLY,0.0,Insufficient,,Unrated,0.0,False,False,False,False,False
LB,2195,SEC_ONLY,0.0,Insufficient,,Unrated,0.0,False,False,False,False,False
LECO,2075,FULL,0.0,Insufficient,,Unrated,0.0,False,False,False,False,False
LECO,2075,WITHOUT_EODHD,0.0,Insufficient,,Unrated,0.0,False,False,False,False,False
LECO,2075,WITHOUT_SEC,0.0,Insufficient,,Unrated,0.0,False,False,False,False,False
LECO,2075,EODHD_ONLY,0.0,Insufficient,,Unrated,0.0,False,False,False,False,False
LECO,2075,SEC_ONLY,0.0,Insufficient,,Unrated,0.0,False,False,False,False,False
LIVN,2026,FULL,0.0,Insufficient,,Unrated,0.0,False,False,False,False,False
LIVN,2026,WITHOUT_EODHD,0.0,Insufficient,,Unrated,0.0,False,False,False,False,False
LIVN,2026,WITHOUT_SEC,0.0,Insufficient,,Unrated,0.0,False,False,False,False,False
LIVN,2026,EODHD_ONLY,0.0,Insufficient,,Unrated,0.0,False,False,False,False,False
LIVN,2026,SEC_ONLY,0.0,Insufficient,,Unrated,0.0,False,False,False,False,False
LLY,2110,FULL,0.0,Insufficient,,Unrated,0.0,False,False,False,False,False
LLY,2110,WITHOUT_EODHD,0.0,Insufficient,,Unrated,0.0,False,False,False,False,False
LLY,2110,WITHOUT_SEC,0.0,Insufficient,,Unrated,0.0,False,False,False,False,False
LLY,2110,EODHD_ONLY,0.0,Insufficient,,Unrated,0.0,False,False,False,False,False
LLY,2110,SEC_ONLY,0.0,Insufficient,,Unrated,0.0,False,False,False,False,False
LNC,2169,FULL,0.0,Insufficient,,Unrated,0.0,False,False,False,False,False
LNC,2169,WITHOUT_EODHD,0.0,Insufficient,,Unrated,0.0,False,False,False,False,False
LNC,2169,WITHOUT_SEC,0.0,Insufficient,,Unrated,0.0,False,False,False,False,False
LNC,2169,EODHD_ONLY,0.0,Insufficient,,Unrated,0.0,False,False,False,False,False
LNC,2169,SEC_ONLY,0.0,Insufficient,,Unrated,0.0,False,False,False,False,False
LNG,2070,FULL,0.0,Insufficient,,Unrated,0.0,False,False,False,False,False
LNG,2070,WITHOUT_EODHD,0.0,Insufficient,,Unrated,0.0,False,False,False,False,False
LNG,2070,WITHOUT_SEC,0.0,Insufficient,,Unrated,0.0,False,False,False,False,False
LNG,2070,EODHD_ONLY,0.0,Insufficient,,Unrated,0.0,False,False,False,False,False
LNG,2070,SEC_ONLY,0.0,Insufficient,,Unrated,0.0,False,False,False,False,False
LPG,2008,FULL,0.0,Insufficient,,Unrated,0.0,False,False,False,False,False
LPG,2008,WITHOUT_EODHD,0.0,Insufficient,,Unrated,0.0,False,False,False,False,False
LPG,2008,WITHOUT_SEC,0.0,Insufficient,,Unrated,0.0,False,False,False,False,False
LPG,2008,EODHD_ONLY,0.0,Insufficient,,Unrated,0.0,False,False,False,False,False
LPG,2008,SEC_ONLY,0.0,Insufficient,,Unrated,0.0,False,False,False,False,False
LTH,2130,FULL,0.0,Insufficient,,Unrated,0.0,False,False,False,False,False
LTH,2130,WITHOUT_EODHD,0.0,Insufficient,,Unrated,0.0,False,False,False,False,False
LTH,2130,WITHOUT_SEC,0.0,Insufficient,,Unrated,0.0,False,False,False,False,False
LTH,2130,EODHD_ONLY,0.0,Insufficient,,Unrated,0.0,False,False,False,False,False
LTH,2130,SEC_ONLY,0.0,Insufficient,,Unrated,0.0,False,False,False,False,False
LYFT,2194,FULL,0.0,Insufficient,,Unrated,0.0,False,False,False,False,False
LYFT,2194,WITHOUT_EODHD,0.0,Insufficient,,Unrated,0.0,False,False,False,False,False
LYFT,2194,WITHOUT_SEC,0.0,Insufficient,,Unrated,0.0,False,False,False,False,False
LYFT,2194,EODHD_ONLY,0.0,Insufficient,,Unrated,0.0,False,False,False,False,False
LYFT,2194,SEC_ONLY,0.0,Insufficient,,Unrated,0.0,False,False,False,False,False
MET,2149,FULL,15.0,Insufficient,,Unrated,0.0,False,False,False,False,False
MET,2149,WITHOUT_EODHD,15.0,Insufficient,,Unrated,0.0,False,False,False,False,False
MET,2149,WITHOUT_SEC,0.0,Insufficient,,Unrated,0.0,True,False,False,False,False
MET,2149,EODHD_ONLY,0.0,Insufficient,,Unrated,0.0,True,False,False,False,False
MET,2149,SEC_ONLY,15.0,Insufficient,,Unrated,0.0,False,False,False,False,False
MGY,2057,FULL,0.0,Insufficient,,Unrated,0.0,False,False,False,False,False
MGY,2057,WITHOUT_EODHD,0.0,Insufficient,,Unrated,0.0,False,False,False,False,False
MGY,2057,WITHOUT_SEC,0.0,Insufficient,,Unrated,0.0,False,False,False,False,False
MGY,2057,EODHD_ONLY,0.0,Insufficient,,Unrated,0.0,False,False,False,False,False
MGY,2057,SEC_ONLY,0.0,Insufficient,,Unrated,0.0,False,False,False,False,False
MITK,2119,FULL,0.0,Insufficient,,Unrated,0.0,False,False,False,False,False
MITK,2119,WITHOUT_EODHD,0.0,Insufficient,,Unrated,0.0,False,False,False,False,False
MITK,2119,WITHOUT_SEC,0.0,Insufficient,,Unrated,0.0,False,False,False,False,False
MITK,2119,EODHD_ONLY,0.0,Insufficient,,Unrated,0.0,False,False,False,False,False
MITK,2119,SEC_ONLY,0.0,Insufficient,,Unrated,0.0,False,False,False,False,False
MLI,2155,FULL,15.0,Insufficient,,Unrated,0.0,False,False,False,False,False
MLI,2155,WITHOUT_EODHD,15.0,Insufficient,,Unrated,0.0,False,False,False,False,False
MLI,2155,WITHOUT_SEC,0.0,Insufficient,,Unrated,0.0,True,False,False,False,False
MLI,2155,EODHD_ONLY,0.0,Insufficient,,Unrated,0.0,True,False,False,False,False
MLI,2155,SEC_ONLY,15.0,Insufficient,,Unrated,0.0,False,False,False,False,False
MOG.A,2024,FULL,0.0,Insufficient,,Unrated,0.0,False,False,False,False,False
MOG.A,2024,WITHOUT_EODHD,0.0,Insufficient,,Unrated,0.0,False,False,False,False,False
MOG.A,2024,WITHOUT_SEC,0.0,Insufficient,,Unrated,0.0,False,False,False,False,False
MOG.A,2024,EODHD_ONLY,0.0,Insufficient,,Unrated,0.0,False,False,False,False,False
MOG.A,2024,SEC_ONLY,0.0,Insufficient,,Unrated,0.0,False,False,False,False,False
MPWR,2048,FULL,0.0,Insufficient,,Unrated,0.0,False,False,False,False,False
MPWR,2048,WITHOUT_EODHD,0.0,Insufficient,,Unrated,0.0,False,False,False,False,False
MPWR,2048,WITHOUT_SEC,0.0,Insufficient,,Unrated,0.0,False,False,False,False,False
MPWR,2048,EODHD_ONLY,0.0,Insufficient,,Unrated,0.0,False,False,False,False,False
MPWR,2048,SEC_ONLY,0.0,Insufficient,,Unrated,0.0,False,False,False,False,False
MS,2060,FULL,0.0,Insufficient,,Unrated,0.0,False,False,False,False,False
MS,2060,WITHOUT_EODHD,0.0,Insufficient,,Unrated,0.0,False,False,False,False,False
MS,2060,WITHOUT_SEC,0.0,Insufficient,,Unrated,0.0,False,False,False,False,False
MS,2060,EODHD_ONLY,0.0,Insufficient,,Unrated,0.0,False,False,False,False,False
MS,2060,SEC_ONLY,0.0,Insufficient,,Unrated,0.0,False,False,False,False,False
NBN,2153,FULL,0.0,Insufficient,,Unrated,0.0,False,False,False,False,False
NBN,2153,WITHOUT_EODHD,0.0,Insufficient,,Unrated,0.0,False,False,False,False,False
NBN,2153,WITHOUT_SEC,0.0,Insufficient,,Unrated,0.0,False,False,False,False,False
NBN,2153,EODHD_ONLY,0.0,Insufficient,,Unrated,0.0,False,False,False,False,False
NBN,2153,SEC_ONLY,0.0,Insufficient,,Unrated,0.0,False,False,False,False,False
NBTB,2072,FULL,0.0,Insufficient,,Unrated,0.0,False,False,False,False,False
NBTB,2072,WITHOUT_EODHD,0.0,Insufficient,,Unrated,0.0,False,False,False,False,False
NBTB,2072,WITHOUT_SEC,0.0,Insufficient,,Unrated,0.0,False,False,False,False,False
NBTB,2072,EODHD_ONLY,0.0,Insufficient,,Unrated,0.0,False,False,False,False,False
NBTB,2072,SEC_ONLY,0.0,Insufficient,,Unrated,0.0,False,False,False,False,False
NIC,2128,FULL,15.0,Insufficient,,Unrated,0.0,False,False,False,False,False
NIC,2128,WITHOUT_EODHD,15.0,Insufficient,,Unrated,0.0,False,False,False,False,False
NIC,2128,WITHOUT_SEC,0.0,Insufficient,,Unrated,0.0,True,False,False,False,False
NIC,2128,EODHD_ONLY,0.0,Insufficient,,Unrated,0.0,True,False,False,False,False
NIC,2128,SEC_ONLY,15.0,Insufficient,,Unrated,0.0,False,False,False,False,False
NLY,2148,FULL,0.0,Insufficient,,Unrated,0.0,False,False,False,False,False
NLY,2148,WITHOUT_EODHD,0.0,Insufficient,,Unrated,0.0,False,False,False,False,False
NLY,2148,WITHOUT_SEC,0.0,Insufficient,,Unrated,0.0,False,False,False,False,False
NLY,2148,EODHD_ONLY,0.0,Insufficient,,Unrated,0.0,False,False,False,False,False
NLY,2148,SEC_ONLY,0.0,Insufficient,,Unrated,0.0,False,False,False,False,False
NPO,2054,FULL,0.0,Insufficient,,Unrated,0.0,False,False,False,False,False
NPO,2054,WITHOUT_EODHD,0.0,Insufficient,,Unrated,0.0,False,False,False,False,False
NPO,2054,WITHOUT_SEC,0.0,Insufficient,,Unrated,0.0,False,False,False,False,False
NPO,2054,EODHD_ONLY,0.0,Insufficient,,Unrated,0.0,False,False,False,False,False
NPO,2054,SEC_ONLY,0.0,Insufficient,,Unrated,0.0,False,False,False,False,False
NVDA,2016,FULL,15.0,Insufficient,,Unrated,1.5,False,False,False,False,False
NVDA,2016,WITHOUT_EODHD,15.0,Insufficient,,Unrated,1.5,False,False,False,False,False
NVDA,2016,WITHOUT_SEC,0.0,Insufficient,,Unrated,1.5,True,False,False,False,False
NVDA,2016,EODHD_ONLY,0.0,Insufficient,,Unrated,1.5,True,False,False,False,False
NVDA,2016,SEC_ONLY,15.0,Insufficient,,Unrated,1.5,False,False,False,False,False
NVST,2093,FULL,0.0,Insufficient,,Unrated,0.0,False,False,False,False,False
NVST,2093,WITHOUT_EODHD,0.0,Insufficient,,Unrated,0.0,False,False,False,False,False
NVST,2093,WITHOUT_SEC,0.0,Insufficient,,Unrated,0.0,False,False,False,False,False
NVST,2093,EODHD_ONLY,0.0,Insufficient,,Unrated,0.0,False,False,False,False,False
NVST,2093,SEC_ONLY,0.0,Insufficient,,Unrated,0.0,False,False,False,False,False
NVT,2032,FULL,0.0,Insufficient,,Unrated,0.0,False,False,False,False,False
NVT,2032,WITHOUT_EODHD,0.0,Insufficient,,Unrated,0.0,False,False,False,False,False
NVT,2032,WITHOUT_SEC,0.0,Insufficient,,Unrated,0.0,False,False,False,False,False
NVT,2032,EODHD_ONLY,0.0,Insufficient,,Unrated,0.0,False,False,False,False,False
NVT,2032,SEC_ONLY,0.0,Insufficient,,Unrated,0.0,False,False,False,False,False
NWBI,2102,FULL,0.0,Insufficient,,Unrated,0.0,False,False,False,False,False
NWBI,2102,WITHOUT_EODHD,0.0,Insufficient,,Unrated,0.0,False,False,False,False,False
NWBI,2102,WITHOUT_SEC,0.0,Insufficient,,Unrated,0.0,False,False,False,False,False
NWBI,2102,EODHD_ONLY,0.0,Insufficient,,Unrated,0.0,False,False,False,False,False
NWBI,2102,SEC_ONLY,0.0,Insufficient,,Unrated,0.0,False,False,False,False,False
OKE,2069,FULL,0.0,Insufficient,,Unrated,0.0,False,False,False,False,False
OKE,2069,WITHOUT_EODHD,0.0,Insufficient,,Unrated,0.0,False,False,False,False,False
OKE,2069,WITHOUT_SEC,0.0,Insufficient,,Unrated,0.0,False,False,False,False,False
OKE,2069,EODHD_ONLY,0.0,Insufficient,,Unrated,0.0,False,False,False,False,False
OKE,2069,SEC_ONLY,0.0,Insufficient,,Unrated,0.0,False,False,False,False,False
OKTA,2186,FULL,0.0,Insufficient,,Unrated,1.5,False,False,False,False,False
OKTA,2186,WITHOUT_EODHD,0.0,Insufficient,,Unrated,1.5,False,False,False,False,False
OKTA,2186,WITHOUT_SEC,0.0,Insufficient,,Unrated,1.5,False,False,False,False,False
OKTA,2186,EODHD_ONLY,0.0,Insufficient,,Unrated,1.5,False,False,False,False,False
OKTA,2186,SEC_ONLY,0.0,Insufficient,,Unrated,1.5,False,False,False,False,False
OMC,2162,FULL,0.0,Insufficient,,Unrated,0.0,False,False,False,False,False
OMC,2162,WITHOUT_EODHD,0.0,Insufficient,,Unrated,0.0,False,False,False,False,False
OMC,2162,WITHOUT_SEC,0.0,Insufficient,,Unrated,0.0,False,False,False,False,False
OMC,2162,EODHD_ONLY,0.0,Insufficient,,Unrated,0.0,False,False,False,False,False
OMC,2162,SEC_ONLY,0.0,Insufficient,,Unrated,0.0,False,False,False,False,False
ONB,2079,FULL,0.0,Insufficient,,Unrated,0.0,False,False,False,False,False
ONB,2079,WITHOUT_EODHD,0.0,Insufficient,,Unrated,0.0,False,False,False,False,False
ONB,2079,WITHOUT_SEC,0.0,Insufficient,,Unrated,0.0,False,False,False,False,False
ONB,2079,EODHD_ONLY,0.0,Insufficient,,Unrated,0.0,False,False,False,False,False
ONB,2079,SEC_ONLY,0.0,Insufficient,,Unrated,0.0,False,False,False,False,False
OPY,2053,FULL,0.0,Insufficient,,Unrated,0.0,False,False,False,False,False
OPY,2053,WITHOUT_EODHD,0.0,Insufficient,,Unrated,0.0,False,False,False,False,False
OPY,2053,WITHOUT_SEC,0.0,Insufficient,,Unrated,0.0,False,False,False,False,False
OPY,2053,EODHD_ONLY,0.0,Insufficient,,Unrated,0.0,False,False,False,False,False
OPY,2053,SEC_ONLY,0.0,Insufficient,,Unrated,0.0,False,False,False,False,False
ORI,2127,FULL,0.0,Insufficient,,Unrated,0.0,False,False,False,False,False
ORI,2127,WITHOUT_EODHD,0.0,Insufficient,,Unrated,0.0,False,False,False,False,False
ORI,2127,WITHOUT_SEC,0.0,Insufficient,,Unrated,0.0,False,False,False,False,False
ORI,2127,EODHD_ONLY,0.0,Insufficient,,Unrated,0.0,False,False,False,False,False
ORI,2127,SEC_ONLY,0.0,Insufficient,,Unrated,0.0,False,False,False,False,False
OSCR,2002,FULL,0.0,Insufficient,,Unrated,0.0,False,False,False,False,False
OSCR,2002,WITHOUT_EODHD,0.0,Insufficient,,Unrated,0.0,False,False,False,False,False
OSCR,2002,WITHOUT_SEC,0.0,Insufficient,,Unrated,0.0,False,False,False,False,False
OSCR,2002,EODHD_ONLY,0.0,Insufficient,,Unrated,0.0,False,False,False,False,False
OSCR,2002,SEC_ONLY,0.0,Insufficient,,Unrated,0.0,False,False,False,False,False
OSW,2033,FULL,0.0,Insufficient,,Unrated,0.0,False,False,False,False,False
OSW,2033,WITHOUT_EODHD,0.0,Insufficient,,Unrated,0.0,False,False,False,False,False
OSW,2033,WITHOUT_SEC,0.0,Insufficient,,Unrated,0.0,False,False,False,False,False
OSW,2033,EODHD_ONLY,0.0,Insufficient,,Unrated,0.0,False,False,False,False,False
OSW,2033,SEC_ONLY,0.0,Insufficient,,Unrated,0.0,False,False,False,False,False
PACS,2062,FULL,0.0,Insufficient,,Unrated,0.0,False,False,False,False,False
PACS,2062,WITHOUT_EODHD,0.0,Insufficient,,Unrated,0.0,False,False,False,False,False
PACS,2062,WITHOUT_SEC,0.0,Insufficient,,Unrated,0.0,False,False,False,False,False
PACS,2062,EODHD_ONLY,0.0,Insufficient,,Unrated,0.0,False,False,False,False,False
PACS,2062,SEC_ONLY,0.0,Insufficient,,Unrated,0.0,False,False,False,False,False
PKE,2050,FULL,0.0,Insufficient,,Unrated,0.0,False,False,False,False,False
PKE,2050,WITHOUT_EODHD,0.0,Insufficient,,Unrated,0.0,False,False,False,False,False
PKE,2050,WITHOUT_SEC,0.0,Insufficient,,Unrated,0.0,False,False,False,False,False
PKE,2050,EODHD_ONLY,0.0,Insufficient,,Unrated,0.0,False,False,False,False,False
PKE,2050,SEC_ONLY,0.0,Insufficient,,Unrated,0.0,False,False,False,False,False
PKG,2161,FULL,0.0,Insufficient,,Unrated,0.0,False,False,False,False,False
PKG,2161,WITHOUT_EODHD,0.0,Insufficient,,Unrated,0.0,False,False,False,False,False
PKG,2161,WITHOUT_SEC,0.0,Insufficient,,Unrated,0.0,False,False,False,False,False
PKG,2161,EODHD_ONLY,0.0,Insufficient,,Unrated,0.0,False,False,False,False,False
PKG,2161,SEC_ONLY,0.0,Insufficient,,Unrated,0.0,False,False,False,False,False
PR,2141,FULL,0.0,Insufficient,,Unrated,0.0,False,False,False,False,False
PR,2141,WITHOUT_EODHD,0.0,Insufficient,,Unrated,0.0,False,False,False,False,False
PR,2141,WITHOUT_SEC,0.0,Insufficient,,Unrated,0.0,False,False,False,False,False
PR,2141,EODHD_ONLY,0.0,Insufficient,,Unrated,0.0,False,False,False,False,False
PR,2141,SEC_ONLY,0.0,Insufficient,,Unrated,0.0,False,False,False,False,False
PRK,2064,FULL,0.0,Insufficient,,Unrated,0.0,False,False,False,False,False
PRK,2064,WITHOUT_EODHD,0.0,Insufficient,,Unrated,0.0,False,False,False,False,False
PRK,2064,WITHOUT_SEC,0.0,Insufficient,,Unrated,0.0,False,False,False,False,False
PRK,2064,EODHD_ONLY,0.0,Insufficient,,Unrated,0.0,False,False,False,False,False
PRK,2064,SEC_ONLY,0.0,Insufficient,,Unrated,0.0,False,False,False,False,False
PRU,2115,FULL,0.0,Insufficient,,Unrated,0.0,False,False,False,False,False
PRU,2115,WITHOUT_EODHD,0.0,Insufficient,,Unrated,0.0,False,False,False,False,False
PRU,2115,WITHOUT_SEC,0.0,Insufficient,,Unrated,0.0,False,False,False,False,False
PRU,2115,EODHD_ONLY,0.0,Insufficient,,Unrated,0.0,False,False,False,False,False
PRU,2115,SEC_ONLY,0.0,Insufficient,,Unrated,0.0,False,False,False,False,False
PWR,2065,FULL,0.0,Insufficient,,Unrated,0.0,False,False,False,False,False
PWR,2065,WITHOUT_EODHD,0.0,Insufficient,,Unrated,0.0,False,False,False,False,False
PWR,2065,WITHOUT_SEC,0.0,Insufficient,,Unrated,0.0,False,False,False,False,False
PWR,2065,EODHD_ONLY,0.0,Insufficient,,Unrated,0.0,False,False,False,False,False
PWR,2065,SEC_ONLY,0.0,Insufficient,,Unrated,0.0,False,False,False,False,False
RAMP,2124,FULL,0.0,Insufficient,,Unrated,0.0,False,False,False,False,False
RAMP,2124,WITHOUT_EODHD,0.0,Insufficient,,Unrated,0.0,False,False,False,False,False
RAMP,2124,WITHOUT_SEC,0.0,Insufficient,,Unrated,0.0,False,False,False,False,False
RAMP,2124,EODHD_ONLY,0.0,Insufficient,,Unrated,0.0,False,False,False,False,False
RAMP,2124,SEC_ONLY,0.0,Insufficient,,Unrated,0.0,False,False,False,False,False
RDVT,2191,FULL,0.0,Insufficient,,Unrated,0.0,False,False,False,False,False
RDVT,2191,WITHOUT_EODHD,0.0,Insufficient,,Unrated,0.0,False,False,False,False,False
RDVT,2191,WITHOUT_SEC,0.0,Insufficient,,Unrated,0.0,False,False,False,False,False
RDVT,2191,EODHD_ONLY,0.0,Insufficient,,Unrated,0.0,False,False,False,False,False
RDVT,2191,SEC_ONLY,0.0,Insufficient,,Unrated,0.0,False,False,False,False,False
RELY,2029,FULL,0.0,Insufficient,,Unrated,0.0,False,False,False,False,False
RELY,2029,WITHOUT_EODHD,0.0,Insufficient,,Unrated,0.0,False,False,False,False,False
RELY,2029,WITHOUT_SEC,0.0,Insufficient,,Unrated,0.0,False,False,False,False,False
RELY,2029,EODHD_ONLY,0.0,Insufficient,,Unrated,0.0,False,False,False,False,False
RELY,2029,SEC_ONLY,0.0,Insufficient,,Unrated,0.0,False,False,False,False,False
RGA,2100,FULL,0.0,Insufficient,,Unrated,0.0,False,False,False,False,False
RGA,2100,WITHOUT_EODHD,0.0,Insufficient,,Unrated,0.0,False,False,False,False,False
RGA,2100,WITHOUT_SEC,0.0,Insufficient,,Unrated,0.0,False,False,False,False,False
RGA,2100,EODHD_ONLY,0.0,Insufficient,,Unrated,0.0,False,False,False,False,False
RGA,2100,SEC_ONLY,0.0,Insufficient,,Unrated,0.0,False,False,False,False,False
RL,2157,FULL,0.0,Insufficient,,Unrated,0.0,False,False,False,False,False
RL,2157,WITHOUT_EODHD,0.0,Insufficient,,Unrated,0.0,False,False,False,False,False
RL,2157,WITHOUT_SEC,0.0,Insufficient,,Unrated,0.0,False,False,False,False,False
RL,2157,EODHD_ONLY,0.0,Insufficient,,Unrated,0.0,False,False,False,False,False
RL,2157,SEC_ONLY,0.0,Insufficient,,Unrated,0.0,False,False,False,False,False
RNST,2071,FULL,0.0,Insufficient,,Unrated,0.0,False,False,False,False,False
RNST,2071,WITHOUT_EODHD,0.0,Insufficient,,Unrated,0.0,False,False,False,False,False
RNST,2071,WITHOUT_SEC,0.0,Insufficient,,Unrated,0.0,False,False,False,False,False
RNST,2071,EODHD_ONLY,0.0,Insufficient,,Unrated,0.0,False,False,False,False,False
RNST,2071,SEC_ONLY,0.0,Insufficient,,Unrated,0.0,False,False,False,False,False
ROST,2183,FULL,0.0,Insufficient,,Unrated,3.0,False,False,False,False,False
ROST,2183,WITHOUT_EODHD,0.0,Insufficient,,Unrated,3.0,False,False,False,False,False
ROST,2183,WITHOUT_SEC,0.0,Insufficient,,Unrated,3.0,False,False,False,False,False
ROST,2183,EODHD_ONLY,0.0,Insufficient,,Unrated,3.0,False,False,False,False,False
ROST,2183,SEC_ONLY,0.0,Insufficient,,Unrated,3.0,False,False,False,False,False
RPRX,2031,FULL,0.0,Insufficient,,Unrated,0.0,False,False,False,False,False
RPRX,2031,WITHOUT_EODHD,0.0,Insufficient,,Unrated,0.0,False,False,False,False,False
RPRX,2031,WITHOUT_SEC,0.0,Insufficient,,Unrated,0.0,False,False,False,False,False
RPRX,2031,EODHD_ONLY,0.0,Insufficient,,Unrated,0.0,False,False,False,False,False
RPRX,2031,SEC_ONLY,0.0,Insufficient,,Unrated,0.0,False,False,False,False,False
RRC,2180,FULL,0.0,Insufficient,,Unrated,0.0,False,False,False,False,False
RRC,2180,WITHOUT_EODHD,0.0,Insufficient,,Unrated,0.0,False,False,False,False,False
RRC,2180,WITHOUT_SEC,0.0,Insufficient,,Unrated,0.0,False,False,False,False,False
RRC,2180,EODHD_ONLY,0.0,Insufficient,,Unrated,0.0,False,False,False,False,False
RRC,2180,SEC_ONLY,0.0,Insufficient,,Unrated,0.0,False,False,False,False,False
SBCF,2103,FULL,0.0,Insufficient,,Unrated,0.0,False,False,False,False,False
SBCF,2103,WITHOUT_EODHD,0.0,Insufficient,,Unrated,0.0,False,False,False,False,False
SBCF,2103,WITHOUT_SEC,0.0,Insufficient,,Unrated,0.0,False,False,False,False,False
SBCF,2103,EODHD_ONLY,0.0,Insufficient,,Unrated,0.0,False,False,False,False,False
SBCF,2103,SEC_ONLY,0.0,Insufficient,,Unrated,0.0,False,False,False,False,False
SHC,2176,FULL,0.0,Insufficient,,Unrated,0.0,False,False,False,False,False
SHC,2176,WITHOUT_EODHD,0.0,Insufficient,,Unrated,0.0,False,False,False,False,False
SHC,2176,WITHOUT_SEC,0.0,Insufficient,,Unrated,0.0,False,False,False,False,False
SHC,2176,EODHD_ONLY,0.0,Insufficient,,Unrated,0.0,False,False,False,False,False
SHC,2176,SEC_ONLY,0.0,Insufficient,,Unrated,0.0,False,False,False,False,False
SHOO,2181,FULL,0.0,Insufficient,,Unrated,0.0,False,False,False,False,False
SHOO,2181,WITHOUT_EODHD,0.0,Insufficient,,Unrated,0.0,False,False,False,False,False
SHOO,2181,WITHOUT_SEC,0.0,Insufficient,,Unrated,0.0,False,False,False,False,False
SHOO,2181,EODHD_ONLY,0.0,Insufficient,,Unrated,0.0,False,False,False,False,False
SHOO,2181,SEC_ONLY,0.0,Insufficient,,Unrated,0.0,False,False,False,False,False
SKWD,2189,FULL,0.0,Insufficient,,Unrated,0.0,False,False,False,False,False
SKWD,2189,WITHOUT_EODHD,0.0,Insufficient,,Unrated,0.0,False,False,False,False,False
SKWD,2189,WITHOUT_SEC,0.0,Insufficient,,Unrated,0.0,False,False,False,False,False
SKWD,2189,EODHD_ONLY,0.0,Insufficient,,Unrated,0.0,False,False,False,False,False
SKWD,2189,SEC_ONLY,0.0,Insufficient,,Unrated,0.0,False,False,False,False,False
SLDE,2047,FULL,0.0,Insufficient,,Unrated,0.0,False,False,False,False,False
SLDE,2047,WITHOUT_EODHD,0.0,Insufficient,,Unrated,0.0,False,False,False,False,False
SLDE,2047,WITHOUT_SEC,0.0,Insufficient,,Unrated,0.0,False,False,False,False,False
SLDE,2047,EODHD_ONLY,0.0,Insufficient,,Unrated,0.0,False,False,False,False,False
SLDE,2047,SEC_ONLY,0.0,Insufficient,,Unrated,0.0,False,False,False,False,False
SM,2156,FULL,0.0,Insufficient,,Unrated,0.0,False,False,False,False,False
SM,2156,WITHOUT_EODHD,0.0,Insufficient,,Unrated,0.0,False,False,False,False,False
SM,2156,WITHOUT_SEC,0.0,Insufficient,,Unrated,0.0,False,False,False,False,False
SM,2156,EODHD_ONLY,0.0,Insufficient,,Unrated,0.0,False,False,False,False,False
SM,2156,SEC_ONLY,0.0,Insufficient,,Unrated,0.0,False,False,False,False,False
SON,2106,FULL,0.0,Insufficient,,Unrated,0.0,False,False,False,False,False
SON,2106,WITHOUT_EODHD,0.0,Insufficient,,Unrated,0.0,False,False,False,False,False
SON,2106,WITHOUT_SEC,0.0,Insufficient,,Unrated,0.0,False,False,False,False,False
SON,2106,EODHD_ONLY,0.0,Insufficient,,Unrated,0.0,False,False,False,False,False
SON,2106,SEC_ONLY,0.0,Insufficient,,Unrated,0.0,False,False,False,False,False
SSB,2136,FULL,0.0,Insufficient,,Unrated,0.0,False,False,False,False,False
SSB,2136,WITHOUT_EODHD,0.0,Insufficient,,Unrated,0.0,False,False,False,False,False
SSB,2136,WITHOUT_SEC,0.0,Insufficient,,Unrated,0.0,False,False,False,False,False
SSB,2136,EODHD_ONLY,0.0,Insufficient,,Unrated,0.0,False,False,False,False,False
SSB,2136,SEC_ONLY,0.0,Insufficient,,Unrated,0.0,False,False,False,False,False
SUN,2017,FULL,0.0,Insufficient,,Unrated,0.0,False,False,False,False,False
SUN,2017,WITHOUT_EODHD,0.0,Insufficient,,Unrated,0.0,False,False,False,False,False
SUN,2017,WITHOUT_SEC,0.0,Insufficient,,Unrated,0.0,False,False,False,False,False
SUN,2017,EODHD_ONLY,0.0,Insufficient,,Unrated,0.0,False,False,False,False,False
SUN,2017,SEC_ONLY,0.0,Insufficient,,Unrated,0.0,False,False,False,False,False
SXI,2077,FULL,0.0,Insufficient,,Unrated,0.0,False,False,False,False,False
SXI,2077,WITHOUT_EODHD,0.0,Insufficient,,Unrated,0.0,False,False,False,False,False
SXI,2077,WITHOUT_SEC,0.0,Insufficient,,Unrated,0.0,False,False,False,False,False
SXI,2077,EODHD_ONLY,0.0,Insufficient,,Unrated,0.0,False,False,False,False,False
SXI,2077,SEC_ONLY,0.0,Insufficient,,Unrated,0.0,False,False,False,False,False
SXT,2179,FULL,0.0,Insufficient,,Unrated,0.0,False,False,False,False,False
SXT,2179,WITHOUT_EODHD,0.0,Insufficient,,Unrated,0.0,False,False,False,False,False
SXT,2179,WITHOUT_SEC,0.0,Insufficient,,Unrated,0.0,False,False,False,False,False
SXT,2179,EODHD_ONLY,0.0,Insufficient,,Unrated,0.0,False,False,False,False,False
SXT,2179,SEC_ONLY,0.0,Insufficient,,Unrated,0.0,False,False,False,False,False
SYBT,2043,FULL,0.0,Insufficient,,Unrated,0.0,False,False,False,False,False
SYBT,2043,WITHOUT_EODHD,0.0,Insufficient,,Unrated,0.0,False,False,False,False,False
SYBT,2043,WITHOUT_SEC,0.0,Insufficient,,Unrated,0.0,False,False,False,False,False
SYBT,2043,EODHD_ONLY,0.0,Insufficient,,Unrated,0.0,False,False,False,False,False
SYBT,2043,SEC_ONLY,0.0,Insufficient,,Unrated,0.0,False,False,False,False,False
TENB,2188,FULL,0.0,Insufficient,,Unrated,0.0,False,False,False,False,False
TENB,2188,WITHOUT_EODHD,0.0,Insufficient,,Unrated,0.0,False,False,False,False,False
TENB,2188,WITHOUT_SEC,0.0,Insufficient,,Unrated,0.0,False,False,False,False,False
TENB,2188,EODHD_ONLY,0.0,Insufficient,,Unrated,0.0,False,False,False,False,False
TENB,2188,SEC_ONLY,0.0,Insufficient,,Unrated,0.0,False,False,False,False,False
TER,2001,FULL,0.0,Insufficient,,Unrated,0.0,False,False,False,False,False
TER,2001,WITHOUT_EODHD,0.0,Insufficient,,Unrated,0.0,False,False,False,False,False
TER,2001,WITHOUT_SEC,0.0,Insufficient,,Unrated,0.0,False,False,False,False,False
TER,2001,EODHD_ONLY,0.0,Insufficient,,Unrated,0.0,False,False,False,False,False
TER,2001,SEC_ONLY,0.0,Insufficient,,Unrated,0.0,False,False,False,False,False
TEX,2089,FULL,0.0,Insufficient,,Unrated,0.0,False,False,False,False,False
TEX,2089,WITHOUT_EODHD,0.0,Insufficient,,Unrated,0.0,False,False,False,False,False
TEX,2089,WITHOUT_SEC,0.0,Insufficient,,Unrated,0.0,False,False,False,False,False
TEX,2089,EODHD_ONLY,0.0,Insufficient,,Unrated,0.0,False,False,False,False,False
TEX,2089,SEC_ONLY,0.0,Insufficient,,Unrated,0.0,False,False,False,False,False
TFIN,2116,FULL,0.0,Insufficient,,Unrated,0.0,False,False,False,False,False
TFIN,2116,WITHOUT_EODHD,0.0,Insufficient,,Unrated,0.0,False,False,False,False,False
TFIN,2116,WITHOUT_SEC,0.0,Insufficient,,Unrated,0.0,False,False,False,False,False
TFIN,2116,EODHD_ONLY,0.0,Insufficient,,Unrated,0.0,False,False,False,False,False
TFIN,2116,SEC_ONLY,0.0,Insufficient,,Unrated,0.0,False,False,False,False,False
THRM,2133,FULL,0.0,Insufficient,,Unrated,0.0,False,False,False,False,False
THRM,2133,WITHOUT_EODHD,0.0,Insufficient,,Unrated,0.0,False,False,False,False,False
THRM,2133,WITHOUT_SEC,0.0,Insufficient,,Unrated,0.0,False,False,False,False,False
THRM,2133,EODHD_ONLY,0.0,Insufficient,,Unrated,0.0,False,False,False,False,False
THRM,2133,SEC_ONLY,0.0,Insufficient,,Unrated,0.0,False,False,False,False,False
TIGO,2052,FULL,0.0,Insufficient,,Unrated,0.0,False,False,False,False,False
TIGO,2052,WITHOUT_EODHD,0.0,Insufficient,,Unrated,0.0,False,False,False,False,False
TIGO,2052,WITHOUT_SEC,0.0,Insufficient,,Unrated,0.0,False,False,False,False,False
TIGO,2052,EODHD_ONLY,0.0,Insufficient,,Unrated,0.0,False,False,False,False,False
TIGO,2052,SEC_ONLY,0.0,Insufficient,,Unrated,0.0,False,False,False,False,False
TNK,2003,FULL,0.0,Insufficient,,Unrated,0.0,False,False,False,False,False
TNK,2003,WITHOUT_EODHD,0.0,Insufficient,,Unrated,0.0,False,False,False,False,False
TNK,2003,WITHOUT_SEC,0.0,Insufficient,,Unrated,0.0,False,False,False,False,False
TNK,2003,EODHD_ONLY,0.0,Insufficient,,Unrated,0.0,False,False,False,False,False
TNK,2003,SEC_ONLY,0.0,Insufficient,,Unrated,0.0,False,False,False,False,False
TPR,2192,FULL,0.0,Insufficient,,Unrated,5.0,False,False,False,False,False
TPR,2192,WITHOUT_EODHD,0.0,Insufficient,,Unrated,5.0,False,False,False,False,False
TPR,2192,WITHOUT_SEC,0.0,Insufficient,,Unrated,5.0,False,False,False,False,False
TPR,2192,EODHD_ONLY,0.0,Insufficient,,Unrated,5.0,False,False,False,False,False
TPR,2192,SEC_ONLY,0.0,Insufficient,,Unrated,5.0,False,False,False,False,False
TRIN,2104,FULL,0.0,Insufficient,,Unrated,0.0,False,False,False,False,False
TRIN,2104,WITHOUT_EODHD,0.0,Insufficient,,Unrated,0.0,False,False,False,False,False
TRIN,2104,WITHOUT_SEC,0.0,Insufficient,,Unrated,0.0,False,False,False,False,False
TRIN,2104,EODHD_ONLY,0.0,Insufficient,,Unrated,0.0,False,False,False,False,False
TRIN,2104,SEC_ONLY,0.0,Insufficient,,Unrated,0.0,False,False,False,False,False
TSEM,2004,FULL,0.0,Insufficient,,Unrated,0.0,False,False,False,False,False
TSEM,2004,WITHOUT_EODHD,0.0,Insufficient,,Unrated,0.0,False,False,False,False,False
TSEM,2004,WITHOUT_SEC,0.0,Insufficient,,Unrated,0.0,False,False,False,False,False
TSEM,2004,EODHD_ONLY,0.0,Insufficient,,Unrated,0.0,False,False,False,False,False
TSEM,2004,SEC_ONLY,0.0,Insufficient,,Unrated,0.0,False,False,False,False,False
UAL,2173,FULL,0.0,Insufficient,,Unrated,0.0,False,False,False,False,False
UAL,2173,WITHOUT_EODHD,0.0,Insufficient,,Unrated,0.0,False,False,False,False,False
UAL,2173,WITHOUT_SEC,0.0,Insufficient,,Unrated,0.0,False,False,False,False,False
UAL,2173,EODHD_ONLY,0.0,Insufficient,,Unrated,0.0,False,False,False,False,False
UAL,2173,SEC_ONLY,0.0,Insufficient,,Unrated,0.0,False,False,False,False,False
UMBF,2059,FULL,0.0,Insufficient,,Unrated,0.0,False,False,False,False,False
UMBF,2059,WITHOUT_EODHD,0.0,Insufficient,,Unrated,0.0,False,False,False,False,False
UMBF,2059,WITHOUT_SEC,0.0,Insufficient,,Unrated,0.0,False,False,False,False,False
UMBF,2059,EODHD_ONLY,0.0,Insufficient,,Unrated,0.0,False,False,False,False,False
UMBF,2059,SEC_ONLY,0.0,Insufficient,,Unrated,0.0,False,False,False,False,False
VIK,2030,FULL,0.0,Insufficient,,Unrated,3.0,False,False,False,False,False
VIK,2030,WITHOUT_EODHD,0.0,Insufficient,,Unrated,3.0,False,False,False,False,False
VIK,2030,WITHOUT_SEC,0.0,Insufficient,,Unrated,3.0,False,False,False,False,False
VIK,2030,EODHD_ONLY,0.0,Insufficient,,Unrated,3.0,False,False,False,False,False
VIK,2030,SEC_ONLY,0.0,Insufficient,,Unrated,3.0,False,False,False,False,False
VRTX,2167,FULL,0.0,Insufficient,,Unrated,0.0,False,False,False,False,False
VRTX,2167,WITHOUT_EODHD,0.0,Insufficient,,Unrated,0.0,False,False,False,False,False
VRTX,2167,WITHOUT_SEC,0.0,Insufficient,,Unrated,0.0,False,False,False,False,False
VRTX,2167,EODHD_ONLY,0.0,Insufficient,,Unrated,0.0,False,False,False,False,False
VRTX,2167,SEC_ONLY,0.0,Insufficient,,Unrated,0.0,False,False,False,False,False
WAB,2171,FULL,0.0,Insufficient,,Unrated,0.0,False,False,False,False,False
WAB,2171,WITHOUT_EODHD,0.0,Insufficient,,Unrated,0.0,False,False,False,False,False
WAB,2171,WITHOUT_SEC,0.0,Insufficient,,Unrated,0.0,False,False,False,False,False
WAB,2171,EODHD_ONLY,0.0,Insufficient,,Unrated,0.0,False,False,False,False,False
WAB,2171,SEC_ONLY,0.0,Insufficient,,Unrated,0.0,False,False,False,False,False
WCC,2159,FULL,0.0,Insufficient,,Unrated,0.0,False,False,False,False,False
WCC,2159,WITHOUT_EODHD,0.0,Insufficient,,Unrated,0.0,False,False,False,False,False
WCC,2159,WITHOUT_SEC,0.0,Insufficient,,Unrated,0.0,False,False,False,False,False
WCC,2159,EODHD_ONLY,0.0,Insufficient,,Unrated,0.0,False,False,False,False,False
WCC,2159,SEC_ONLY,0.0,Insufficient,,Unrated,0.0,False,False,False,False,False
WES,2125,FULL,0.0,Insufficient,,Unrated,0.0,False,False,False,False,False
WES,2125,WITHOUT_EODHD,0.0,Insufficient,,Unrated,0.0,False,False,False,False,False
WES,2125,WITHOUT_SEC,0.0,Insufficient,,Unrated,0.0,False,False,False,False,False
WES,2125,EODHD_ONLY,0.0,Insufficient,,Unrated,0.0,False,False,False,False,False
WES,2125,SEC_ONLY,0.0,Insufficient,,Unrated,0.0,False,False,False,False,False
WMB,2039,FULL,0.0,Insufficient,,Unrated,0.0,False,False,False,False,False
WMB,2039,WITHOUT_EODHD,0.0,Insufficient,,Unrated,0.0,False,False,False,False,False
WMB,2039,WITHOUT_SEC,0.0,Insufficient,,Unrated,0.0,False,False,False,False,False
WMB,2039,EODHD_ONLY,0.0,Insufficient,,Unrated,0.0,False,False,False,False,False
WMB,2039,SEC_ONLY,0.0,Insufficient,,Unrated,0.0,False,False,False,False,False
WSBC,2108,FULL,0.0,Insufficient,,Unrated,0.0,False,False,False,False,False
WSBC,2108,WITHOUT_EODHD,0.0,Insufficient,,Unrated,0.0,False,False,False,False,False
WSBC,2108,WITHOUT_SEC,0.0,Insufficient,,Unrated,0.0,False,False,False,False,False
WSBC,2108,EODHD_ONLY,0.0,Insufficient,,Unrated,0.0,False,False,False,False,False
WSBC,2108,SEC_ONLY,0.0,Insufficient,,Unrated,0.0,False,False,False,False,False
WST,2120,FULL,0.0,Insufficient,,Unrated,0.0,False,False,False,False,False
WST,2120,WITHOUT_EODHD,0.0,Insufficient,,Unrated,0.0,False,False,False,False,False
WST,2120,WITHOUT_SEC,0.0,Insufficient,,Unrated,0.0,False,False,False,False,False
WST,2120,EODHD_ONLY,0.0,Insufficient,,Unrated,0.0,False,False,False,False,False
WST,2120,SEC_ONLY,0.0,Insufficient,,Unrated,0.0,False,False,False,False,False
WTS,2112,FULL,0.0,Insufficient,,Unrated,0.0,False,False,False,False,False
WTS,2112,WITHOUT_EODHD,0.0,Insufficient,,Unrated,0.0,False,False,False,False,False
WTS,2112,WITHOUT_SEC,0.0,Insufficient,,Unrated,0.0,False,False,False,False,False
WTS,2112,EODHD_ONLY,0.0,Insufficient,,Unrated,0.0,False,False,False,False,False
WTS,2112,SEC_ONLY,0.0,Insufficient,,Unrated,0.0,False,False,False,False,False
XOM,2140,FULL,0.0,Insufficient,,Unrated,0.0,False,False,False,False,False
XOM,2140,WITHOUT_EODHD,0.0,Insufficient,,Unrated,0.0,False,False,False,False,False
XOM,2140,WITHOUT_SEC,0.0,Insufficient,,Unrated,0.0,False,False,False,False,False
XOM,2140,EODHD_ONLY,0.0,Insufficient,,Unrated,0.0,False,False,False,False,False
XOM,2140,SEC_ONLY,0.0,Insufficient,,Unrated,0.0,False,False,False,False,False
XPEL,2034,FULL,0.0,Insufficient,,Unrated,0.0,False,False,False,False,False
XPEL,2034,WITHOUT_EODHD,0.0,Insufficient,,Unrated,0.0,False,False,False,False,False
XPEL,2034,WITHOUT_SEC,0.0,Insufficient,,Unrated,0.0,False,False,False,False,False
XPEL,2034,EODHD_ONLY,0.0,Insufficient,,Unrated,0.0,False,False,False,False,False
XPEL,2034,SEC_ONLY,0.0,Insufficient,,Unrated,0.0,False,False,False,False,False
ZWS,2184,FULL,0.0,Insufficient,,Unrated,0.0,False,False,False,False,False
ZWS,2184,WITHOUT_EODHD,0.0,Insufficient,,Unrated,0.0,False,False,False,False,False
ZWS,2184,WITHOUT_SEC,0.0,Insufficient,,Unrated,0.0,False,False,False,False,False
ZWS,2184,EODHD_ONLY,0.0,Insufficient,,Unrated,0.0,False,False,False,False,False
ZWS,2184,SEC_ONLY,0.0,Insufficient,,Unrated,0.0,False,False,False,False,False
