ticker,snapshot_id,company_id,as_of_session,cutoff_at,eodhd_evidence_count,sec_evidence_count,available_components,missing_components,component_coverage,independently_calculated_coverage,stored_ceri_score,recalculated_ceri_score,stored_event_risk,recalculated_event_risk,confidence,confidence_coverage_pct,rating,stored_evidence_hash,reproduced_evidence_hash,reconstruction_match,selected_guidance_ids,change_events,alerts,anomaly_flags
AEIS,2018,2,2026-08-13,2026-08-13 19:12:51.330758+02:00,10,600,[],"[""revision_magnitude"", ""revision_breadth"", ""revision_acceleration"", ""surprise_trend"", ""guidance"", ""catalysts"", ""price_response""]",0.0,0.0,,,0.0,0.0,Insufficient,0.0,Unrated,99ff1dac32a732bd8ecd5c4c6cb8d973e63a24db67531714030c433bd0fcf6ef,99ff1dac32a732bd8ecd5c4c6cb8d973e63a24db67531714030c433bd0fcf6ef,True,[],1,0,"[""NULL_SCORE_OPPORTUNITY_UPGRADE"", ""NO_AVAILABLE_OPPORTUNITY_COMPONENTS""]"
AGNC,2146,4,2026-08-13,2026-08-13 19:12:51.330758+02:00,13,571,[],"[""revision_magnitude"", ""revision_breadth"", ""revision_acceleration"", ""surprise_trend"", ""guidance"", ""catalysts"", ""price_response""]",0.0,0.0,,,0.0,0.0,Insufficient,0.0,Unrated,bbca1b2e87418801aa7e7f43d3edde27b154bc85015c559b6db24cb716dd3c2b,bbca1b2e87418801aa7e7f43d3edde27b154bc85015c559b6db24cb716dd3c2b,True,[],1,0,"[""NULL_SCORE_OPPORTUNITY_UPGRADE"", ""NO_AVAILABLE_OPPORTUNITY_COMPONENTS""]"
AIR,2041,6,2026-08-13,2026-08-13 19:12:51.330758+02:00,10,218,[],"[""revision_magnitude"", ""revision_breadth"", ""revision_acceleration"", ""surprise_trend"", ""guidance"", ""catalysts"", ""price_response""]",0.0,0.0,,,0.0,0.0,Insufficient,0.0,Unrated,f83f47aa15e306e3d8e9c9e8af7784caedfce92a86676066b4a63f84b8c24a6e,f83f47aa15e306e3d8e9c9e8af7784caedfce92a86676066b4a63f84b8c24a6e,True,[],1,0,"[""NULL_SCORE_OPPORTUNITY_UPGRADE"", ""NO_AVAILABLE_OPPORTUNITY_COMPONENTS""]"
AIZ,2147,7,2026-08-13,2026-08-13 19:12:51.330758+02:00,13,0,[],"[""revision_magnitude"", ""revision_breadth"", ""revision_acceleration"", ""surprise_trend"", ""guidance"", ""catalysts"", ""price_response""]",0.0,0.0,,,0.0,0.0,Insufficient,0.0,Unrated,e658dd44f9966e3bfa2714e2c20e86abd952971723dd65963a64c37d70b87cd3,e658dd44f9966e3bfa2714e2c20e86abd952971723dd65963a64c37d70b87cd3,True,[],1,0,"[""NULL_SCORE_OPPORTUNITY_UPGRADE"", ""NO_AVAILABLE_OPPORTUNITY_COMPONENTS""]"
ALKS,2035,633,2026-08-13,2026-08-13 19:12:51.330758+02:00,6,0,[],"[""revision_magnitude"", ""revision_breadth"", ""revision_acceleration"", ""surprise_trend"", ""guidance"", ""catalysts"", ""price_response""]",0.0,0.0,,,0.0,0.0,Insufficient,0.0,Unrated,b1fd6116dcd05113076f33ccb1a8bf5a90a7533a0681df733d8f534d0525274d,b1fd6116dcd05113076f33ccb1a8bf5a90a7533a0681df733d8f534d0525274d,True,[],1,1,"[""NULL_SCORE_OPPORTUNITY_UPGRADE"", ""UNRATED_ACTIONABLE_ALERT"", ""NO_AVAILABLE_OPPORTUNITY_COMPONENTS""]"
ALSN,2175,8,2026-08-13,2026-08-13 19:12:51.330758+02:00,7,0,[],"[""revision_magnitude"", ""revision_breadth"", ""revision_acceleration"", ""surprise_trend"", ""guidance"", ""catalysts"", ""price_response""]",0.0,0.0,,,0.0,0.0,Insufficient,0.0,Unrated,08f28358e48ea8142040682bfe608b770253e3363f09567ddea052af3adcb9cc,08f28358e48ea8142040682bfe608b770253e3363f09567ddea052af3adcb9cc,True,[],1,0,"[""NULL_SCORE_OPPORTUNITY_UPGRADE"", ""NO_AVAILABLE_OPPORTUNITY_COMPONENTS""]"
AME,2083,202,2026-08-13,2026-08-13 19:12:51.330758+02:00,14,0,[],"[""revision_magnitude"", ""revision_breadth"", ""revision_acceleration"", ""surprise_trend"", ""guidance"", ""catalysts"", ""price_response""]",0.0,0.0,,,0.0,0.0,Insufficient,0.0,Unrated,eb96c2f03ef69d0659424040ff423a2af320c20aa20d000da25ee0b0aa8d60fc,eb96c2f03ef69d0659424040ff423a2af320c20aa20d000da25ee0b0aa8d60fc,True,[],1,0,"[""NULL_SCORE_OPPORTUNITY_UPGRADE"", ""NO_AVAILABLE_OPPORTUNITY_COMPONENTS""]"
AMG,2076,9,2026-08-13,2026-08-13 19:12:51.330758+02:00,15,0,[],"[""revision_magnitude"", ""revision_breadth"", ""revision_acceleration"", ""surprise_trend"", ""guidance"", ""catalysts"", ""price_response""]",0.0,0.0,,,0.0,0.0,Insufficient,0.0,Unrated,d8ab31a733a3e371e022bb98c280fedb0d32d9341dd473be846d1a0dd2b53cf2,d8ab31a733a3e371e022bb98c280fedb0d32d9341dd473be846d1a0dd2b53cf2,True,[],1,0,"[""NULL_SCORE_OPPORTUNITY_UPGRADE"", ""NO_AVAILABLE_OPPORTUNITY_COMPONENTS""]"
AMZN,2185,10,2026-08-13,2026-08-13 19:12:51.330758+02:00,174,436,[],"[""revision_magnitude"", ""revision_breadth"", ""revision_acceleration"", ""surprise_trend"", ""guidance"", ""catalysts"", ""price_response""]",0.0,0.0,,,0.0,0.0,Insufficient,0.0,Unrated,c417dd5645090036fdbe99ae0e969f3ca8d8ed6b6f2f8ec9423dcc1c9ef8c184,c417dd5645090036fdbe99ae0e969f3ca8d8ed6b6f2f8ec9423dcc1c9ef8c184,True,[],1,0,"[""NULL_SCORE_OPPORTUNITY_UPGRADE"", ""NO_AVAILABLE_OPPORTUNITY_COMPONENTS""]"
APG,2051,12,2026-08-13,2026-08-13 19:12:51.330758+02:00,5,0,[],"[""revision_magnitude"", ""revision_breadth"", ""revision_acceleration"", ""surprise_trend"", ""guidance"", ""catalysts"", ""price_response""]",0.0,0.0,,,0.0,0.0,Insufficient,0.0,Unrated,c72af4358be392d536d9f3e4cd23e18839711dff16610a2572048c1c331f5f1d,c72af4358be392d536d9f3e4cd23e18839711dff16610a2572048c1c331f5f1d,True,[],1,0,"[""NULL_SCORE_OPPORTUNITY_UPGRADE"", ""NO_AVAILABLE_OPPORTUNITY_COMPONENTS""]"
APH,2049,13,2026-08-13,2026-08-13 19:12:51.330758+02:00,24,0,[],"[""revision_magnitude"", ""revision_breadth"", ""revision_acceleration"", ""surprise_trend"", ""guidance"", ""catalysts"", ""price_response""]",0.0,0.0,,,0.0,0.0,Insufficient,0.0,Unrated,626f0114605277e639db6a8d1870a734cd9c6218f583b031daf111a4fee821bc,626f0114605277e639db6a8d1870a734cd9c6218f583b031daf111a4fee821bc,True,[],1,0,"[""NULL_SCORE_OPPORTUNITY_UPGRADE"", ""NO_AVAILABLE_OPPORTUNITY_COMPONENTS""]"
AR,2172,511,2026-08-13,2026-08-13 19:12:51.330758+02:00,7,423,[],"[""revision_magnitude"", ""revision_breadth"", ""revision_acceleration"", ""surprise_trend"", ""guidance"", ""catalysts"", ""price_response""]",0.0,0.0,,,0.0,0.0,Insufficient,0.0,Unrated,a972d6d94d217f4a666353028ba7fa860483bf6c7d0498308b87da6ed0489592,a972d6d94d217f4a666353028ba7fa860483bf6c7d0498308b87da6ed0489592,True,[],1,0,"[""NULL_SCORE_OPPORTUNITY_UPGRADE"", ""NO_AVAILABLE_OPPORTUNITY_COMPONENTS""]"
ARMK,2152,634,2026-08-13,2026-08-13 19:12:51.330758+02:00,20,0,[],"[""revision_magnitude"", ""revision_breadth"", ""revision_acceleration"", ""surprise_trend"", ""guidance"", ""catalysts"", ""price_response""]",0.0,0.0,,,0.0,0.0,Insufficient,0.0,Unrated,c936c04fd3b368102226fe97c19a1a044162afd0cd560ca96db39b77c5ac8ecf,c936c04fd3b368102226fe97c19a1a044162afd0cd560ca96db39b77c5ac8ecf,True,[],1,1,"[""NULL_SCORE_OPPORTUNITY_UPGRADE"", ""UNRATED_ACTIONABLE_ALERT"", ""NO_AVAILABLE_OPPORTUNITY_COMPONENTS""]"
ASB,2086,14,2026-08-13,2026-08-13 19:12:51.330758+02:00,7,410,[],"[""revision_magnitude"", ""revision_breadth"", ""revision_acceleration"", ""surprise_trend"", ""guidance"", ""catalysts"", ""price_response""]",0.0,0.0,,,0.0,0.0,Insufficient,0.0,Unrated,b4e915ed03c2178251181008dbb23b8eaf28647b9bae61efe90bf26e5f6a2d3f,b4e915ed03c2178251181008dbb23b8eaf28647b9bae61efe90bf26e5f6a2d3f,True,[],1,0,"[""NULL_SCORE_OPPORTUNITY_UPGRADE"", ""NO_AVAILABLE_OPPORTUNITY_COMPONENTS""]"
ASC,2025,15,2026-08-13,2026-08-13 19:12:51.330758+02:00,5,0,[],"[""revision_magnitude"", ""revision_breadth"", ""revision_acceleration"", ""surprise_trend"", ""guidance"", ""catalysts"", ""price_response""]",0.0,0.0,,,0.0,0.0,Insufficient,0.0,Unrated,3d78f5011b5a2484e7bca73a98352da1e6a023a010764e53403356262ee1e848,3d78f5011b5a2484e7bca73a98352da1e6a023a010764e53403356262ee1e848,True,[],1,0,"[""NULL_SCORE_OPPORTUNITY_UPGRADE"", ""NO_AVAILABLE_OPPORTUNITY_COMPONENTS""]"
ASND,2114,16,2026-08-13,2026-08-13 19:12:51.330758+02:00,9,261,[],"[""revision_magnitude"", ""revision_breadth"", ""revision_acceleration"", ""surprise_trend"", ""guidance"", ""catalysts"", ""price_response""]",0.0,0.0,,,5.0,5.0,Insufficient,0.0,Unrated,b7bfa5fcc6a8753f4eb0a79681d58be875d1ceb81a2e3f1c1cf6656fc570c22e,b7bfa5fcc6a8753f4eb0a79681d58be875d1ceb81a2e3f1c1cf6656fc570c22e,True,[],1,0,"[""NULL_SCORE_OPPORTUNITY_UPGRADE"", ""NO_AVAILABLE_OPPORTUNITY_COMPONENTS""]"
AUB,2092,587,2026-08-13,2026-08-13 19:12:51.330758+02:00,5,714,[],"[""revision_magnitude"", ""revision_breadth"", ""revision_acceleration"", ""surprise_trend"", ""guidance"", ""catalysts"", ""price_response""]",0.0,0.0,,,0.0,0.0,Insufficient,0.0,Unrated,4dfa6845d2436e4c1547ce2e9ff612e2734c86af258f82bc0c2d5d44d76b76db,4dfa6845d2436e4c1547ce2e9ff612e2734c86af258f82bc0c2d5d44d76b76db,True,[],1,1,"[""NULL_SCORE_OPPORTUNITY_UPGRADE"", ""UNRATED_ACTIONABLE_ALERT"", ""NO_AVAILABLE_OPPORTUNITY_COMPONENTS""]"
AVGO,2135,19,2026-08-13,2026-08-13 19:12:51.330758+02:00,112,741,[],"[""revision_magnitude"", ""revision_breadth"", ""revision_acceleration"", ""surprise_trend"", ""guidance"", ""catalysts"", ""price_response""]",0.0,0.0,,,0.0,0.0,Insufficient,0.0,Unrated,84edfdcad9d9e15e19f752638b762f4f1c50d27fa9d9858496d2bd02651a03c1,84edfdcad9d9e15e19f752638b762f4f1c50d27fa9d9858496d2bd02651a03c1,True,[],1,0,"[""NULL_SCORE_OPPORTUNITY_UPGRADE"", ""NO_AVAILABLE_OPPORTUNITY_COMPONENTS""]"
AVT,2055,20,2026-08-13,2026-08-13 19:12:51.330758+02:00,20,0,[],"[""revision_magnitude"", ""revision_breadth"", ""revision_acceleration"", ""surprise_trend"", ""guidance"", ""catalysts"", ""price_response""]",0.0,0.0,,,0.0,0.0,Insufficient,0.0,Unrated,18d7e10c4e07829f68456e8154911d8f85b3b4c24ad83d69e6a99a037585dade,18d7e10c4e07829f68456e8154911d8f85b3b4c24ad83d69e6a99a037585dade,True,[],1,0,"[""NULL_SCORE_OPPORTUNITY_UPGRADE"", ""NO_AVAILABLE_OPPORTUNITY_COMPONENTS""]"
AWR,1996,21,2026-08-13,2026-08-13 19:12:51.330758+02:00,16,1725,[],"[""revision_magnitude"", ""revision_breadth"", ""revision_acceleration"", ""surprise_trend"", ""guidance"", ""catalysts"", ""price_response""]",0.0,0.0,,,0.0,0.0,Insufficient,0.0,Unrated,575475cb90022b2cf65a27d098d44b7032730e7238725d69c3ba236b5e583478,575475cb90022b2cf65a27d098d44b7032730e7238725d69c3ba236b5e583478,True,[],1,0,"[""NULL_SCORE_OPPORTUNITY_UPGRADE"", ""NO_AVAILABLE_OPPORTUNITY_COMPONENTS""]"
AX,2138,22,2026-08-13,2026-08-13 19:12:51.330758+02:00,5,533,[],"[""revision_magnitude"", ""revision_breadth"", ""revision_acceleration"", ""surprise_trend"", ""guidance"", ""catalysts"", ""price_response""]",0.0,0.0,,,0.0,0.0,Insufficient,0.0,Unrated,c99321fe841ad5bb224aec7d297e146f631966ae3e76579e8ab257b7f64e362b,c99321fe841ad5bb224aec7d297e146f631966ae3e76579e8ab257b7f64e362b,True,[],1,0,"[""NULL_SCORE_OPPORTUNITY_UPGRADE"", ""NO_AVAILABLE_OPPORTUNITY_COMPONENTS""]"
AXP,2073,635,2026-08-13,2026-08-13 19:12:51.330758+02:00,26,0,[],"[""revision_magnitude"", ""revision_breadth"", ""revision_acceleration"", ""surprise_trend"", ""guidance"", ""catalysts"", ""price_response""]",0.0,0.0,,,0.0,0.0,Insufficient,0.0,Unrated,dcf3d8969a5796067580bc8cf98f3215f2c9eeeaff0a15f9e691bad9775e35c5,dcf3d8969a5796067580bc8cf98f3215f2c9eeeaff0a15f9e691bad9775e35c5,True,[],1,1,"[""NULL_SCORE_OPPORTUNITY_UPGRADE"", ""UNRATED_ACTIONABLE_ALERT"", ""NO_AVAILABLE_OPPORTUNITY_COMPONENTS""]"
AYI,2078,23,2026-08-13,2026-08-13 19:12:51.330758+02:00,7,706,[],"[""revision_magnitude"", ""revision_breadth"", ""revision_acceleration"", ""surprise_trend"", ""guidance"", ""catalysts"", ""price_response""]",0.0,0.0,,,0.0,0.0,Insufficient,0.0,Unrated,e1bd5d24f21904a969a8477b32efc8a90620be71a2d9e0bb6aeeedbb56aa2270,e1bd5d24f21904a969a8477b32efc8a90620be71a2d9e0bb6aeeedbb56aa2270,True,[],1,0,"[""NULL_SCORE_OPPORTUNITY_UPGRADE"", ""NO_AVAILABLE_OPPORTUNITY_COMPONENTS""]"
BCPC,2111,512,2026-08-13,2026-08-13 19:12:51.330758+02:00,4,0,[],"[""revision_magnitude"", ""revision_breadth"", ""revision_acceleration"", ""surprise_trend"", ""guidance"", ""catalysts"", ""price_response""]",0.0,0.0,,,0.0,0.0,Insufficient,0.0,Unrated,9ef6cf8a10bd9ad5bf495e467f87cd6beb7a6999909060106b1b7489188fa470,9ef6cf8a10bd9ad5bf495e467f87cd6beb7a6999909060106b1b7489188fa470,True,[],1,0,"[""NULL_SCORE_OPPORTUNITY_UPGRADE"", ""NO_AVAILABLE_OPPORTUNITY_COMPONENTS""]"
BEN,2090,24,2026-08-13,2026-08-13 19:12:51.330758+02:00,13,0,[],"[""revision_magnitude"", ""revision_breadth"", ""revision_acceleration"", ""surprise_trend"", ""guidance"", ""catalysts"", ""price_response""]",0.0,0.0,,,0.0,0.0,Insufficient,0.0,Unrated,d6f923e71693f56d4a258e23e1324a339ee32f218b485dd18d4ecf452e07bc69,d6f923e71693f56d4a258e23e1324a339ee32f218b485dd18d4ecf452e07bc69,True,[],1,0,"[""NULL_SCORE_OPPORTUNITY_UPGRADE"", ""NO_AVAILABLE_OPPORTUNITY_COMPONENTS""]"
BFC,2131,25,2026-08-13,2026-08-13 19:12:51.330758+02:00,5,552,[],"[""revision_magnitude"", ""revision_breadth"", ""revision_acceleration"", ""surprise_trend"", ""guidance"", ""catalysts"", ""price_response""]",0.0,0.0,,,0.0,0.0,Insufficient,0.0,Unrated,1c8972debdc00e0ae402e85a3016497dd311e4baf4ccdf2c2765ab7d3793ce75,1c8972debdc00e0ae402e85a3016497dd311e4baf4ccdf2c2765ab7d3793ce75,True,[],1,0,"[""NULL_SCORE_OPPORTUNITY_UPGRADE"", ""NO_AVAILABLE_OPPORTUNITY_COMPONENTS""]"
BIP,1997,636,2026-08-13,2026-08-13 19:12:51.330758+02:00,5,0,[],"[""revision_magnitude"", ""revision_breadth"", ""revision_acceleration"", ""surprise_trend"", ""guidance"", ""catalysts"", ""price_response""]",0.0,0.0,,,0.0,0.0,Insufficient,0.0,Unrated,fdbb809d7fbd973a192c479897860b545222544e8bdf227913a77decbe8b573e,fdbb809d7fbd973a192c479897860b545222544e8bdf227913a77decbe8b573e,True,[],1,1,"[""NULL_SCORE_OPPORTUNITY_UPGRADE"", ""UNRATED_ACTIONABLE_ALERT"", ""NO_AVAILABLE_OPPORTUNITY_COMPONENTS""]"
BRC,2129,26,2026-08-13,2026-08-13 19:12:51.330758+02:00,6,823,[],"[""revision_magnitude"", ""revision_breadth"", ""revision_acceleration"", ""surprise_trend"", ""guidance"", ""catalysts"", ""price_response""]",0.0,0.0,,,0.0,0.0,Insufficient,0.0,Unrated,523b581012ffe925531b263533164ad1d8ee87bb37aaee5962cfc0d0cbf673cb,523b581012ffe925531b263533164ad1d8ee87bb37aaee5962cfc0d0cbf673cb,True,[],1,0,"[""NULL_SCORE_OPPORTUNITY_UPGRADE"", ""NO_AVAILABLE_OPPORTUNITY_COMPONENTS""]"
BUSE,2096,28,2026-08-13,2026-08-13 19:12:51.330758+02:00,6,585,[],"[""revision_magnitude"", ""revision_breadth"", ""revision_acceleration"", ""surprise_trend"", ""guidance"", ""catalysts"", ""price_response""]",0.0,0.0,,,0.0,0.0,Insufficient,0.0,Unrated,1b3ae957edda228960321008ccf8e0555aae0f7d5a04800cf85ec93166129740,1b3ae957edda228960321008ccf8e0555aae0f7d5a04800cf85ec93166129740,True,[],1,0,"[""NULL_SCORE_OPPORTUNITY_UPGRADE"", ""NO_AVAILABLE_OPPORTUNITY_COMPONENTS""]"
CBL,2117,30,2026-08-13,2026-08-13 19:12:51.330758+02:00,4,0,[],"[""revision_magnitude"", ""revision_breadth"", ""revision_acceleration"", ""surprise_trend"", ""guidance"", ""catalysts"", ""price_response""]",0.0,0.0,,,0.0,0.0,Insufficient,0.0,Unrated,f4e52943b2fc8ec6167864771c40bcadd9eef8daa15201f125d55a661eed0013,f4e52943b2fc8ec6167864771c40bcadd9eef8daa15201f125d55a661eed0013,True,[],1,0,"[""NULL_SCORE_OPPORTUNITY_UPGRADE"", ""NO_AVAILABLE_OPPORTUNITY_COMPONENTS""]"
CBOE,2019,31,2026-08-13,2026-08-13 19:12:51.330758+02:00,10,0,[],"[""revision_magnitude"", ""revision_breadth"", ""revision_acceleration"", ""surprise_trend"", ""guidance"", ""catalysts"", ""price_response""]",0.0,0.0,,,0.0,0.0,Insufficient,0.0,Unrated,20544dc10e0210e58fecf91e9db4eb949cc90a557ecf51ddde21b9c705ef646d,20544dc10e0210e58fecf91e9db4eb949cc90a557ecf51ddde21b9c705ef646d,True,[],1,0,"[""NULL_SCORE_OPPORTUNITY_UPGRADE"", ""NO_AVAILABLE_OPPORTUNITY_COMPONENTS""]"
CCEP,2105,32,2026-08-13,2026-08-13 19:12:51.330758+02:00,4,1730,[],"[""revision_magnitude"", ""revision_breadth"", ""revision_acceleration"", ""surprise_trend"", ""guidance"", ""catalysts"", ""price_response""]",0.0,0.0,,,0.0,0.0,Insufficient,0.0,Unrated,c63375187d6c598a9f8c1132cc4a0418586be3f66e4c4c5e6df1ab51248e0d8f,c63375187d6c598a9f8c1132cc4a0418586be3f66e4c4c5e6df1ab51248e0d8f,True,[],1,0,"[""NULL_SCORE_OPPORTUNITY_UPGRADE"", ""NO_AVAILABLE_OPPORTUNITY_COMPONENTS""]"
CCK,2101,33,2026-08-13,2026-08-13 19:12:51.330758+02:00,9,0,[],"[""revision_magnitude"", ""revision_breadth"", ""revision_acceleration"", ""surprise_trend"", ""guidance"", ""catalysts"", ""price_response""]",0.0,0.0,,,0.0,0.0,Insufficient,0.0,Unrated,3c54cc147b1cc02e9d3e4e2ab4ebf1c02ba159b50f1603426bc3f70f4f4fbf97,3c54cc147b1cc02e9d3e4e2ab4ebf1c02ba159b50f1603426bc3f70f4f4fbf97,True,[],1,0,"[""NULL_SCORE_OPPORTUNITY_UPGRADE"", ""NO_AVAILABLE_OPPORTUNITY_COMPONENTS""]"
CF,2040,514,2026-08-13,2026-08-13 19:12:51.330758+02:00,6,0,[],"[""revision_magnitude"", ""revision_breadth"", ""revision_acceleration"", ""surprise_trend"", ""guidance"", ""catalysts"", ""price_response""]",0.0,0.0,,,0.0,0.0,Insufficient,0.0,Unrated,ae8d20a6c5476e4206ccf92eadd25bd695c3fbbafd2dba1d75b8a4adba1e005f,ae8d20a6c5476e4206ccf92eadd25bd695c3fbbafd2dba1d75b8a4adba1e005f,True,[],1,0,"[""NULL_SCORE_OPPORTUNITY_UPGRADE"", ""NO_AVAILABLE_OPPORTUNITY_COMPONENTS""]"
CHRD,2177,35,2026-08-13,2026-08-13 19:12:51.330758+02:00,11,1202,[],"[""revision_magnitude"", ""revision_breadth"", ""revision_acceleration"", ""surprise_trend"", ""guidance"", ""catalysts"", ""price_response""]",0.0,0.0,,,0.0,0.0,Insufficient,0.0,Unrated,a8e8bb1bfe05b2136888666f20235eb2388855359a00e4b8f0c793e26ec5d4c7,a8e8bb1bfe05b2136888666f20235eb2388855359a00e4b8f0c793e26ec5d4c7,True,[],1,0,"[""NULL_SCORE_OPPORTUNITY_UPGRADE"", ""NO_AVAILABLE_OPPORTUNITY_COMPONENTS""]"
CLBT,2193,37,2026-08-13,2026-08-13 19:12:51.330758+02:00,6,116,[],"[""revision_magnitude"", ""revision_breadth"", ""revision_acceleration"", ""surprise_trend"", ""guidance"", ""catalysts"", ""price_response""]",0.0,0.0,,,5.0,5.0,Insufficient,0.0,Unrated,9287ef15234ab95d5c2df0129b18100021e108c25187c1a1b6d1051dde213ca6,9287ef15234ab95d5c2df0129b18100021e108c25187c1a1b6d1051dde213ca6,True,[],1,0,"[""NULL_SCORE_OPPORTUNITY_UPGRADE"", ""NO_AVAILABLE_OPPORTUNITY_COMPONENTS""]"
CNOB,2063,38,2026-08-13,2026-08-13 19:12:51.330758+02:00,5,999,[],"[""revision_magnitude"", ""revision_breadth"", ""revision_acceleration"", ""surprise_trend"", ""guidance"", ""catalysts"", ""price_response""]",0.0,0.0,,,0.0,0.0,Insufficient,0.0,Unrated,b5c66ca7cd9c4f720b798063d894cd37087fc92888f2bc597012d8942714a60a,b5c66ca7cd9c4f720b798063d894cd37087fc92888f2bc597012d8942714a60a,True,[],1,0,"[""NULL_SCORE_OPPORTUNITY_UPGRADE"", ""NO_AVAILABLE_OPPORTUNITY_COMPONENTS""]"
CNS,2098,40,2026-08-13,2026-08-13 19:12:51.330758+02:00,12,168,[],"[""revision_magnitude"", ""revision_breadth"", ""revision_acceleration"", ""surprise_trend"", ""guidance"", ""catalysts"", ""price_response""]",0.0,0.0,,,0.0,0.0,Insufficient,0.0,Unrated,d6922d27546f53d2c7c30a0872b63f6396afcfee9328038d9b406fdb5cb01f65,d6922d27546f53d2c7c30a0872b63f6396afcfee9328038d9b406fdb5cb01f65,True,[],1,0,"[""NULL_SCORE_OPPORTUNITY_UPGRADE"", ""NO_AVAILABLE_OPPORTUNITY_COMPONENTS""]"
COHR,1999,41,2026-08-13,2026-08-13 19:12:51.330758+02:00,61,0,[],"[""revision_magnitude"", ""revision_breadth"", ""revision_acceleration"", ""surprise_trend"", ""guidance"", ""catalysts"", ""price_response""]",0.0,0.0,,,0.0,0.0,Insufficient,0.0,Unrated,bf493f0a7c02e4a5f54ebf0bb2cae11e43fdcc3f5c496eca2f8b62eaf4661cb3,bf493f0a7c02e4a5f54ebf0bb2cae11e43fdcc3f5c496eca2f8b62eaf4661cb3,True,[],1,0,"[""NULL_SCORE_OPPORTUNITY_UPGRADE"", ""NO_AVAILABLE_OPPORTUNITY_COMPONENTS""]"
COKE,2009,42,2026-08-13,2026-08-13 19:12:51.330758+02:00,4,0,[],"[""revision_magnitude"", ""revision_breadth"", ""revision_acceleration"", ""surprise_trend"", ""guidance"", ""catalysts"", ""price_response""]",0.0,0.0,,,0.0,0.0,Insufficient,0.0,Unrated,1cdd9a34cc744de27aa358dc8b93f1bbfeda6ccfad1808b53169eefebf03b8fe,1cdd9a34cc744de27aa358dc8b93f1bbfeda6ccfad1808b53169eefebf03b8fe,True,[],1,0,"[""NULL_SCORE_OPPORTUNITY_UPGRADE"", ""NO_AVAILABLE_OPPORTUNITY_COMPONENTS""]"
COLB,2045,588,2026-08-13,2026-08-13 19:12:51.330758+02:00,5,707,[],"[""revision_magnitude"", ""revision_breadth"", ""revision_acceleration"", ""surprise_trend"", ""guidance"", ""catalysts"", ""price_response""]",0.0,0.0,,,0.0,0.0,Insufficient,0.0,Unrated,8113736960590af10013ba5fe1f56fda79c4c1a2b8012aa2f20ace5786eb5e7f,8113736960590af10013ba5fe1f56fda79c4c1a2b8012aa2f20ace5786eb5e7f,True,[],1,1,"[""NULL_SCORE_OPPORTUNITY_UPGRADE"", ""UNRATED_ACTIONABLE_ALERT"", ""NO_AVAILABLE_OPPORTUNITY_COMPONENTS""]"
CR,2067,46,2026-08-13,2026-08-13 19:12:51.330758+02:00,9,0,[],"[""revision_magnitude"", ""revision_breadth"", ""revision_acceleration"", ""surprise_trend"", ""guidance"", ""catalysts"", ""price_response""]",0.0,0.0,,,0.0,0.0,Insufficient,0.0,Unrated,454bf6a023bfd11aebd2dc5b8a1e2d516882d215041c0a585a5f0fcd6457424a,454bf6a023bfd11aebd2dc5b8a1e2d516882d215041c0a585a5f0fcd6457424a,True,[],1,0,"[""NULL_SCORE_OPPORTUNITY_UPGRADE"", ""NO_AVAILABLE_OPPORTUNITY_COMPONENTS""]"
CSCO,2021,48,2026-08-13,2026-08-13 19:12:51.330758+02:00,147,0,[],"[""revision_magnitude"", ""revision_breadth"", ""revision_acceleration"", ""surprise_trend"", ""guidance"", ""catalysts"", ""price_response""]",0.0,0.0,,,0.0,0.0,Insufficient,0.0,Unrated,8ea805ff954ab1c7f91ef289ed2a7414d3ac5bb60f618b7b7dce40c148e495a2,8ea805ff954ab1c7f91ef289ed2a7414d3ac5bb60f618b7b7dce40c148e495a2,True,[],1,0,"[""NULL_SCORE_OPPORTUNITY_UPGRADE"", ""NO_AVAILABLE_OPPORTUNITY_COMPONENTS""]"
CSWC,2121,515,2026-08-13,2026-08-13 19:12:51.330758+02:00,4,0,[],"[""revision_magnitude"", ""revision_breadth"", ""revision_acceleration"", ""surprise_trend"", ""guidance"", ""catalysts"", ""price_response""]",0.0,0.0,,,0.0,0.0,Insufficient,0.0,Unrated,b7441b3cc380f27a98d43ddbd641b612b14d8b3369d3f770cfadb95a81e64602,b7441b3cc380f27a98d43ddbd641b612b14d8b3369d3f770cfadb95a81e64602,True,[],1,0,"[""NULL_SCORE_OPPORTUNITY_UPGRADE"", ""NO_AVAILABLE_OPPORTUNITY_COMPONENTS""]"
CTS,2170,49,2026-08-13,2026-08-13 19:12:51.330758+02:00,5,0,[],"[""revision_magnitude"", ""revision_breadth"", ""revision_acceleration"", ""surprise_trend"", ""guidance"", ""catalysts"", ""price_response""]",0.0,0.0,,,0.0,0.0,Insufficient,0.0,Unrated,749ca1d478c85264ff4b23e48172cc42ffc2c170b47e130e731c9b9f0b9eb2ca,749ca1d478c85264ff4b23e48172cc42ffc2c170b47e130e731c9b9f0b9eb2ca,True,[],1,0,"[""NULL_SCORE_OPPORTUNITY_UPGRADE"", ""NO_AVAILABLE_OPPORTUNITY_COMPONENTS""]"
CUBI,2145,50,2026-08-13,2026-08-13 19:12:51.330758+02:00,6,0,[],"[""revision_magnitude"", ""revision_breadth"", ""revision_acceleration"", ""surprise_trend"", ""guidance"", ""catalysts"", ""price_response""]",0.0,0.0,,,0.0,0.0,Insufficient,0.0,Unrated,d2566bd8b6d03338e2c5a071c3087b95ed8a0684d644c3aecb7ad45c0007b432,d2566bd8b6d03338e2c5a071c3087b95ed8a0684d644c3aecb7ad45c0007b432,True,[],1,0,"[""NULL_SCORE_OPPORTUNITY_UPGRADE"", ""NO_AVAILABLE_OPPORTUNITY_COMPONENTS""]"
CVBF,2085,51,2026-08-13,2026-08-13 19:12:51.330758+02:00,6,0,[],"[""revision_magnitude"", ""revision_breadth"", ""revision_acceleration"", ""surprise_trend"", ""guidance"", ""catalysts"", ""price_response""]",0.0,0.0,,,0.0,0.0,Insufficient,0.0,Unrated,74070a33c6a4f597d2b0f46b3d020d9fd7fbb6a201a9f0f7e5918dabc53b5796,74070a33c6a4f597d2b0f46b3d020d9fd7fbb6a201a9f0f7e5918dabc53b5796,True,[],1,0,"[""NULL_SCORE_OPPORTUNITY_UPGRADE"", ""NO_AVAILABLE_OPPORTUNITY_COMPONENTS""]"
CVCO,2088,52,2026-08-13,2026-08-13 19:12:51.330758+02:00,5,0,[],"[""revision_magnitude"", ""revision_breadth"", ""revision_acceleration"", ""surprise_trend"", ""guidance"", ""catalysts"", ""price_response""]",0.0,0.0,,,0.0,0.0,Insufficient,0.0,Unrated,22ee56f27c731f89ec7803323159943dd5c3f88f705d608f8e6827ee619883a2,22ee56f27c731f89ec7803323159943dd5c3f88f705d608f8e6827ee619883a2,True,[],1,0,"[""NULL_SCORE_OPPORTUNITY_UPGRADE"", ""NO_AVAILABLE_OPPORTUNITY_COMPONENTS""]"
CVI,2020,589,2026-08-13,2026-08-13 19:12:51.330758+02:00,7,0,[],"[""revision_magnitude"", ""revision_breadth"", ""revision_acceleration"", ""surprise_trend"", ""guidance"", ""catalysts"", ""price_response""]",0.0,0.0,,,0.0,0.0,Insufficient,0.0,Unrated,29e0304d5e10cec58de8e6a090397d9730208d602c55ac64263fc27f96b85509,29e0304d5e10cec58de8e6a090397d9730208d602c55ac64263fc27f96b85509,True,[],1,1,"[""NULL_SCORE_OPPORTUNITY_UPGRADE"", ""UNRATED_ACTIONABLE_ALERT"", ""NO_AVAILABLE_OPPORTUNITY_COMPONENTS""]"
CVX,2139,516,2026-08-13,2026-08-13 19:12:51.330758+02:00,52,0,[],"[""revision_magnitude"", ""revision_breadth"", ""revision_acceleration"", ""surprise_trend"", ""guidance"", ""catalysts"", ""price_response""]",0.0,0.0,,,0.0,0.0,Insufficient,0.0,Unrated,946359dc1518a9766138ace8fbb57cad4ede527bf4c12bf65015ea3ddf654c06,946359dc1518a9766138ace8fbb57cad4ede527bf4c12bf65015ea3ddf654c06,True,[],1,0,"[""NULL_SCORE_OPPORTUNITY_UPGRADE"", ""NO_AVAILABLE_OPPORTUNITY_COMPONENTS""]"
DAL,2163,53,2026-08-13,2026-08-13 19:12:51.330758+02:00,23,0,[],"[""revision_magnitude"", ""revision_breadth"", ""revision_acceleration"", ""surprise_trend"", ""guidance"", ""catalysts"", ""price_response""]",0.0,0.0,,,0.0,0.0,Insufficient,0.0,Unrated,f4c9e36d6e7d972638a1522fd627cabe3fe91cb553b045154a9e8f005a0b9db2,f4c9e36d6e7d972638a1522fd627cabe3fe91cb553b045154a9e8f005a0b9db2,True,[],1,0,"[""NULL_SCORE_OPPORTUNITY_UPGRADE"", ""NO_AVAILABLE_OPPORTUNITY_COMPONENTS""]"
DAR,2044,544,2026-08-13,2026-08-13 19:12:51.330758+02:00,16,0,[],"[""revision_magnitude"", ""revision_breadth"", ""revision_acceleration"", ""surprise_trend"", ""guidance"", ""catalysts"", ""price_response""]",0.0,0.0,,,0.0,0.0,Insufficient,0.0,Unrated,ebb36a0ab9d83f86d34b39d0d5b3d0b62ddebd771f96c727cbdc8bc454bf54d2,ebb36a0ab9d83f86d34b39d0d5b3d0b62ddebd771f96c727cbdc8bc454bf54d2,True,[],1,0,"[""NULL_SCORE_OPPORTUNITY_UPGRADE"", ""NO_AVAILABLE_OPPORTUNITY_COMPONENTS""]"
DBRG,2143,54,2026-08-13,2026-08-13 19:12:51.330758+02:00,6,0,[],"[""revision_magnitude"", ""revision_breadth"", ""revision_acceleration"", ""surprise_trend"", ""guidance"", ""catalysts"", ""price_response""]",0.0,0.0,,,0.0,0.0,Insufficient,0.0,Unrated,8a8d6f29c91ecd3a6baf151bc23e9e046308b69376fd072adc73057ec4f4b738,8a8d6f29c91ecd3a6baf151bc23e9e046308b69376fd072adc73057ec4f4b738,True,[],1,0,"[""NULL_SCORE_OPPORTUNITY_UPGRADE"", ""NO_AVAILABLE_OPPORTUNITY_COMPONENTS""]"
DCOM,2091,55,2026-08-13,2026-08-13 19:12:51.330758+02:00,6,0,[],"[""revision_magnitude"", ""revision_breadth"", ""revision_acceleration"", ""surprise_trend"", ""guidance"", ""catalysts"", ""price_response""]",0.0,0.0,,,0.0,0.0,Insufficient,0.0,Unrated,935d8bf32da86603be16b63616f13c84662d1a2d2f0238d91950e4fcd4e1b2f5,935d8bf32da86603be16b63616f13c84662d1a2d2f0238d91950e4fcd4e1b2f5,True,[],1,0,"[""NULL_SCORE_OPPORTUNITY_UPGRADE"", ""NO_AVAILABLE_OPPORTUNITY_COMPONENTS""]"
DHT,2022,56,2026-08-13,2026-08-13 19:12:51.330758+02:00,9,0,[],"[""revision_magnitude"", ""revision_breadth"", ""revision_acceleration"", ""surprise_trend"", ""guidance"", ""catalysts"", ""price_response""]",0.0,0.0,,,0.0,0.0,Insufficient,0.0,Unrated,ef960bfaf275f8543823e7119445af8b6aad0d1c6f49cf00fbb36c63bfbb69ce,ef960bfaf275f8543823e7119445af8b6aad0d1c6f49cf00fbb36c63bfbb69ce,True,[],1,0,"[""NULL_SCORE_OPPORTUNITY_UPGRADE"", ""NO_AVAILABLE_OPPORTUNITY_COMPONENTS""]"
DIOD,2010,57,2026-08-13,2026-08-13 19:12:51.330758+02:00,13,0,[],"[""revision_magnitude"", ""revision_breadth"", ""revision_acceleration"", ""surprise_trend"", ""guidance"", ""catalysts"", ""price_response""]",0.0,0.0,,,0.0,0.0,Insufficient,0.0,Unrated,b6266f750ceb36a85147fe8cc4b9ef71c2e96a3765273f79aa3ff17305864e08,b6266f750ceb36a85147fe8cc4b9ef71c2e96a3765273f79aa3ff17305864e08,True,[],1,0,"[""NULL_SCORE_OPPORTUNITY_UPGRADE"", ""NO_AVAILABLE_OPPORTUNITY_COMPONENTS""]"
DLR,2014,58,2026-08-13,2026-08-13 19:12:51.330758+02:00,24,0,[],"[""revision_magnitude"", ""revision_breadth"", ""revision_acceleration"", ""surprise_trend"", ""guidance"", ""catalysts"", ""price_response""]",0.0,0.0,,,0.0,0.0,Insufficient,0.0,Unrated,0217e56a30817ea4fadc514c0226084a03d517a96a3c9cdcd917835193866050,0217e56a30817ea4fadc514c0226084a03d517a96a3c9cdcd917835193866050,True,[],1,0,"[""NULL_SCORE_OPPORTUNITY_UPGRADE"", ""NO_AVAILABLE_OPPORTUNITY_COMPONENTS""]"
DVN,2178,519,2026-08-13,2026-08-13 19:12:51.330758+02:00,15,0,[],"[""revision_magnitude"", ""revision_breadth"", ""revision_acceleration"", ""surprise_trend"", ""guidance"", ""catalysts"", ""price_response""]",0.0,0.0,,,0.0,0.0,Insufficient,0.0,Unrated,cc6e69b0a9b30bf2965a1ae1384deb07f4ed263119ec6e039b3acf04602c7f05,cc6e69b0a9b30bf2965a1ae1384deb07f4ed263119ec6e039b3acf04602c7f05,True,[],1,0,"[""NULL_SCORE_OPPORTUNITY_UPGRADE"", ""NO_AVAILABLE_OPPORTUNITY_COMPONENTS""]"
EBC,2074,60,2026-08-13,2026-08-13 19:12:51.330758+02:00,6,0,[],"[""revision_magnitude"", ""revision_breadth"", ""revision_acceleration"", ""surprise_trend"", ""guidance"", ""catalysts"", ""price_response""]",0.0,0.0,,,0.0,0.0,Insufficient,0.0,Unrated,207e15976038dc9525634b258f5d37e0f0a781d5a4bb406cbee34a15154c2eee,207e15976038dc9525634b258f5d37e0f0a781d5a4bb406cbee34a15154c2eee,True,[],1,0,"[""NULL_SCORE_OPPORTUNITY_UPGRADE"", ""NO_AVAILABLE_OPPORTUNITY_COMPONENTS""]"
ECPG,2006,291,2026-08-13,2026-08-13 19:12:51.330758+02:00,12,0,[],"[""revision_magnitude"", ""revision_breadth"", ""revision_acceleration"", ""surprise_trend"", ""guidance"", ""catalysts"", ""price_response""]",0.0,0.0,,,0.0,0.0,Insufficient,0.0,Unrated,35f086a6c4c689f0e57c767a14b95cae8757d7c4fac456905064580ea95ec8aa,35f086a6c4c689f0e57c767a14b95cae8757d7c4fac456905064580ea95ec8aa,True,[],1,0,"[""NULL_SCORE_OPPORTUNITY_UPGRADE"", ""NO_AVAILABLE_OPPORTUNITY_COMPONENTS""]"
EME,2038,61,2026-08-13,2026-08-13 19:12:51.330758+02:00,22,0,[],"[""revision_magnitude"", ""revision_breadth"", ""revision_acceleration"", ""surprise_trend"", ""guidance"", ""catalysts"", ""price_response""]",0.0,0.0,,,0.0,0.0,Insufficient,0.0,Unrated,813c6a26bcbc1acf0e9970b7748de7632da75bfc71bd8d8090b2033ccf32df1c,813c6a26bcbc1acf0e9970b7748de7632da75bfc71bd8d8090b2033ccf32df1c,True,[],1,0,"[""NULL_SCORE_OPPORTUNITY_UPGRADE"", ""NO_AVAILABLE_OPPORTUNITY_COMPONENTS""]"
EOG,2151,520,2026-08-13,2026-08-13 19:12:51.330758+02:00,9,0,[],"[""revision_magnitude"", ""revision_breadth"", ""revision_acceleration"", ""surprise_trend"", ""guidance"", ""catalysts"", ""price_response""]",0.0,0.0,,,0.0,0.0,Insufficient,0.0,Unrated,2e2299344cc9885fdd53e1f2872e1a5e852f4c8c8a4cbb5f211a76ed2c091c66,2e2299344cc9885fdd53e1f2872e1a5e852f4c8c8a4cbb5f211a76ed2c091c66,True,[],1,0,"[""NULL_SCORE_OPPORTUNITY_UPGRADE"", ""NO_AVAILABLE_OPPORTUNITY_COMPONENTS""]"
EQIX,2013,637,2026-08-13,2026-08-13 19:12:51.330758+02:00,12,0,[],"[""revision_magnitude"", ""revision_breadth"", ""revision_acceleration"", ""surprise_trend"", ""guidance"", ""catalysts"", ""price_response""]",0.0,0.0,,,0.0,0.0,Insufficient,0.0,Unrated,08a36cc491bd19b9f7eeac2bc1ff8bf1f2822673600d0075c2317f6cdadb5fc2,08a36cc491bd19b9f7eeac2bc1ff8bf1f2822673600d0075c2317f6cdadb5fc2,True,[],1,1,"[""NULL_SCORE_OPPORTUNITY_UPGRADE"", ""UNRATED_ACTIONABLE_ALERT"", ""NO_AVAILABLE_OPPORTUNITY_COMPONENTS""]"
ESQ,2137,63,2026-08-13,2026-08-13 19:12:51.330758+02:00,5,0,[],"[""revision_magnitude"", ""revision_breadth"", ""revision_acceleration"", ""surprise_trend"", ""guidance"", ""catalysts"", ""price_response""]",0.0,0.0,,,0.0,0.0,Insufficient,0.0,Unrated,7d285b575d8dcfa26f836c2e8964fa20fe286d85e7b7742f2087d6dc1c05d3d3,7d285b575d8dcfa26f836c2e8964fa20fe286d85e7b7742f2087d6dc1c05d3d3,True,[],1,0,"[""NULL_SCORE_OPPORTUNITY_UPGRADE"", ""NO_AVAILABLE_OPPORTUNITY_COMPONENTS""]"
ET,2084,64,2026-08-13,2026-08-13 19:12:51.330758+02:00,12,0,[],"[""revision_magnitude"", ""revision_breadth"", ""revision_acceleration"", ""surprise_trend"", ""guidance"", ""catalysts"", ""price_response""]",0.0,0.0,,,0.0,0.0,Insufficient,0.0,Unrated,2d1fc5a268950164b6621dd4d163c69494f6de2966028f54d8d93d9eb3590e7c,2d1fc5a268950164b6621dd4d163c69494f6de2966028f54d8d93d9eb3590e7c,True,[],1,0,"[""NULL_SCORE_OPPORTUNITY_UPGRADE"", ""NO_AVAILABLE_OPPORTUNITY_COMPONENTS""]"
EW,2165,66,2026-08-13,2026-08-13 19:12:51.330758+02:00,7,0,[],"[""revision_magnitude"", ""revision_breadth"", ""revision_acceleration"", ""surprise_trend"", ""guidance"", ""catalysts"", ""price_response""]",0.0,0.0,,,0.0,0.0,Insufficient,0.0,Unrated,8d359ed332f73726cedf73239180dfaa7b215327675a53b4dc5d4c8e8b5d4959,8d359ed332f73726cedf73239180dfaa7b215327675a53b4dc5d4c8e8b5d4959,True,[],1,0,"[""NULL_SCORE_OPPORTUNITY_UPGRADE"", ""NO_AVAILABLE_OPPORTUNITY_COMPONENTS""]"
FANG,2160,521,2026-08-13,2026-08-13 19:12:51.330758+02:00,21,0,[],"[""revision_magnitude"", ""revision_breadth"", ""revision_acceleration"", ""surprise_trend"", ""guidance"", ""catalysts"", ""price_response""]",0.0,0.0,,,0.0,0.0,Insufficient,0.0,Unrated,384ab63ef5b759e09387e26c80f86060be50c3de36892ddd6b5ce7c9500b522a,384ab63ef5b759e09387e26c80f86060be50c3de36892ddd6b5ce7c9500b522a,True,[],1,0,"[""NULL_SCORE_OPPORTUNITY_UPGRADE"", ""NO_AVAILABLE_OPPORTUNITY_COMPONENTS""]"
FBK,2068,68,2026-08-13,2026-08-13 19:12:51.330758+02:00,5,0,[],"[""revision_magnitude"", ""revision_breadth"", ""revision_acceleration"", ""surprise_trend"", ""guidance"", ""catalysts"", ""price_response""]",0.0,0.0,,,0.0,0.0,Insufficient,0.0,Unrated,c4701324dfa700b4655dee802a249917b018d6b2e4492eeb0cb4e07069a3c8c3,c4701324dfa700b4655dee802a249917b018d6b2e4492eeb0cb4e07069a3c8c3,True,[],1,0,"[""NULL_SCORE_OPPORTUNITY_UPGRADE"", ""NO_AVAILABLE_OPPORTUNITY_COMPONENTS""]"
FERG,2190,309,2026-08-13,2026-08-13 19:12:51.330758+02:00,5,0,[],"[""revision_magnitude"", ""revision_breadth"", ""revision_acceleration"", ""surprise_trend"", ""guidance"", ""catalysts"", ""price_response""]",0.0,0.0,,,0.0,0.0,Insufficient,0.0,Unrated,330e8071bdd0ecd73a09a26200eae2a00f11ea3207442f934fd3f9a283518de3,330e8071bdd0ecd73a09a26200eae2a00f11ea3207442f934fd3f9a283518de3,True,[],1,0,"[""NULL_SCORE_OPPORTUNITY_UPGRADE"", ""NO_AVAILABLE_OPPORTUNITY_COMPONENTS""]"
FFBC,2122,590,2026-08-13,2026-08-13 19:12:51.330758+02:00,5,0,[],"[""revision_magnitude"", ""revision_breadth"", ""revision_acceleration"", ""surprise_trend"", ""guidance"", ""catalysts"", ""price_response""]",0.0,0.0,,,0.0,0.0,Insufficient,0.0,Unrated,4e3e357184cb85be36ab6bdc75a725b891bacd468f32fc4d31d2347390aad681,4e3e357184cb85be36ab6bdc75a725b891bacd468f32fc4d31d2347390aad681,True,[],1,1,"[""NULL_SCORE_OPPORTUNITY_UPGRADE"", ""UNRATED_ACTIONABLE_ALERT"", ""NO_AVAILABLE_OPPORTUNITY_COMPONENTS""]"
FFIV,2036,522,2026-08-13,2026-08-13 19:12:51.330758+02:00,7,0,[],"[""revision_magnitude"", ""revision_breadth"", ""revision_acceleration"", ""surprise_trend"", ""guidance"", ""catalysts"", ""price_response""]",0.0,0.0,,,0.0,0.0,Insufficient,0.0,Unrated,099cad5973f63da8732d6aab744c40fb544852c16fc2e26a4cd491616327dbeb,099cad5973f63da8732d6aab744c40fb544852c16fc2e26a4cd491616327dbeb,True,[],1,0,"[""NULL_SCORE_OPPORTUNITY_UPGRADE"", ""NO_AVAILABLE_OPPORTUNITY_COMPONENTS""]"
FHI,2132,69,2026-08-13,2026-08-13 19:12:51.330758+02:00,5,0,[],"[""revision_magnitude"", ""revision_breadth"", ""revision_acceleration"", ""surprise_trend"", ""guidance"", ""catalysts"", ""price_response""]",0.0,0.0,,,0.0,0.0,Insufficient,0.0,Unrated,0e3541f6af47b1186ba3c6b0d77b9f5795d4790922667c2bde9b9a920ddd96d9,0e3541f6af47b1186ba3c6b0d77b9f5795d4790922667c2bde9b9a920ddd96d9,True,[],1,0,"[""NULL_SCORE_OPPORTUNITY_UPGRADE"", ""NO_AVAILABLE_OPPORTUNITY_COMPONENTS""]"
FITB,2087,70,2026-08-13,2026-08-13 19:12:51.330758+02:00,11,0,[],"[""revision_magnitude"", ""revision_breadth"", ""revision_acceleration"", ""surprise_trend"", ""guidance"", ""catalysts"", ""price_response""]",0.0,0.0,,,0.0,0.0,Insufficient,0.0,Unrated,e5fac53c3582da7d72d120a818379ca7f1a7b3efde6df438de120e6567acd463,e5fac53c3582da7d72d120a818379ca7f1a7b3efde6df438de120e6567acd463,True,[],1,0,"[""NULL_SCORE_OPPORTUNITY_UPGRADE"", ""NO_AVAILABLE_OPPORTUNITY_COMPONENTS""]"
FLYW,2142,71,2026-08-13,2026-08-13 19:12:51.330758+02:00,7,0,[],"[""revision_magnitude"", ""revision_breadth"", ""revision_acceleration"", ""surprise_trend"", ""guidance"", ""catalysts"", ""price_response""]",0.0,0.0,,,0.0,0.0,Insufficient,0.0,Unrated,fefa06e9bdb9c85bee502831320ee933972ec2e6c7f3f58712cd6066865e5eab,fefa06e9bdb9c85bee502831320ee933972ec2e6c7f3f58712cd6066865e5eab,True,[],1,0,"[""NULL_SCORE_OPPORTUNITY_UPGRADE"", ""NO_AVAILABLE_OPPORTUNITY_COMPONENTS""]"
FN,1998,72,2026-08-13,2026-08-13 19:12:51.330758+02:00,9,0,[],"[""revision_magnitude"", ""revision_breadth"", ""revision_acceleration"", ""surprise_trend"", ""guidance"", ""catalysts"", ""price_response""]",0.0,0.0,,,5.0,5.0,Insufficient,0.0,Unrated,4361b534b891f986cfc22814caffd6d6a962e6b29342d2a9789e9a33bddcd186,4361b534b891f986cfc22814caffd6d6a962e6b29342d2a9789e9a33bddcd186,True,[],1,0,"[""NULL_SCORE_OPPORTUNITY_UPGRADE"", ""NO_AVAILABLE_OPPORTUNITY_COMPONENTS""]"
FORM,2000,638,2026-08-13,2026-08-13 19:12:51.330758+02:00,7,0,[],"[""revision_magnitude"", ""revision_breadth"", ""revision_acceleration"", ""surprise_trend"", ""guidance"", ""catalysts"", ""price_response""]",0.0,0.0,,,0.0,0.0,Insufficient,0.0,Unrated,7c699755060d56ccd05bbbdac6034329efd4841c6222e432646eb8579f2bdfc7,7c699755060d56ccd05bbbdac6034329efd4841c6222e432646eb8579f2bdfc7,True,[],1,1,"[""NULL_SCORE_OPPORTUNITY_UPGRADE"", ""UNRATED_ACTIONABLE_ALERT"", ""NO_AVAILABLE_OPPORTUNITY_COMPONENTS""]"
FRO,2011,73,2026-08-13,2026-08-13 19:12:51.330758+02:00,6,0,[],"[""revision_magnitude"", ""revision_breadth"", ""revision_acceleration"", ""surprise_trend"", ""guidance"", ""catalysts"", ""price_response""]",0.0,0.0,,,0.0,0.0,Insufficient,0.0,Unrated,9e67436b524b4a72e29a469b6c5963e9b9c5479aa18051cee2c1966b35c9923b,9e67436b524b4a72e29a469b6c5963e9b9c5479aa18051cee2c1966b35c9923b,True,[],1,0,"[""NULL_SCORE_OPPORTUNITY_UPGRADE"", ""NO_AVAILABLE_OPPORTUNITY_COMPONENTS""]"
FSUN,2118,75,2026-08-13,2026-08-13 19:12:51.330758+02:00,5,0,[],"[""revision_magnitude"", ""revision_breadth"", ""revision_acceleration"", ""surprise_trend"", ""guidance"", ""catalysts"", ""price_response""]",0.0,0.0,,,0.0,0.0,Insufficient,0.0,Unrated,cee670cff29da16dfbc3e047b4cc483e80e1c9e2d60ea617a4556d79dbd44406,cee670cff29da16dfbc3e047b4cc483e80e1c9e2d60ea617a4556d79dbd44406,True,[],1,0,"[""NULL_SCORE_OPPORTUNITY_UPGRADE"", ""NO_AVAILABLE_OPPORTUNITY_COMPONENTS""]"
FTI,2144,523,2026-08-13,2026-08-13 19:12:51.330758+02:00,7,0,[],"[""revision_magnitude"", ""revision_breadth"", ""revision_acceleration"", ""surprise_trend"", ""guidance"", ""catalysts"", ""price_response""]",0.0,0.0,,,0.0,0.0,Insufficient,0.0,Unrated,226c108a6e6cc0198decaedf8fba808bb4600008a15be6ac57810422cad382ac,226c108a6e6cc0198decaedf8fba808bb4600008a15be6ac57810422cad382ac,True,[],1,0,"[""NULL_SCORE_OPPORTUNITY_UPGRADE"", ""NO_AVAILABLE_OPPORTUNITY_COMPONENTS""]"
FTNT,2164,76,2026-08-13,2026-08-13 19:12:51.330758+02:00,35,0,[],"[""revision_magnitude"", ""revision_breadth"", ""revision_acceleration"", ""surprise_trend"", ""guidance"", ""catalysts"", ""price_response""]",0.0,0.0,,,0.0,0.0,Insufficient,0.0,Unrated,01b2ce4b4ca4f4a0b2be70448104f0e36d3c999e4bf6362092cad4d24d5e60fa,01b2ce4b4ca4f4a0b2be70448104f0e36d3c999e4bf6362092cad4d24d5e60fa,True,[],1,0,"[""NULL_SCORE_OPPORTUNITY_UPGRADE"", ""NO_AVAILABLE_OPPORTUNITY_COMPONENTS""]"
FWONA,2058,639,2026-08-13,2026-08-13 19:12:51.330758+02:00,5,0,[],"[""revision_magnitude"", ""revision_breadth"", ""revision_acceleration"", ""surprise_trend"", ""guidance"", ""catalysts"", ""price_response""]",0.0,0.0,,,0.0,0.0,Insufficient,0.0,Unrated,34d50b5394e0a2d0570a7356bd6bd00681f6c464fd18a7a043dc842c8879aa94,34d50b5394e0a2d0570a7356bd6bd00681f6c464fd18a7a043dc842c8879aa94,True,[],1,1,"[""NULL_SCORE_OPPORTUNITY_UPGRADE"", ""UNRATED_ACTIONABLE_ALERT"", ""NO_AVAILABLE_OPPORTUNITY_COMPONENTS""]"
GATX,2066,640,2026-08-13,2026-08-13 19:12:51.330758+02:00,4,0,[],"[""revision_magnitude"", ""revision_breadth"", ""revision_acceleration"", ""surprise_trend"", ""guidance"", ""catalysts"", ""price_response""]",0.0,0.0,,,0.0,0.0,Insufficient,0.0,Unrated,634e97f59ac33c01a31cdfc2c7cdf6a29bd963a4213df664ccc305b638ea1b93,634e97f59ac33c01a31cdfc2c7cdf6a29bd963a4213df664ccc305b638ea1b93,True,[],1,1,"[""NULL_SCORE_OPPORTUNITY_UPGRADE"", ""UNRATED_ACTIONABLE_ALERT"", ""NO_AVAILABLE_OPPORTUNITY_COMPONENTS""]"
GBTG,2134,641,2026-08-13,2026-08-13 19:12:51.330758+02:00,7,0,[],"[""revision_magnitude"", ""revision_breadth"", ""revision_acceleration"", ""surprise_trend"", ""guidance"", ""catalysts"", ""price_response""]",0.0,0.0,,,0.0,0.0,Insufficient,0.0,Unrated,69ab4bdae2cc42f8a122f2d5212b15b660bb84b1bdde148d455c17f360a13ae1,69ab4bdae2cc42f8a122f2d5212b15b660bb84b1bdde148d455c17f360a13ae1,True,[],1,1,"[""NULL_SCORE_OPPORTUNITY_UPGRADE"", ""UNRATED_ACTIONABLE_ALERT"", ""NO_AVAILABLE_OPPORTUNITY_COMPONENTS""]"
GD,2099,77,2026-08-13,2026-08-13 19:12:51.330758+02:00,24,0,[],"[""revision_magnitude"", ""revision_breadth"", ""revision_acceleration"", ""surprise_trend"", ""guidance"", ""catalysts"", ""price_response""]",0.0,0.0,,,0.0,0.0,Insufficient,0.0,Unrated,699601ef7d301bca8962e847086f66e9adc0f8a4b9f55ae8cd811cf1ba366d14,699601ef7d301bca8962e847086f66e9adc0f8a4b9f55ae8cd811cf1ba366d14,True,[],1,0,"[""NULL_SCORE_OPPORTUNITY_UPGRADE"", ""NO_AVAILABLE_OPPORTUNITY_COMPONENTS""]"
GE,2168,78,2026-08-13,2026-08-13 19:12:51.330758+02:00,21,0,[],"[""revision_magnitude"", ""revision_breadth"", ""revision_acceleration"", ""surprise_trend"", ""guidance"", ""catalysts"", ""price_response""]",0.0,0.0,,,0.0,0.0,Insufficient,0.0,Unrated,13fbde563d79f9406f4fe64e424202f0a3dfeeb85c0829a20d28a8340af3f558,13fbde563d79f9406f4fe64e424202f0a3dfeeb85c0829a20d28a8340af3f558,True,[],1,0,"[""NULL_SCORE_OPPORTUNITY_UPGRADE"", ""NO_AVAILABLE_OPPORTUNITY_COMPONENTS""]"
GEO,2174,79,2026-08-13,2026-08-13 19:12:51.330758+02:00,22,0,[],"[""revision_magnitude"", ""revision_breadth"", ""revision_acceleration"", ""surprise_trend"", ""guidance"", ""catalysts"", ""price_response""]",0.0,0.0,,,0.0,0.0,Insufficient,0.0,Unrated,11d5eb48c96a32d20264ed68de8897d58707c942068d2d04aeb7218b60c77508,11d5eb48c96a32d20264ed68de8897d58707c942068d2d04aeb7218b60c77508,True,[],1,0,"[""NULL_SCORE_OPPORTUNITY_UPGRADE"", ""NO_AVAILABLE_OPPORTUNITY_COMPONENTS""]"
GEV,2027,642,2026-08-13,2026-08-13 19:12:51.330758+02:00,12,0,[],"[""revision_magnitude"", ""revision_breadth"", ""revision_acceleration"", ""surprise_trend"", ""guidance"", ""catalysts"", ""price_response""]",0.0,0.0,,,0.0,0.0,Insufficient,0.0,Unrated,703d64635a21062aa2e2f80311236b7ac8c37a7a6d37c67ccc7a4ce8ed9e31cf,703d64635a21062aa2e2f80311236b7ac8c37a7a6d37c67ccc7a4ce8ed9e31cf,True,[],1,1,"[""NULL_SCORE_OPPORTUNITY_UPGRADE"", ""UNRATED_ACTIONABLE_ALERT"", ""NO_AVAILABLE_OPPORTUNITY_COMPONENTS""]"
GHM,2007,80,2026-08-13,2026-08-13 19:12:51.330758+02:00,5,0,[],"[""revision_magnitude"", ""revision_breadth"", ""revision_acceleration"", ""surprise_trend"", ""guidance"", ""catalysts"", ""price_response""]",0.0,0.0,,,0.0,0.0,Insufficient,0.0,Unrated,127a0496c2cf4dd50c9aa662664ba034b8d84d5c00e65d52c879ba51cc595697,127a0496c2cf4dd50c9aa662664ba034b8d84d5c00e65d52c879ba51cc595697,True,[],1,0,"[""NULL_SCORE_OPPORTUNITY_UPGRADE"", ""NO_AVAILABLE_OPPORTUNITY_COMPONENTS""]"
GLNG,2109,81,2026-08-13,2026-08-13 19:12:51.330758+02:00,10,0,[],"[""revision_magnitude"", ""revision_breadth"", ""revision_acceleration"", ""surprise_trend"", ""guidance"", ""catalysts"", ""price_response""]",0.0,0.0,,,5.0,5.0,Insufficient,0.0,Unrated,ad1047c189fe015e13536a274edc804cfb9d7dae5482e09165e4c35867211e46,ad1047c189fe015e13536a274edc804cfb9d7dae5482e09165e4c35867211e46,True,[],1,0,"[""NULL_SCORE_OPPORTUNITY_UPGRADE"", ""NO_AVAILABLE_OPPORTUNITY_COMPONENTS""]"
GMED,2097,524,2026-08-13,2026-08-13 19:12:51.330758+02:00,14,0,[],"[""revision_magnitude"", ""revision_breadth"", ""revision_acceleration"", ""surprise_trend"", ""guidance"", ""catalysts"", ""price_response""]",0.0,0.0,,,0.0,0.0,Insufficient,0.0,Unrated,b0163eaff955de9170c594673091ab91bf5144f03e6e92dd33849c1c597766d3,b0163eaff955de9170c594673091ab91bf5144f03e6e92dd33849c1c597766d3,True,[],1,0,"[""NULL_SCORE_OPPORTUNITY_UPGRADE"", ""NO_AVAILABLE_OPPORTUNITY_COMPONENTS""]"
GOLD,2023,82,2026-08-13,2026-08-13 19:12:51.330758+02:00,17,0,[],"[""revision_magnitude"", ""revision_breadth"", ""revision_acceleration"", ""surprise_trend"", ""guidance"", ""catalysts"", ""price_response""]",0.0,0.0,,,1.5,1.5,Insufficient,0.0,Unrated,dd20b83d9c2934dcc78f833b8dfbce3198af905e74116c68c44f9557fa6f7641,dd20b83d9c2934dcc78f833b8dfbce3198af905e74116c68c44f9557fa6f7641,True,[],1,0,"[""NULL_SCORE_OPPORTUNITY_UPGRADE"", ""NO_AVAILABLE_OPPORTUNITY_COMPONENTS""]"
HAPN,2056,84,2026-08-13,2026-08-13 19:12:51.330758+02:00,4,0,[],"[""revision_magnitude"", ""revision_breadth"", ""revision_acceleration"", ""surprise_trend"", ""guidance"", ""catalysts"", ""price_response""]",0.0,0.0,,,0.0,0.0,Insufficient,0.0,Unrated,4db19f39a2c9ff9ad0b3a2e9508b0f478f257868b101bfa29cef4fa208ac0a1c,4db19f39a2c9ff9ad0b3a2e9508b0f478f257868b101bfa29cef4fa208ac0a1c,True,[],1,0,"[""NULL_SCORE_OPPORTUNITY_UPGRADE"", ""NO_AVAILABLE_OPPORTUNITY_COMPONENTS""]"
HAS,2187,85,2026-08-13,2026-08-13 19:12:51.330758+02:00,15,0,[],"[""revision_magnitude"", ""revision_breadth"", ""revision_acceleration"", ""surprise_trend"", ""guidance"", ""catalysts"", ""price_response""]",0.0,0.0,,,0.0,0.0,Insufficient,0.0,Unrated,7630c4fe13b15954ac0870e794b7e94ac8ba6c818661d2f799b770cbb8373b41,7630c4fe13b15954ac0870e794b7e94ac8ba6c818661d2f799b770cbb8373b41,True,[],1,0,"[""NULL_SCORE_OPPORTUNITY_UPGRADE"", ""NO_AVAILABLE_OPPORTUNITY_COMPONENTS""]"
HASI,2042,86,2026-08-13,2026-08-13 19:12:51.330758+02:00,16,0,[],"[""revision_magnitude"", ""revision_breadth"", ""revision_acceleration"", ""surprise_trend"", ""guidance"", ""catalysts"", ""price_response""]",0.0,0.0,,,0.0,0.0,Insufficient,0.0,Unrated,158d976b98c762c28549acd73df923bc6a3c355a3995a7b9f18c1f05403fff5c,158d976b98c762c28549acd73df923bc6a3c355a3995a7b9f18c1f05403fff5c,True,[],1,0,"[""NULL_SCORE_OPPORTUNITY_UPGRADE"", ""NO_AVAILABLE_OPPORTUNITY_COMPONENTS""]"
HBAN,2107,591,2026-08-13,2026-08-13 19:12:51.330758+02:00,6,0,[],"[""revision_magnitude"", ""revision_breadth"", ""revision_acceleration"", ""surprise_trend"", ""guidance"", ""catalysts"", ""price_response""]",0.0,0.0,,,0.0,0.0,Insufficient,0.0,Unrated,cb7b0260d8ad5b8f184731ee76421d5a3b501a6c0e1b792d5e9b222155e5d2b0,cb7b0260d8ad5b8f184731ee76421d5a3b501a6c0e1b792d5e9b222155e5d2b0,True,[],1,1,"[""NULL_SCORE_OPPORTUNITY_UPGRADE"", ""UNRATED_ACTIONABLE_ALERT"", ""NO_AVAILABLE_OPPORTUNITY_COMPONENTS""]"
HCI,2158,88,2026-08-13,2026-08-13 19:12:51.330758+02:00,15,0,[],"[""revision_magnitude"", ""revision_breadth"", ""revision_acceleration"", ""surprise_trend"", ""guidance"", ""catalysts"", ""price_response""]",0.0,0.0,,,0.0,0.0,Insufficient,0.0,Unrated,2b61c1ab0004906e079d2e5412148778fb78126b2fd9f65b6b2f871eb20675a8,2b61c1ab0004906e079d2e5412148778fb78126b2fd9f65b6b2f871eb20675a8,True,[],1,0,"[""NULL_SCORE_OPPORTUNITY_UPGRADE"", ""NO_AVAILABLE_OPPORTUNITY_COMPONENTS""]"
HEI,2046,89,2026-08-13,2026-08-13 19:12:51.330758+02:00,14,0,[],"[""revision_magnitude"", ""revision_breadth"", ""revision_acceleration"", ""surprise_trend"", ""guidance"", ""catalysts"", ""price_response""]",0.0,0.0,,,1.5,1.5,Insufficient,0.0,Unrated,ccebb6882bc49992d810e0fa792ae37a54b8dba2dfd6b282bf7dbe94394b2fd4,ccebb6882bc49992d810e0fa792ae37a54b8dba2dfd6b282bf7dbe94394b2fd4,True,[],1,0,"[""NULL_SCORE_OPPORTUNITY_UPGRADE"", ""NO_AVAILABLE_OPPORTUNITY_COMPONENTS""]"
HFWA,2081,643,2026-08-13,2026-08-13 19:12:51.330758+02:00,5,0,[],"[""revision_magnitude"", ""revision_breadth"", ""revision_acceleration"", ""surprise_trend"", ""guidance"", ""catalysts"", ""price_response""]",0.0,0.0,,,0.0,0.0,Insufficient,0.0,Unrated,59f56a782c1842bb295cafbf0f15784a19e9c40da9427abcd7006f23edb77df8,59f56a782c1842bb295cafbf0f15784a19e9c40da9427abcd7006f23edb77df8,True,[],1,1,"[""NULL_SCORE_OPPORTUNITY_UPGRADE"", ""UNRATED_ACTIONABLE_ALERT"", ""NO_AVAILABLE_OPPORTUNITY_COMPONENTS""]"
HG,2123,90,2026-08-13,2026-08-13 19:12:51.330758+02:00,11,0,[],"[""revision_magnitude"", ""revision_breadth"", ""revision_acceleration"", ""surprise_trend"", ""guidance"", ""catalysts"", ""price_response""]",0.0,0.0,,,0.0,0.0,Insufficient,0.0,Unrated,63f74e17cfee68b670e49fed08935827cf0da7e73e42589b5e465fbf2efa05e5,63f74e17cfee68b670e49fed08935827cf0da7e73e42589b5e465fbf2efa05e5,True,[],1,0,"[""NULL_SCORE_OPPORTUNITY_UPGRADE"", ""NO_AVAILABLE_OPPORTUNITY_COMPONENTS""]"
HIFS,2094,644,2026-08-13,2026-08-13 19:12:51.330758+02:00,5,0,[],"[""revision_magnitude"", ""revision_breadth"", ""revision_acceleration"", ""surprise_trend"", ""guidance"", ""catalysts"", ""price_response""]",0.0,0.0,,,0.0,0.0,Insufficient,0.0,Unrated,cc9571939055eed8519f2b5cac958d9b3380574c34d44ac9cb82480944636719,cc9571939055eed8519f2b5cac958d9b3380574c34d44ac9cb82480944636719,True,[],1,1,"[""NULL_SCORE_OPPORTUNITY_UPGRADE"", ""UNRATED_ACTIONABLE_ALERT"", ""NO_AVAILABLE_OPPORTUNITY_COMPONENTS""]"
HUBB,2182,92,2026-08-13,2026-08-13 19:12:51.330758+02:00,5,0,[],"[""revision_magnitude"", ""revision_breadth"", ""revision_acceleration"", ""surprise_trend"", ""guidance"", ""catalysts"", ""price_response""]",0.0,0.0,,,0.0,0.0,Insufficient,0.0,Unrated,bb9d392c237df49b87ae407daeda31e6cd8289612bfa782c49b30096ae5be957,bb9d392c237df49b87ae407daeda31e6cd8289612bfa782c49b30096ae5be957,True,[],1,0,"[""NULL_SCORE_OPPORTUNITY_UPGRADE"", ""NO_AVAILABLE_OPPORTUNITY_COMPONENTS""]"
HUM,2005,93,2026-08-13,2026-08-13 19:12:51.330758+02:00,13,0,[],"[""revision_magnitude"", ""revision_breadth"", ""revision_acceleration"", ""surprise_trend"", ""guidance"", ""catalysts"", ""price_response""]",0.0,0.0,,,0.0,0.0,Insufficient,0.0,Unrated,ad060f9f68249f9ebba503fd7792f2b2c8e9062132599f065a86822da144226f,ad060f9f68249f9ebba503fd7792f2b2c8e9062132599f065a86822da144226f,True,[],1,0,"[""NULL_SCORE_OPPORTUNITY_UPGRADE"", ""NO_AVAILABLE_OPPORTUNITY_COMPONENTS""]"
HWM,2126,94,2026-08-13,2026-08-13 19:12:51.330758+02:00,27,0,[],"[""revision_magnitude"", ""revision_breadth"", ""revision_acceleration"", ""surprise_trend"", ""guidance"", ""catalysts"", ""price_response""]",0.0,0.0,,,0.0,0.0,Insufficient,0.0,Unrated,dcd11c90a85e628b5ae1d1a7bbb2db7fe9798d639490f2edb9382c0ab94511c0,dcd11c90a85e628b5ae1d1a7bbb2db7fe9798d639490f2edb9382c0ab94511c0,True,[],1,0,"[""NULL_SCORE_OPPORTUNITY_UPGRADE"", ""NO_AVAILABLE_OPPORTUNITY_COMPONENTS""]"
IBKR,2037,645,2026-08-13,2026-08-13 19:12:51.330758+02:00,9,0,[],"[""revision_magnitude"", ""revision_breadth"", ""revision_acceleration"", ""surprise_trend"", ""guidance"", ""catalysts"", ""price_response""]",0.0,0.0,,,0.0,0.0,Insufficient,0.0,Unrated,13e169f5f3f0f613cef0d9c8ccecbfdb849a3d9355fc0776ec78b287c5c65728,13e169f5f3f0f613cef0d9c8ccecbfdb849a3d9355fc0776ec78b287c5c65728,True,[],1,1,"[""NULL_SCORE_OPPORTUNITY_UPGRADE"", ""UNRATED_ACTIONABLE_ALERT"", ""NO_AVAILABLE_OPPORTUNITY_COMPONENTS""]"
INCY,2154,96,2026-08-13,2026-08-13 19:12:51.330758+02:00,7,0,[],"[""revision_magnitude"", ""revision_breadth"", ""revision_acceleration"", ""surprise_trend"", ""guidance"", ""catalysts"", ""price_response""]",0.0,0.0,,,0.0,0.0,Insufficient,0.0,Unrated,c3905821111135ea430f6d61510e04e486cf999add6f53c9efe0b426cd133a10,c3905821111135ea430f6d61510e04e486cf999add6f53c9efe0b426cd133a10,True,[],1,0,"[""NULL_SCORE_OPPORTUNITY_UPGRADE"", ""NO_AVAILABLE_OPPORTUNITY_COMPONENTS""]"
INDB,2095,592,2026-08-13,2026-08-13 19:12:51.330758+02:00,6,0,[],"[""revision_magnitude"", ""revision_breadth"", ""revision_acceleration"", ""surprise_trend"", ""guidance"", ""catalysts"", ""price_response""]",0.0,0.0,,,0.0,0.0,Insufficient,0.0,Unrated,0eeeeb6d4bc449aacbc55ea2f04e4c6c2fef30917fe7649c8587b274df5c38cc,0eeeeb6d4bc449aacbc55ea2f04e4c6c2fef30917fe7649c8587b274df5c38cc,True,[],1,1,"[""NULL_SCORE_OPPORTUNITY_UPGRADE"", ""UNRATED_ACTIONABLE_ALERT"", ""NO_AVAILABLE_OPPORTUNITY_COMPONENTS""]"
INSW,2012,97,2026-08-13,2026-08-13 19:12:51.330758+02:00,13,0,[],"[""revision_magnitude"", ""revision_breadth"", ""revision_acceleration"", ""surprise_trend"", ""guidance"", ""catalysts"", ""price_response""]",0.0,0.0,,,0.0,0.0,Insufficient,0.0,Unrated,e6ac47f762a43e50b5872688871476096b1ef9613ddc32a55664f4f2f86822b4,e6ac47f762a43e50b5872688871476096b1ef9613ddc32a55664f4f2f86822b4,True,[],1,0,"[""NULL_SCORE_OPPORTUNITY_UPGRADE"", ""NO_AVAILABLE_OPPORTUNITY_COMPONENTS""]"
ITT,2150,100,2026-08-13,2026-08-13 19:12:51.330758+02:00,19,0,[],"[""revision_magnitude"", ""revision_breadth"", ""revision_acceleration"", ""surprise_trend"", ""guidance"", ""catalysts"", ""price_response""]",0.0,0.0,,,0.0,0.0,Insufficient,0.0,Unrated,4134803bb9e255c410d7705ff982b45a5a8ec8ba9271e06dded6a4f3fcfdb605,4134803bb9e255c410d7705ff982b45a5a8ec8ba9271e06dded6a4f3fcfdb605,True,[],1,0,"[""NULL_SCORE_OPPORTUNITY_UPGRADE"", ""NO_AVAILABLE_OPPORTUNITY_COMPONENTS""]"
JBL,2028,593,2026-08-13,2026-08-13 19:12:51.330758+02:00,22,0,[],"[""revision_magnitude"", ""revision_breadth"", ""revision_acceleration"", ""surprise_trend"", ""guidance"", ""catalysts"", ""price_response""]",0.0,0.0,,,0.0,0.0,Insufficient,0.0,Unrated,7e9904897b42d227172ca597c37df66282de93804a74d0937ee9f52bda69abe5,7e9904897b42d227172ca597c37df66282de93804a74d0937ee9f52bda69abe5,True,[],1,1,"[""NULL_SCORE_OPPORTUNITY_UPGRADE"", ""UNRATED_ACTIONABLE_ALERT"", ""NO_AVAILABLE_OPPORTUNITY_COMPONENTS""]"
JNJ,2113,102,2026-08-13,2026-08-13 19:12:51.330758+02:00,67,0,[],"[""revision_magnitude"", ""revision_breadth"", ""revision_acceleration"", ""surprise_trend"", ""guidance"", ""catalysts"", ""price_response""]",0.0,0.0,,,0.0,0.0,Insufficient,0.0,Unrated,7217cc02ce822963cf211966383feedf1ad86cc123803e1e54fc06ebedb4b12a,7217cc02ce822963cf211966383feedf1ad86cc123803e1e54fc06ebedb4b12a,True,[],1,0,"[""NULL_SCORE_OPPORTUNITY_UPGRADE"", ""NO_AVAILABLE_OPPORTUNITY_COMPONENTS""]"
JOE,2166,527,2026-08-13,2026-08-13 19:12:51.330758+02:00,6,0,[],"[""revision_magnitude"", ""revision_breadth"", ""revision_acceleration"", ""surprise_trend"", ""guidance"", ""catalysts"", ""price_response""]",0.0,0.0,,,0.0,0.0,Insufficient,0.0,Unrated,b8763573499c48df6f6a67fa575ff8b73ae9e9ea3888b03aaad29c400d49a6d5,b8763573499c48df6f6a67fa575ff8b73ae9e9ea3888b03aaad29c400d49a6d5,True,[],1,0,"[""NULL_SCORE_OPPORTUNITY_UPGRADE"", ""NO_AVAILABLE_OPPORTUNITY_COMPONENTS""]"
JPM,2082,103,2026-08-13,2026-08-13 19:12:51.330758+02:00,140,0,[],"[""revision_magnitude"", ""revision_breadth"", ""revision_acceleration"", ""surprise_trend"", ""guidance"", ""catalysts"", ""price_response""]",0.0,0.0,,,0.0,0.0,Insufficient,0.0,Unrated,33db6c17b06e2d2da69ef08bc3768a50719a22c3632373f565c173bb18e2bbe5,33db6c17b06e2d2da69ef08bc3768a50719a22c3632373f565c173bb18e2bbe5,True,[],1,0,"[""NULL_SCORE_OPPORTUNITY_UPGRADE"", ""NO_AVAILABLE_OPPORTUNITY_COMPONENTS""]"
KEY,2080,646,2026-08-13,2026-08-13 19:12:51.330758+02:00,11,0,[],"[""revision_magnitude"", ""revision_breadth"", ""revision_acceleration"", ""surprise_trend"", ""guidance"", ""catalysts"", ""price_response""]",0.0,0.0,,,0.0,0.0,Insufficient,0.0,Unrated,c0965856cc6efecc7db91eb5755cda77e32f5354394f34d06ff9c57cf42238ad,c0965856cc6efecc7db91eb5755cda77e32f5354394f34d06ff9c57cf42238ad,True,[],1,1,"[""NULL_SCORE_OPPORTUNITY_UPGRADE"", ""UNRATED_ACTIONABLE_ALERT"", ""NO_AVAILABLE_OPPORTUNITY_COMPONENTS""]"
KEYS,2015,104,2026-08-13,2026-08-13 19:12:51.330758+02:00,26,0,[],"[""revision_magnitude"", ""revision_breadth"", ""revision_acceleration"", ""surprise_trend"", ""guidance"", ""catalysts"", ""price_response""]",0.0,0.0,,,3.0,3.0,Insufficient,0.0,Unrated,37ac0179a7c5b50501d3f8bb345734ae196f05d0e54bb8b3040b9b687cb47811,37ac0179a7c5b50501d3f8bb345734ae196f05d0e54bb8b3040b9b687cb47811,True,[],1,0,"[""NULL_SCORE_OPPORTUNITY_UPGRADE"", ""NO_AVAILABLE_OPPORTUNITY_COMPONENTS""]"
KN,2061,105,2026-08-13,2026-08-13 19:12:51.330758+02:00,5,0,[],"[""revision_magnitude"", ""revision_breadth"", ""revision_acceleration"", ""surprise_trend"", ""guidance"", ""catalysts"", ""price_response""]",0.0,0.0,,,0.0,0.0,Insufficient,0.0,Unrated,dfcac598811652eacd8aac57ac3df8a7e047b215d76662e4741b8cb2314a0a96,dfcac598811652eacd8aac57ac3df8a7e047b215d76662e4741b8cb2314a0a96,True,[],1,0,"[""NULL_SCORE_OPPORTUNITY_UPGRADE"", ""NO_AVAILABLE_OPPORTUNITY_COMPONENTS""]"
LB,2195,107,2026-08-13,2026-08-13 19:12:51.330758+02:00,5,0,[],"[""revision_magnitude"", ""revision_breadth"", ""revision_acceleration"", ""surprise_trend"", ""guidance"", ""catalysts"", ""price_response""]",0.0,0.0,,,0.0,0.0,Insufficient,0.0,Unrated,edf5198ed595a7ba8a1b50ef34f15d9ddafe9955afe3e8b2e322fee829e9ce29,edf5198ed595a7ba8a1b50ef34f15d9ddafe9955afe3e8b2e322fee829e9ce29,True,[],1,0,"[""NULL_SCORE_OPPORTUNITY_UPGRADE"", ""NO_AVAILABLE_OPPORTUNITY_COMPONENTS""]"
LECO,2075,108,2026-08-13,2026-08-13 19:12:51.330758+02:00,10,0,[],"[""revision_magnitude"", ""revision_breadth"", ""revision_acceleration"", ""surprise_trend"", ""guidance"", ""catalysts"", ""price_response""]",0.0,0.0,,,0.0,0.0,Insufficient,0.0,Unrated,ef4ea0164452afd1f990e35fff19684dc55e5b0e8daac2e43b5a0b0f0c962508,ef4ea0164452afd1f990e35fff19684dc55e5b0e8daac2e43b5a0b0f0c962508,True,[],1,0,"[""NULL_SCORE_OPPORTUNITY_UPGRADE"", ""NO_AVAILABLE_OPPORTUNITY_COMPONENTS""]"
LIVN,2026,647,2026-08-13,2026-08-13 19:12:51.330758+02:00,7,0,[],"[""revision_magnitude"", ""revision_breadth"", ""revision_acceleration"", ""surprise_trend"", ""guidance"", ""catalysts"", ""price_response""]",0.0,0.0,,,0.0,0.0,Insufficient,0.0,Unrated,3dfcaa0fa672a6d6196463ca97264e00aa6c123fedc1351e8d4b51186c148d6c,3dfcaa0fa672a6d6196463ca97264e00aa6c123fedc1351e8d4b51186c148d6c,True,[],1,1,"[""NULL_SCORE_OPPORTUNITY_UPGRADE"", ""UNRATED_ACTIONABLE_ALERT"", ""NO_AVAILABLE_OPPORTUNITY_COMPONENTS""]"
LLY,2110,111,2026-08-13,2026-08-13 19:12:51.330758+02:00,99,0,[],"[""revision_magnitude"", ""revision_breadth"", ""revision_acceleration"", ""surprise_trend"", ""guidance"", ""catalysts"", ""price_response""]",0.0,0.0,,,0.0,0.0,Insufficient,0.0,Unrated,fd0942abef1bc1dae1f79cc61292952ef1f870da5f3f9c2e5463f28d720275ca,fd0942abef1bc1dae1f79cc61292952ef1f870da5f3f9c2e5463f28d720275ca,True,[],1,0,"[""NULL_SCORE_OPPORTUNITY_UPGRADE"", ""NO_AVAILABLE_OPPORTUNITY_COMPONENTS""]"
LNC,2169,369,2026-08-13,2026-08-13 19:12:51.330758+02:00,15,0,[],"[""revision_magnitude"", ""revision_breadth"", ""revision_acceleration"", ""surprise_trend"", ""guidance"", ""catalysts"", ""price_response""]",0.0,0.0,,,0.0,0.0,Insufficient,0.0,Unrated,b9c8e18e7fa0cb73ab8f0f6f9be1244ab1d77666c9b5727d0dd76afc8a887e2f,b9c8e18e7fa0cb73ab8f0f6f9be1244ab1d77666c9b5727d0dd76afc8a887e2f,True,[],1,0,"[""NULL_SCORE_OPPORTUNITY_UPGRADE"", ""NO_AVAILABLE_OPPORTUNITY_COMPONENTS""]"
LNG,2070,529,2026-08-13,2026-08-13 19:12:51.330758+02:00,6,0,[],"[""revision_magnitude"", ""revision_breadth"", ""revision_acceleration"", ""surprise_trend"", ""guidance"", ""catalysts"", ""price_response""]",0.0,0.0,,,0.0,0.0,Insufficient,0.0,Unrated,08ca78d5dc217e9b24b9795e569d83207c91d1bd40e5ce16912b924b3fac3c83,08ca78d5dc217e9b24b9795e569d83207c91d1bd40e5ce16912b924b3fac3c83,True,[],1,0,"[""NULL_SCORE_OPPORTUNITY_UPGRADE"", ""NO_AVAILABLE_OPPORTUNITY_COMPONENTS""]"
LPG,2008,112,2026-08-13,2026-08-13 19:12:51.330758+02:00,7,0,[],"[""revision_magnitude"", ""revision_breadth"", ""revision_acceleration"", ""surprise_trend"", ""guidance"", ""catalysts"", ""price_response""]",0.0,0.0,,,0.0,0.0,Insufficient,0.0,Unrated,e2fcb756f89bc7cd45972ae430603cde28674d7e60caaf69b6eb5a1769a5888c,e2fcb756f89bc7cd45972ae430603cde28674d7e60caaf69b6eb5a1769a5888c,True,[],1,0,"[""NULL_SCORE_OPPORTUNITY_UPGRADE"", ""NO_AVAILABLE_OPPORTUNITY_COMPONENTS""]"
LTH,2130,370,2026-08-13,2026-08-13 19:12:51.330758+02:00,7,0,[],"[""revision_magnitude"", ""revision_breadth"", ""revision_acceleration"", ""surprise_trend"", ""guidance"", ""catalysts"", ""price_response""]",0.0,0.0,,,0.0,0.0,Insufficient,0.0,Unrated,01ae0970b40688c56eba60af79f8e88719a1b0e28cbaf1534b754aec2256b47c,01ae0970b40688c56eba60af79f8e88719a1b0e28cbaf1534b754aec2256b47c,True,[],1,0,"[""NULL_SCORE_OPPORTUNITY_UPGRADE"", ""NO_AVAILABLE_OPPORTUNITY_COMPONENTS""]"
LYFT,2194,372,2026-08-13,2026-08-13 19:12:51.330758+02:00,25,0,[],"[""revision_magnitude"", ""revision_breadth"", ""revision_acceleration"", ""surprise_trend"", ""guidance"", ""catalysts"", ""price_response""]",0.0,0.0,,,0.0,0.0,Insufficient,0.0,Unrated,8d4ab860dd8d9910d425aa22646bf5a3ed0b3a65358d50f8e6b3636f4be178d4,8d4ab860dd8d9910d425aa22646bf5a3ed0b3a65358d50f8e6b3636f4be178d4,True,[],1,0,"[""NULL_SCORE_OPPORTUNITY_UPGRADE"", ""NO_AVAILABLE_OPPORTUNITY_COMPONENTS""]"
MET,2149,115,2026-08-13,2026-08-13 19:12:51.330758+02:00,19,1114,"[""guidance""]","[""revision_magnitude"", ""revision_breadth"", ""revision_acceleration"", ""surprise_trend"", ""catalysts"", ""price_response""]",15.0,15.0,,,0.0,0.0,Insufficient,0.0,Unrated,ccd6b80193152a550bf8e2c0ce7109e12faf881daa09d926c7054bcb303a7bdc,ccd6b80193152a550bf8e2c0ce7109e12faf881daa09d926c7054bcb303a7bdc,True,[4281],1,0,"[""NULL_SCORE_OPPORTUNITY_UPGRADE"", ""STALE_SEC_GUIDANCE_SELECTED""]"
MGY,2057,648,2026-08-13,2026-08-13 19:12:51.330758+02:00,5,0,[],"[""revision_magnitude"", ""revision_breadth"", ""revision_acceleration"", ""surprise_trend"", ""guidance"", ""catalysts"", ""price_response""]",0.0,0.0,,,0.0,0.0,Insufficient,0.0,Unrated,e50777cb84cfddda1ac32c91dc8d8596e1c29eded4021505230fbf3a878c43ac,e50777cb84cfddda1ac32c91dc8d8596e1c29eded4021505230fbf3a878c43ac,True,[],1,1,"[""NULL_SCORE_OPPORTUNITY_UPGRADE"", ""UNRATED_ACTIONABLE_ALERT"", ""NO_AVAILABLE_OPPORTUNITY_COMPONENTS""]"
MITK,2119,117,2026-08-13,2026-08-13 19:12:51.330758+02:00,6,0,[],"[""revision_magnitude"", ""revision_breadth"", ""revision_acceleration"", ""surprise_trend"", ""guidance"", ""catalysts"", ""price_response""]",0.0,0.0,,,0.0,0.0,Insufficient,0.0,Unrated,2dc974b4c88b8e263d86902b240f246bbd6907125f1a9228f230920b121ad794,2dc974b4c88b8e263d86902b240f246bbd6907125f1a9228f230920b121ad794,True,[],1,0,"[""NULL_SCORE_OPPORTUNITY_UPGRADE"", ""NO_AVAILABLE_OPPORTUNITY_COMPONENTS""]"
MLI,2155,118,2026-08-13,2026-08-13 19:12:51.330758+02:00,7,601,"[""guidance""]","[""revision_magnitude"", ""revision_breadth"", ""revision_acceleration"", ""surprise_trend"", ""catalysts"", ""price_response""]",15.0,15.0,,,0.0,0.0,Insufficient,0.0,Unrated,9ee2a24269f409366703acd3155357e27518bc3e696f664a9a1636778d8a1a7d,9ee2a24269f409366703acd3155357e27518bc3e696f664a9a1636778d8a1a7d,True,"[191, 192]",1,0,"[""NULL_SCORE_OPPORTUNITY_UPGRADE"", ""STALE_SEC_GUIDANCE_SELECTED"", ""IMPLAUSIBLE_SEC_GUIDANCE_VALUE""]"
MOG.A,2024,119,2026-08-13,2026-08-13 19:12:51.330758+02:00,0,0,[],"[""revision_magnitude"", ""revision_breadth"", ""revision_acceleration"", ""surprise_trend"", ""guidance"", ""catalysts"", ""price_response""]",0.0,0.0,,,0.0,0.0,Insufficient,0.0,Unrated,75173f2e659640673ff74dea34adbe8fa5533f0c3c9d0921557131e4ef98efb3,75173f2e659640673ff74dea34adbe8fa5533f0c3c9d0921557131e4ef98efb3,True,[],1,1,"[""NULL_SCORE_OPPORTUNITY_UPGRADE"", ""UNRATED_ACTIONABLE_ALERT"", ""NO_AVAILABLE_OPPORTUNITY_COMPONENTS""]"
MPWR,2048,649,2026-08-13,2026-08-13 19:12:51.330758+02:00,9,0,[],"[""revision_magnitude"", ""revision_breadth"", ""revision_acceleration"", ""surprise_trend"", ""guidance"", ""catalysts"", ""price_response""]",0.0,0.0,,,0.0,0.0,Insufficient,0.0,Unrated,52b0a600aa6a4a8e0ba7b792a09fae20cb95ebd0815deea93aa2bf7a4a7fe4cc,52b0a600aa6a4a8e0ba7b792a09fae20cb95ebd0815deea93aa2bf7a4a7fe4cc,True,[],1,1,"[""NULL_SCORE_OPPORTUNITY_UPGRADE"", ""UNRATED_ACTIONABLE_ALERT"", ""NO_AVAILABLE_OPPORTUNITY_COMPONENTS""]"
MS,2060,121,2026-08-13,2026-08-13 19:12:51.330758+02:00,39,0,[],"[""revision_magnitude"", ""revision_breadth"", ""revision_acceleration"", ""surprise_trend"", ""guidance"", ""catalysts"", ""price_response""]",0.0,0.0,,,0.0,0.0,Insufficient,0.0,Unrated,369d0b3173f02be15e068d3fbda46b071d061c6c698d0b940a4e733871536681,369d0b3173f02be15e068d3fbda46b071d061c6c698d0b940a4e733871536681,True,[],1,0,"[""NULL_SCORE_OPPORTUNITY_UPGRADE"", ""NO_AVAILABLE_OPPORTUNITY_COMPONENTS""]"
NBN,2153,122,2026-08-13,2026-08-13 19:12:51.330758+02:00,4,0,[],"[""revision_magnitude"", ""revision_breadth"", ""revision_acceleration"", ""surprise_trend"", ""guidance"", ""catalysts"", ""price_response""]",0.0,0.0,,,0.0,0.0,Insufficient,0.0,Unrated,fa0f0f901ef1a4b482628c34be856988aec39a216c87600fc3f94f49a94f9a79,fa0f0f901ef1a4b482628c34be856988aec39a216c87600fc3f94f49a94f9a79,True,[],1,0,"[""NULL_SCORE_OPPORTUNITY_UPGRADE"", ""NO_AVAILABLE_OPPORTUNITY_COMPONENTS""]"
NBTB,2072,123,2026-08-13,2026-08-13 19:12:51.330758+02:00,6,1940,[],"[""revision_magnitude"", ""revision_breadth"", ""revision_acceleration"", ""surprise_trend"", ""guidance"", ""catalysts"", ""price_response""]",0.0,0.0,,,0.0,0.0,Insufficient,0.0,Unrated,1f6adefaa7537d46a9a21e5e47caa69eb91bc0f6dc0205b3c376396cc582a562,1f6adefaa7537d46a9a21e5e47caa69eb91bc0f6dc0205b3c376396cc582a562,True,[],1,0,"[""NULL_SCORE_OPPORTUNITY_UPGRADE"", ""NO_AVAILABLE_OPPORTUNITY_COMPONENTS""]"
NIC,2128,125,2026-08-13,2026-08-13 19:12:51.330758+02:00,6,531,"[""guidance""]","[""revision_magnitude"", ""revision_breadth"", ""revision_acceleration"", ""surprise_trend"", ""catalysts"", ""price_response""]",15.0,15.0,,,0.0,0.0,Insufficient,0.0,Unrated,7d2e73ed065813b2083ce7f817c23cd3adcbe8fdd692d0f005f7a8ad9fcbfb8e,7d2e73ed065813b2083ce7f817c23cd3adcbe8fdd692d0f005f7a8ad9fcbfb8e,True,[18207],1,0,"[""NULL_SCORE_OPPORTUNITY_UPGRADE"", ""STALE_SEC_GUIDANCE_SELECTED"", ""IMPLAUSIBLE_SEC_GUIDANCE_VALUE""]"
NLY,2148,126,2026-08-13,2026-08-13 19:12:51.330758+02:00,11,0,[],"[""revision_magnitude"", ""revision_breadth"", ""revision_acceleration"", ""surprise_trend"", ""guidance"", ""catalysts"", ""price_response""]",0.0,0.0,,,0.0,0.0,Insufficient,0.0,Unrated,552e5de0304e939f3fdcbcf4a23cf24d97da850739bcfa63fb92e7771e1e1de8,552e5de0304e939f3fdcbcf4a23cf24d97da850739bcfa63fb92e7771e1e1de8,True,[],1,0,"[""NULL_SCORE_OPPORTUNITY_UPGRADE"", ""NO_AVAILABLE_OPPORTUNITY_COMPONENTS""]"
NPO,2054,650,2026-08-13,2026-08-13 19:12:51.330758+02:00,6,0,[],"[""revision_magnitude"", ""revision_breadth"", ""revision_acceleration"", ""surprise_trend"", ""guidance"", ""catalysts"", ""price_response""]",0.0,0.0,,,0.0,0.0,Insufficient,0.0,Unrated,5450f461bf523365d5c2fa3b2ecd12cca0b00a1d8a36f27e14fb5bfd736817ce,5450f461bf523365d5c2fa3b2ecd12cca0b00a1d8a36f27e14fb5bfd736817ce,True,[],1,1,"[""NULL_SCORE_OPPORTUNITY_UPGRADE"", ""UNRATED_ACTIONABLE_ALERT"", ""NO_AVAILABLE_OPPORTUNITY_COMPONENTS""]"
NVDA,2016,128,2026-08-13,2026-08-13 19:12:51.330758+02:00,281,165,"[""guidance""]","[""revision_magnitude"", ""revision_breadth"", ""revision_acceleration"", ""surprise_trend"", ""catalysts"", ""price_response""]",15.0,15.0,,,1.5,1.5,Insufficient,0.0,Unrated,79993a651d8f1bf82ce745684d054452d8af40854e4f1f9a07092e2bbfd782d1,79993a651d8f1bf82ce745684d054452d8af40854e4f1f9a07092e2bbfd782d1,True,[23105],1,0,"[""NULL_SCORE_OPPORTUNITY_UPGRADE"", ""STALE_SEC_GUIDANCE_SELECTED"", ""IMPLAUSIBLE_SEC_GUIDANCE_VALUE""]"
NVST,2093,129,2026-08-13,2026-08-13 19:12:51.330758+02:00,16,397,[],"[""revision_magnitude"", ""revision_breadth"", ""revision_acceleration"", ""surprise_trend"", ""guidance"", ""catalysts"", ""price_response""]",0.0,0.0,,,0.0,0.0,Insufficient,0.0,Unrated,14bedc1fa27ae32347c651196235ccc0a5d9f209a9681f028610d70c2386ae4e,14bedc1fa27ae32347c651196235ccc0a5d9f209a9681f028610d70c2386ae4e,True,[],1,0,"[""NULL_SCORE_OPPORTUNITY_UPGRADE"", ""NO_AVAILABLE_OPPORTUNITY_COMPONENTS""]"
NVT,2032,130,2026-08-13,2026-08-13 19:12:51.330758+02:00,9,0,[],"[""revision_magnitude"", ""revision_breadth"", ""revision_acceleration"", ""surprise_trend"", ""guidance"", ""catalysts"", ""price_response""]",0.0,0.0,,,0.0,0.0,Insufficient,0.0,Unrated,9078a1ad95df884d34e33d75497bf2d8bd1c92854d827357e8aeee553ede508d,9078a1ad95df884d34e33d75497bf2d8bd1c92854d827357e8aeee553ede508d,True,[],1,0,"[""NULL_SCORE_OPPORTUNITY_UPGRADE"", ""NO_AVAILABLE_OPPORTUNITY_COMPONENTS""]"
NWBI,2102,131,2026-08-13,2026-08-13 19:12:51.330758+02:00,5,0,[],"[""revision_magnitude"", ""revision_breadth"", ""revision_acceleration"", ""surprise_trend"", ""guidance"", ""catalysts"", ""price_response""]",0.0,0.0,,,0.0,0.0,Insufficient,0.0,Unrated,8237c06bd951267ae2d9c203014f9e5f65571c4c4a195454b8b214aaea28b9c3,8237c06bd951267ae2d9c203014f9e5f65571c4c4a195454b8b214aaea28b9c3,True,[],1,0,"[""NULL_SCORE_OPPORTUNITY_UPGRADE"", ""NO_AVAILABLE_OPPORTUNITY_COMPONENTS""]"
OKE,2069,530,2026-08-13,2026-08-13 19:12:51.330758+02:00,5,0,[],"[""revision_magnitude"", ""revision_breadth"", ""revision_acceleration"", ""surprise_trend"", ""guidance"", ""catalysts"", ""price_response""]",0.0,0.0,,,0.0,0.0,Insufficient,0.0,Unrated,d7a27db24be356152bdbac60c48e4fe60016582c619ee8b0c4a4816a9d88a2cb,d7a27db24be356152bdbac60c48e4fe60016582c619ee8b0c4a4816a9d88a2cb,True,[],1,0,"[""NULL_SCORE_OPPORTUNITY_UPGRADE"", ""NO_AVAILABLE_OPPORTUNITY_COMPONENTS""]"
OKTA,2186,623,2026-08-13,2026-08-13 19:12:51.330758+02:00,13,0,[],"[""revision_magnitude"", ""revision_breadth"", ""revision_acceleration"", ""surprise_trend"", ""guidance"", ""catalysts"", ""price_response""]",0.0,0.0,,,1.5,1.5,Insufficient,0.0,Unrated,4127ddc90a553a034acb8056a20db2b7564b51e1288a36343b1516bedb5b4444,4127ddc90a553a034acb8056a20db2b7564b51e1288a36343b1516bedb5b4444,True,[],1,1,"[""NULL_SCORE_OPPORTUNITY_UPGRADE"", ""UNRATED_ACTIONABLE_ALERT"", ""NO_AVAILABLE_OPPORTUNITY_COMPONENTS""]"
OMC,2162,133,2026-08-13,2026-08-13 19:12:51.330758+02:00,6,230,[],"[""revision_magnitude"", ""revision_breadth"", ""revision_acceleration"", ""surprise_trend"", ""guidance"", ""catalysts"", ""price_response""]",0.0,0.0,,,0.0,0.0,Insufficient,0.0,Unrated,d5dfcfdc383fcf81759d64f08b8048cba78fd9818b94ae82cf8589008a3e6108,d5dfcfdc383fcf81759d64f08b8048cba78fd9818b94ae82cf8589008a3e6108,True,[],1,0,"[""NULL_SCORE_OPPORTUNITY_UPGRADE"", ""NO_AVAILABLE_OPPORTUNITY_COMPONENTS""]"
ONB,2079,134,2026-08-13,2026-08-13 19:12:51.330758+02:00,7,0,[],"[""revision_magnitude"", ""revision_breadth"", ""revision_acceleration"", ""surprise_trend"", ""guidance"", ""catalysts"", ""price_response""]",0.0,0.0,,,0.0,0.0,Insufficient,0.0,Unrated,1d9d65b39faa691c77652ea67bc715ac1103816db42b7f48a4000b3b0757ac82,1d9d65b39faa691c77652ea67bc715ac1103816db42b7f48a4000b3b0757ac82,True,[],1,0,"[""NULL_SCORE_OPPORTUNITY_UPGRADE"", ""NO_AVAILABLE_OPPORTUNITY_COMPONENTS""]"
OPY,2053,136,2026-08-13,2026-08-13 19:12:51.330758+02:00,8,0,[],"[""revision_magnitude"", ""revision_breadth"", ""revision_acceleration"", ""surprise_trend"", ""guidance"", ""catalysts"", ""price_response""]",0.0,0.0,,,0.0,0.0,Insufficient,0.0,Unrated,fb195593038ed34baa8abdde5d8b70d52785313a7380dd847e2bf6193870e4c9,fb195593038ed34baa8abdde5d8b70d52785313a7380dd847e2bf6193870e4c9,True,[],1,0,"[""NULL_SCORE_OPPORTUNITY_UPGRADE"", ""NO_AVAILABLE_OPPORTUNITY_COMPONENTS""]"
ORI,2127,137,2026-08-13,2026-08-13 19:12:51.330758+02:00,6,620,[],"[""revision_magnitude"", ""revision_breadth"", ""revision_acceleration"", ""surprise_trend"", ""guidance"", ""catalysts"", ""price_response""]",0.0,0.0,,,0.0,0.0,Insufficient,0.0,Unrated,5e601737f9033170c2098440dca2fed93b8e8add1605826d1b05e2d05aa16c11,5e601737f9033170c2098440dca2fed93b8e8add1605826d1b05e2d05aa16c11,True,[],1,0,"[""NULL_SCORE_OPPORTUNITY_UPGRADE"", ""NO_AVAILABLE_OPPORTUNITY_COMPONENTS""]"
OSCR,2002,651,2026-08-13,2026-08-13 19:12:51.330758+02:00,6,0,[],"[""revision_magnitude"", ""revision_breadth"", ""revision_acceleration"", ""surprise_trend"", ""guidance"", ""catalysts"", ""price_response""]",0.0,0.0,,,0.0,0.0,Insufficient,0.0,Unrated,ffe9870d908b41f8d04332f46008b51d03e6301043ab8562234350e691399395,ffe9870d908b41f8d04332f46008b51d03e6301043ab8562234350e691399395,True,[],1,1,"[""NULL_SCORE_OPPORTUNITY_UPGRADE"", ""UNRATED_ACTIONABLE_ALERT"", ""NO_AVAILABLE_OPPORTUNITY_COMPONENTS""]"
OSW,2033,652,2026-08-13,2026-08-13 19:12:51.330758+02:00,4,0,[],"[""revision_magnitude"", ""revision_breadth"", ""revision_acceleration"", ""surprise_trend"", ""guidance"", ""catalysts"", ""price_response""]",0.0,0.0,,,0.0,0.0,Insufficient,0.0,Unrated,6725950d5886df84ac395946c2e0e305ad440a10926255c8ecb37eaaf7dbead9,6725950d5886df84ac395946c2e0e305ad440a10926255c8ecb37eaaf7dbead9,True,[],1,1,"[""NULL_SCORE_OPPORTUNITY_UPGRADE"", ""UNRATED_ACTIONABLE_ALERT"", ""NO_AVAILABLE_OPPORTUNITY_COMPONENTS""]"
PACS,2062,653,2026-08-13,2026-08-13 19:12:51.330758+02:00,6,0,[],"[""revision_magnitude"", ""revision_breadth"", ""revision_acceleration"", ""surprise_trend"", ""guidance"", ""catalysts"", ""price_response""]",0.0,0.0,,,0.0,0.0,Insufficient,0.0,Unrated,a54b4414623b8c249c11d950230e9387400a5522389b400b1de449ba2d400d83,a54b4414623b8c249c11d950230e9387400a5522389b400b1de449ba2d400d83,True,[],1,1,"[""NULL_SCORE_OPPORTUNITY_UPGRADE"", ""UNRATED_ACTIONABLE_ALERT"", ""NO_AVAILABLE_OPPORTUNITY_COMPONENTS""]"
PKE,2050,140,2026-08-13,2026-08-13 19:12:51.330758+02:00,5,0,[],"[""revision_magnitude"", ""revision_breadth"", ""revision_acceleration"", ""surprise_trend"", ""guidance"", ""catalysts"", ""price_response""]",0.0,0.0,,,0.0,0.0,Insufficient,0.0,Unrated,bcbf3f42c439fd2f033202e563596afa2503f2bdebb5dc55caea18e80b140621,bcbf3f42c439fd2f033202e563596afa2503f2bdebb5dc55caea18e80b140621,True,[],1,0,"[""NULL_SCORE_OPPORTUNITY_UPGRADE"", ""NO_AVAILABLE_OPPORTUNITY_COMPONENTS""]"
PKG,2161,420,2026-08-13,2026-08-13 19:12:51.330758+02:00,10,0,[],"[""revision_magnitude"", ""revision_breadth"", ""revision_acceleration"", ""surprise_trend"", ""guidance"", ""catalysts"", ""price_response""]",0.0,0.0,,,0.0,0.0,Insufficient,0.0,Unrated,04c0f0754331eb8a8f1f183cd6c1662e0413b07b0e82939d943f286a081329fe,04c0f0754331eb8a8f1f183cd6c1662e0413b07b0e82939d943f286a081329fe,True,[],1,0,"[""NULL_SCORE_OPPORTUNITY_UPGRADE"", ""NO_AVAILABLE_OPPORTUNITY_COMPONENTS""]"
PR,2141,532,2026-08-13,2026-08-13 19:12:51.330758+02:00,6,0,[],"[""revision_magnitude"", ""revision_breadth"", ""revision_acceleration"", ""surprise_trend"", ""guidance"", ""catalysts"", ""price_response""]",0.0,0.0,,,0.0,0.0,Insufficient,0.0,Unrated,f9d9d12dcbd22e6d33c02e8012e98d44f2f35f267653bce7849734b992e2f333,f9d9d12dcbd22e6d33c02e8012e98d44f2f35f267653bce7849734b992e2f333,True,[],1,0,"[""NULL_SCORE_OPPORTUNITY_UPGRADE"", ""NO_AVAILABLE_OPPORTUNITY_COMPONENTS""]"
PRK,2064,143,2026-08-13,2026-08-13 19:12:51.330758+02:00,4,0,[],"[""revision_magnitude"", ""revision_breadth"", ""revision_acceleration"", ""surprise_trend"", ""guidance"", ""catalysts"", ""price_response""]",0.0,0.0,,,0.0,0.0,Insufficient,0.0,Unrated,8297bcd13fab233ea68d495a0875db09aef3e380362355b28631d3e7c0640a56,8297bcd13fab233ea68d495a0875db09aef3e380362355b28631d3e7c0640a56,True,[],1,0,"[""NULL_SCORE_OPPORTUNITY_UPGRADE"", ""NO_AVAILABLE_OPPORTUNITY_COMPONENTS""]"
PRU,2115,144,2026-08-13,2026-08-13 19:12:51.330758+02:00,12,0,[],"[""revision_magnitude"", ""revision_breadth"", ""revision_acceleration"", ""surprise_trend"", ""guidance"", ""catalysts"", ""price_response""]",0.0,0.0,,,0.0,0.0,Insufficient,0.0,Unrated,0ecceb5ffb13fc64632a66073e36e0db57c525f3393ae51c4a25d0e4995d4da7,0ecceb5ffb13fc64632a66073e36e0db57c525f3393ae51c4a25d0e4995d4da7,True,[],1,0,"[""NULL_SCORE_OPPORTUNITY_UPGRADE"", ""NO_AVAILABLE_OPPORTUNITY_COMPONENTS""]"
PWR,2065,654,2026-08-13,2026-08-13 19:12:51.330758+02:00,10,0,[],"[""revision_magnitude"", ""revision_breadth"", ""revision_acceleration"", ""surprise_trend"", ""guidance"", ""catalysts"", ""price_response""]",0.0,0.0,,,0.0,0.0,Insufficient,0.0,Unrated,a47b0fc1b8b96b3ad61feb2471f77269887020b6f515304c3f952b0c56e4b016,a47b0fc1b8b96b3ad61feb2471f77269887020b6f515304c3f952b0c56e4b016,True,[],1,1,"[""NULL_SCORE_OPPORTUNITY_UPGRADE"", ""UNRATED_ACTIONABLE_ALERT"", ""NO_AVAILABLE_OPPORTUNITY_COMPONENTS""]"
RAMP,2124,146,2026-08-13,2026-08-13 19:12:51.330758+02:00,5,0,[],"[""revision_magnitude"", ""revision_breadth"", ""revision_acceleration"", ""surprise_trend"", ""guidance"", ""catalysts"", ""price_response""]",0.0,0.0,,,0.0,0.0,Insufficient,0.0,Unrated,759d06da3f31de6219e8ddabe1eb626397e8317c9ecdeb678b1ca12ff012d2a4,759d06da3f31de6219e8ddabe1eb626397e8317c9ecdeb678b1ca12ff012d2a4,True,[],1,0,"[""NULL_SCORE_OPPORTUNITY_UPGRADE"", ""NO_AVAILABLE_OPPORTUNITY_COMPONENTS""]"
RDVT,2191,655,2026-08-13,2026-08-13 19:12:51.330758+02:00,7,0,[],"[""revision_magnitude"", ""revision_breadth"", ""revision_acceleration"", ""surprise_trend"", ""guidance"", ""catalysts"", ""price_response""]",0.0,0.0,,,0.0,0.0,Insufficient,0.0,Unrated,872d4dc79f93464616cff2f64e83affcd50cd56a6e81a8d33ce5cd07aefdf822,872d4dc79f93464616cff2f64e83affcd50cd56a6e81a8d33ce5cd07aefdf822,True,[],1,1,"[""NULL_SCORE_OPPORTUNITY_UPGRADE"", ""UNRATED_ACTIONABLE_ALERT"", ""NO_AVAILABLE_OPPORTUNITY_COMPONENTS""]"
RELY,2029,147,2026-08-13,2026-08-13 19:12:51.330758+02:00,11,0,[],"[""revision_magnitude"", ""revision_breadth"", ""revision_acceleration"", ""surprise_trend"", ""guidance"", ""catalysts"", ""price_response""]",0.0,0.0,,,0.0,0.0,Insufficient,0.0,Unrated,ebc5cfa105fee9464876d7053fb98577c69fafaddd791be214a9ee68c45fe10b,ebc5cfa105fee9464876d7053fb98577c69fafaddd791be214a9ee68c45fe10b,True,[],1,0,"[""NULL_SCORE_OPPORTUNITY_UPGRADE"", ""NO_AVAILABLE_OPPORTUNITY_COMPONENTS""]"
RGA,2100,148,2026-08-13,2026-08-13 19:12:51.330758+02:00,15,0,[],"[""revision_magnitude"", ""revision_breadth"", ""revision_acceleration"", ""surprise_trend"", ""guidance"", ""catalysts"", ""price_response""]",0.0,0.0,,,0.0,0.0,Insufficient,0.0,Unrated,7e838130aaffb3fab0710967743b080467998d26e9bee4ef812e2d0dbdf869ed,7e838130aaffb3fab0710967743b080467998d26e9bee4ef812e2d0dbdf869ed,True,[],1,0,"[""NULL_SCORE_OPPORTUNITY_UPGRADE"", ""NO_AVAILABLE_OPPORTUNITY_COMPONENTS""]"
RL,2157,149,2026-08-13,2026-08-13 19:12:51.330758+02:00,24,0,[],"[""revision_magnitude"", ""revision_breadth"", ""revision_acceleration"", ""surprise_trend"", ""guidance"", ""catalysts"", ""price_response""]",0.0,0.0,,,0.0,0.0,Insufficient,0.0,Unrated,702006087f76cd69e9ea84dcdd88b5df6b7eb65ca15078bb6b54f5bc818c3cfd,702006087f76cd69e9ea84dcdd88b5df6b7eb65ca15078bb6b54f5bc818c3cfd,True,[],1,0,"[""NULL_SCORE_OPPORTUNITY_UPGRADE"", ""NO_AVAILABLE_OPPORTUNITY_COMPONENTS""]"
RNST,2071,656,2026-08-13,2026-08-13 19:12:51.330758+02:00,4,0,[],"[""revision_magnitude"", ""revision_breadth"", ""revision_acceleration"", ""surprise_trend"", ""guidance"", ""catalysts"", ""price_response""]",0.0,0.0,,,0.0,0.0,Insufficient,0.0,Unrated,7853335a3c392141c055f44d4ac886b710fd144786f1401ea180e7e3553b9595,7853335a3c392141c055f44d4ac886b710fd144786f1401ea180e7e3553b9595,True,[],1,1,"[""NULL_SCORE_OPPORTUNITY_UPGRADE"", ""UNRATED_ACTIONABLE_ALERT"", ""NO_AVAILABLE_OPPORTUNITY_COMPONENTS""]"
ROST,2183,597,2026-08-13,2026-08-13 19:12:51.330758+02:00,10,0,[],"[""revision_magnitude"", ""revision_breadth"", ""revision_acceleration"", ""surprise_trend"", ""guidance"", ""catalysts"", ""price_response""]",0.0,0.0,,,3.0,3.0,Insufficient,0.0,Unrated,60ce90a13c5af6896066fe49183c27a423aff3973bc320cb4ba684bf4f44a5e1,60ce90a13c5af6896066fe49183c27a423aff3973bc320cb4ba684bf4f44a5e1,True,[],1,1,"[""NULL_SCORE_OPPORTUNITY_UPGRADE"", ""UNRATED_ACTIONABLE_ALERT"", ""NO_AVAILABLE_OPPORTUNITY_COMPONENTS""]"
RPRX,2031,533,2026-08-13,2026-08-13 19:12:51.330758+02:00,8,0,[],"[""revision_magnitude"", ""revision_breadth"", ""revision_acceleration"", ""surprise_trend"", ""guidance"", ""catalysts"", ""price_response""]",0.0,0.0,,,0.0,0.0,Insufficient,0.0,Unrated,9459932e5ca27f41dfd4b07dceb5af29c3523e038e8203ec778f86c51e8eec82,9459932e5ca27f41dfd4b07dceb5af29c3523e038e8203ec778f86c51e8eec82,True,[],1,0,"[""NULL_SCORE_OPPORTUNITY_UPGRADE"", ""NO_AVAILABLE_OPPORTUNITY_COMPONENTS""]"
RRC,2180,534,2026-08-13,2026-08-13 19:12:51.330758+02:00,13,0,[],"[""revision_magnitude"", ""revision_breadth"", ""revision_acceleration"", ""surprise_trend"", ""guidance"", ""catalysts"", ""price_response""]",0.0,0.0,,,0.0,0.0,Insufficient,0.0,Unrated,695d1796952b5c2a0776f181265f3161da824ba83cbb797f7ac3179f94f1c9a2,695d1796952b5c2a0776f181265f3161da824ba83cbb797f7ac3179f94f1c9a2,True,[],1,0,"[""NULL_SCORE_OPPORTUNITY_UPGRADE"", ""NO_AVAILABLE_OPPORTUNITY_COMPONENTS""]"
SBCF,2103,151,2026-08-13,2026-08-13 19:12:51.330758+02:00,5,0,[],"[""revision_magnitude"", ""revision_breadth"", ""revision_acceleration"", ""surprise_trend"", ""guidance"", ""catalysts"", ""price_response""]",0.0,0.0,,,0.0,0.0,Insufficient,0.0,Unrated,021fbaa8e58b3de4e41549dc13d5ef62f8bd210b3f99c16fa938b9568ba0805b,021fbaa8e58b3de4e41549dc13d5ef62f8bd210b3f99c16fa938b9568ba0805b,True,[],1,0,"[""NULL_SCORE_OPPORTUNITY_UPGRADE"", ""NO_AVAILABLE_OPPORTUNITY_COMPONENTS""]"
SHC,2176,155,2026-08-13,2026-08-13 19:12:51.330758+02:00,14,0,[],"[""revision_magnitude"", ""revision_breadth"", ""revision_acceleration"", ""surprise_trend"", ""guidance"", ""catalysts"", ""price_response""]",0.0,0.0,,,0.0,0.0,Insufficient,0.0,Unrated,e90384250eca2c3a04b4e359ef7c2c5cc890968c703f05691ea90bd2a59bf0d0,e90384250eca2c3a04b4e359ef7c2c5cc890968c703f05691ea90bd2a59bf0d0,True,[],1,0,"[""NULL_SCORE_OPPORTUNITY_UPGRADE"", ""NO_AVAILABLE_OPPORTUNITY_COMPONENTS""]"
SHOO,2181,156,2026-08-13,2026-08-13 19:12:51.330758+02:00,9,0,[],"[""revision_magnitude"", ""revision_breadth"", ""revision_acceleration"", ""surprise_trend"", ""guidance"", ""catalysts"", ""price_response""]",0.0,0.0,,,0.0,0.0,Insufficient,0.0,Unrated,c0d317d51b2d7cfd9d7311ccf12034694ede9044ffcaf0660bf4d13a2f19c43b,c0d317d51b2d7cfd9d7311ccf12034694ede9044ffcaf0660bf4d13a2f19c43b,True,[],1,0,"[""NULL_SCORE_OPPORTUNITY_UPGRADE"", ""NO_AVAILABLE_OPPORTUNITY_COMPONENTS""]"
SKWD,2189,456,2026-08-13,2026-08-13 19:12:51.330758+02:00,14,0,[],"[""revision_magnitude"", ""revision_breadth"", ""revision_acceleration"", ""surprise_trend"", ""guidance"", ""catalysts"", ""price_response""]",0.0,0.0,,,0.0,0.0,Insufficient,0.0,Unrated,f06232ca59f999322ddda7b200e9db9b2380cb8d329b6e20c3023e36cc61586e,f06232ca59f999322ddda7b200e9db9b2380cb8d329b6e20c3023e36cc61586e,True,[],1,0,"[""NULL_SCORE_OPPORTUNITY_UPGRADE"", ""NO_AVAILABLE_OPPORTUNITY_COMPONENTS""]"
SLDE,2047,157,2026-08-13,2026-08-13 19:12:51.330758+02:00,7,0,[],"[""revision_magnitude"", ""revision_breadth"", ""revision_acceleration"", ""surprise_trend"", ""guidance"", ""catalysts"", ""price_response""]",0.0,0.0,,,0.0,0.0,Insufficient,0.0,Unrated,dae37e8ab989b4f23b135ed507bd6657cee1dc610ba2386eee32c9b65b8ca06d,dae37e8ab989b4f23b135ed507bd6657cee1dc610ba2386eee32c9b65b8ca06d,True,[],1,0,"[""NULL_SCORE_OPPORTUNITY_UPGRADE"", ""NO_AVAILABLE_OPPORTUNITY_COMPONENTS""]"
SM,2156,535,2026-08-13,2026-08-13 19:12:51.330758+02:00,6,0,[],"[""revision_magnitude"", ""revision_breadth"", ""revision_acceleration"", ""surprise_trend"", ""guidance"", ""catalysts"", ""price_response""]",0.0,0.0,,,0.0,0.0,Insufficient,0.0,Unrated,4cdc8c0b603f94d30a3a3e68dcd86481e3880291902d27b1c75170b14a51628d,4cdc8c0b603f94d30a3a3e68dcd86481e3880291902d27b1c75170b14a51628d,True,[],1,0,"[""NULL_SCORE_OPPORTUNITY_UPGRADE"", ""NO_AVAILABLE_OPPORTUNITY_COMPONENTS""]"
SON,2106,158,2026-08-13,2026-08-13 19:12:51.330758+02:00,10,0,[],"[""revision_magnitude"", ""revision_breadth"", ""revision_acceleration"", ""surprise_trend"", ""guidance"", ""catalysts"", ""price_response""]",0.0,0.0,,,0.0,0.0,Insufficient,0.0,Unrated,0db239d8e132f185fd7d13c8c28d15d46f9439aeac8f886024b8c8fe6ed8aa8e,0db239d8e132f185fd7d13c8c28d15d46f9439aeac8f886024b8c8fe6ed8aa8e,True,[],1,0,"[""NULL_SCORE_OPPORTUNITY_UPGRADE"", ""NO_AVAILABLE_OPPORTUNITY_COMPONENTS""]"
SSB,2136,159,2026-08-13,2026-08-13 19:12:51.330758+02:00,6,0,[],"[""revision_magnitude"", ""revision_breadth"", ""revision_acceleration"", ""surprise_trend"", ""guidance"", ""catalysts"", ""price_response""]",0.0,0.0,,,0.0,0.0,Insufficient,0.0,Unrated,4a2072d3b61488bd3325e2ac7cbc8c05941158606cb68e1455c0118cbac47e82,4a2072d3b61488bd3325e2ac7cbc8c05941158606cb68e1455c0118cbac47e82,True,[],1,0,"[""NULL_SCORE_OPPORTUNITY_UPGRADE"", ""NO_AVAILABLE_OPPORTUNITY_COMPONENTS""]"
SUN,2017,627,2026-08-13,2026-08-13 19:12:51.330758+02:00,9,0,[],"[""revision_magnitude"", ""revision_breadth"", ""revision_acceleration"", ""surprise_trend"", ""guidance"", ""catalysts"", ""price_response""]",0.0,0.0,,,0.0,0.0,Insufficient,0.0,Unrated,6f90b05bbb0b93e393ea00d73f7f0d7e6cbc83f18e8f8a41289eb6731976955c,6f90b05bbb0b93e393ea00d73f7f0d7e6cbc83f18e8f8a41289eb6731976955c,True,[],1,1,"[""NULL_SCORE_OPPORTUNITY_UPGRADE"", ""UNRATED_ACTIONABLE_ALERT"", ""NO_AVAILABLE_OPPORTUNITY_COMPONENTS""]"
SXI,2077,160,2026-08-13,2026-08-13 19:12:51.330758+02:00,6,0,[],"[""revision_magnitude"", ""revision_breadth"", ""revision_acceleration"", ""surprise_trend"", ""guidance"", ""catalysts"", ""price_response""]",0.0,0.0,,,0.0,0.0,Insufficient,0.0,Unrated,df3448b9af76987f2552f952ed68bb76c43ff5f9728bdcc7a44d6a873c2d5b27,df3448b9af76987f2552f952ed68bb76c43ff5f9728bdcc7a44d6a873c2d5b27,True,[],1,0,"[""NULL_SCORE_OPPORTUNITY_UPGRADE"", ""NO_AVAILABLE_OPPORTUNITY_COMPONENTS""]"
SXT,2179,161,2026-08-13,2026-08-13 19:12:51.330758+02:00,5,0,[],"[""revision_magnitude"", ""revision_breadth"", ""revision_acceleration"", ""surprise_trend"", ""guidance"", ""catalysts"", ""price_response""]",0.0,0.0,,,0.0,0.0,Insufficient,0.0,Unrated,5dc947dcc0efd3dd401455e665bea870fc470f565c74ba2be3cb36a5f8bd6fb4,5dc947dcc0efd3dd401455e665bea870fc470f565c74ba2be3cb36a5f8bd6fb4,True,[],1,0,"[""NULL_SCORE_OPPORTUNITY_UPGRADE"", ""NO_AVAILABLE_OPPORTUNITY_COMPONENTS""]"
SYBT,2043,162,2026-08-13,2026-08-13 19:12:51.330758+02:00,4,0,[],"[""revision_magnitude"", ""revision_breadth"", ""revision_acceleration"", ""surprise_trend"", ""guidance"", ""catalysts"", ""price_response""]",0.0,0.0,,,0.0,0.0,Insufficient,0.0,Unrated,559448569c23294d075d6a5cbcec5fe5639a3c679cdebc5bd6591c5f9842154a,559448569c23294d075d6a5cbcec5fe5639a3c679cdebc5bd6591c5f9842154a,True,[],1,0,"[""NULL_SCORE_OPPORTUNITY_UPGRADE"", ""NO_AVAILABLE_OPPORTUNITY_COMPONENTS""]"
TENB,2188,163,2026-08-13,2026-08-13 19:12:51.330758+02:00,11,0,[],"[""revision_magnitude"", ""revision_breadth"", ""revision_acceleration"", ""surprise_trend"", ""guidance"", ""catalysts"", ""price_response""]",0.0,0.0,,,0.0,0.0,Insufficient,0.0,Unrated,c9b53dd6af906a31956187dc2603f1e5041fb51fe430b5df50aca16b600408e9,c9b53dd6af906a31956187dc2603f1e5041fb51fe430b5df50aca16b600408e9,True,[],1,0,"[""NULL_SCORE_OPPORTUNITY_UPGRADE"", ""NO_AVAILABLE_OPPORTUNITY_COMPONENTS""]"
TER,2001,657,2026-08-13,2026-08-13 19:12:51.330758+02:00,11,0,[],"[""revision_magnitude"", ""revision_breadth"", ""revision_acceleration"", ""surprise_trend"", ""guidance"", ""catalysts"", ""price_response""]",0.0,0.0,,,0.0,0.0,Insufficient,0.0,Unrated,a3cf3573da138d4c885b94d220e371f915a7cb59fc624cc52fe7f1b3a6bb039d,a3cf3573da138d4c885b94d220e371f915a7cb59fc624cc52fe7f1b3a6bb039d,True,[],1,1,"[""NULL_SCORE_OPPORTUNITY_UPGRADE"", ""UNRATED_ACTIONABLE_ALERT"", ""NO_AVAILABLE_OPPORTUNITY_COMPONENTS""]"
TEX,2089,164,2026-08-13,2026-08-13 19:12:51.330758+02:00,13,0,[],"[""revision_magnitude"", ""revision_breadth"", ""revision_acceleration"", ""surprise_trend"", ""guidance"", ""catalysts"", ""price_response""]",0.0,0.0,,,0.0,0.0,Insufficient,0.0,Unrated,ce23cfee18138cfdc8a181068ab21f9dcad95d7aed3074d9b339730550c54734,ce23cfee18138cfdc8a181068ab21f9dcad95d7aed3074d9b339730550c54734,True,[],1,0,"[""NULL_SCORE_OPPORTUNITY_UPGRADE"", ""NO_AVAILABLE_OPPORTUNITY_COMPONENTS""]"
TFIN,2116,658,2026-08-13,2026-08-13 19:12:51.330758+02:00,5,0,[],"[""revision_magnitude"", ""revision_breadth"", ""revision_acceleration"", ""surprise_trend"", ""guidance"", ""catalysts"", ""price_response""]",0.0,0.0,,,0.0,0.0,Insufficient,0.0,Unrated,08d27cbeb22dff5b6a56b9841bbb64e9d53468fd361006712c131a55ec39df67,08d27cbeb22dff5b6a56b9841bbb64e9d53468fd361006712c131a55ec39df67,True,[],1,1,"[""NULL_SCORE_OPPORTUNITY_UPGRADE"", ""UNRATED_ACTIONABLE_ALERT"", ""NO_AVAILABLE_OPPORTUNITY_COMPONENTS""]"
THRM,2133,165,2026-08-13,2026-08-13 19:12:51.330758+02:00,5,0,[],"[""revision_magnitude"", ""revision_breadth"", ""revision_acceleration"", ""surprise_trend"", ""guidance"", ""catalysts"", ""price_response""]",0.0,0.0,,,0.0,0.0,Insufficient,0.0,Unrated,6935f49341779683cc7bbdd2f9de2e3dbd1e9e45a1aca8cb953a92401b871ed6,6935f49341779683cc7bbdd2f9de2e3dbd1e9e45a1aca8cb953a92401b871ed6,True,[],1,0,"[""NULL_SCORE_OPPORTUNITY_UPGRADE"", ""NO_AVAILABLE_OPPORTUNITY_COMPONENTS""]"
TIGO,2052,166,2026-08-13,2026-08-13 19:12:51.330758+02:00,10,0,[],"[""revision_magnitude"", ""revision_breadth"", ""revision_acceleration"", ""surprise_trend"", ""guidance"", ""catalysts"", ""price_response""]",0.0,0.0,,,0.0,0.0,Insufficient,0.0,Unrated,72046777363c7de22d4dcc0838636a08bcd3bdf3572fad196278ca695d2986cd,72046777363c7de22d4dcc0838636a08bcd3bdf3572fad196278ca695d2986cd,True,[],1,0,"[""NULL_SCORE_OPPORTUNITY_UPGRADE"", ""NO_AVAILABLE_OPPORTUNITY_COMPONENTS""]"
TNK,2003,168,2026-08-13,2026-08-13 19:12:51.330758+02:00,8,0,[],"[""revision_magnitude"", ""revision_breadth"", ""revision_acceleration"", ""surprise_trend"", ""guidance"", ""catalysts"", ""price_response""]",0.0,0.0,,,0.0,0.0,Insufficient,0.0,Unrated,9771fe681b296aedda5faae5ab5d671c7ef2fc90250ef7b3abd4238cfc9a983d,9771fe681b296aedda5faae5ab5d671c7ef2fc90250ef7b3abd4238cfc9a983d,True,[],1,0,"[""NULL_SCORE_OPPORTUNITY_UPGRADE"", ""NO_AVAILABLE_OPPORTUNITY_COMPONENTS""]"
TPR,2192,598,2026-08-13,2026-08-13 19:12:51.330758+02:00,12,0,[],"[""revision_magnitude"", ""revision_breadth"", ""revision_acceleration"", ""surprise_trend"", ""guidance"", ""catalysts"", ""price_response""]",0.0,0.0,,,5.0,5.0,Insufficient,0.0,Unrated,384d1de3753e4047e8797ee5f6c4d31c1a0d008870c197007b2717d8191cd5fe,384d1de3753e4047e8797ee5f6c4d31c1a0d008870c197007b2717d8191cd5fe,True,[],1,1,"[""NULL_SCORE_OPPORTUNITY_UPGRADE"", ""UNRATED_ACTIONABLE_ALERT"", ""NO_AVAILABLE_OPPORTUNITY_COMPONENTS""]"
TRIN,2104,169,2026-08-13,2026-08-13 19:12:51.330758+02:00,4,0,[],"[""revision_magnitude"", ""revision_breadth"", ""revision_acceleration"", ""surprise_trend"", ""guidance"", ""catalysts"", ""price_response""]",0.0,0.0,,,0.0,0.0,Insufficient,0.0,Unrated,dae1939cfee5ff7a38e77493c2bb4b87e4ce7cd2ac7e50c349cb494cf30f8326,dae1939cfee5ff7a38e77493c2bb4b87e4ce7cd2ac7e50c349cb494cf30f8326,True,[],1,0,"[""NULL_SCORE_OPPORTUNITY_UPGRADE"", ""NO_AVAILABLE_OPPORTUNITY_COMPONENTS""]"
TSEM,2004,659,2026-08-13,2026-08-13 19:12:51.330758+02:00,9,0,[],"[""revision_magnitude"", ""revision_breadth"", ""revision_acceleration"", ""surprise_trend"", ""guidance"", ""catalysts"", ""price_response""]",0.0,0.0,,,0.0,0.0,Insufficient,0.0,Unrated,27f4f996b007ae3aaf0a2c99327af0c91a3a05952c249d259af58100d1a0c08b,27f4f996b007ae3aaf0a2c99327af0c91a3a05952c249d259af58100d1a0c08b,True,[],1,1,"[""NULL_SCORE_OPPORTUNITY_UPGRADE"", ""UNRATED_ACTIONABLE_ALERT"", ""NO_AVAILABLE_OPPORTUNITY_COMPONENTS""]"
UAL,2173,171,2026-08-13,2026-08-13 19:12:51.330758+02:00,25,0,[],"[""revision_magnitude"", ""revision_breadth"", ""revision_acceleration"", ""surprise_trend"", ""guidance"", ""catalysts"", ""price_response""]",0.0,0.0,,,0.0,0.0,Insufficient,0.0,Unrated,15ef098a3194e9c9f5a52297d6f1ed0f1f31722690cd971d033f6995f643149a,15ef098a3194e9c9f5a52297d6f1ed0f1f31722690cd971d033f6995f643149a,True,[],1,0,"[""NULL_SCORE_OPPORTUNITY_UPGRADE"", ""NO_AVAILABLE_OPPORTUNITY_COMPONENTS""]"
UMBF,2059,172,2026-08-13,2026-08-13 19:12:51.330758+02:00,6,473,[],"[""revision_magnitude"", ""revision_breadth"", ""revision_acceleration"", ""surprise_trend"", ""guidance"", ""catalysts"", ""price_response""]",0.0,0.0,,,0.0,0.0,Insufficient,0.0,Unrated,c58b8b507d17e8d069cc36a4c8d6f955eb3692ad84f4c58745b7afb60834bfd8,c58b8b507d17e8d069cc36a4c8d6f955eb3692ad84f4c58745b7afb60834bfd8,True,[],1,0,"[""NULL_SCORE_OPPORTUNITY_UPGRADE"", ""NO_AVAILABLE_OPPORTUNITY_COMPONENTS""]"
VIK,2030,173,2026-08-13,2026-08-13 19:12:51.330758+02:00,16,0,[],"[""revision_magnitude"", ""revision_breadth"", ""revision_acceleration"", ""surprise_trend"", ""guidance"", ""catalysts"", ""price_response""]",0.0,0.0,,,3.0,3.0,Insufficient,0.0,Unrated,635f8f3f6e11b1484bd4b9642e883397dbd3d9816df7833df6a113100ada9b01,635f8f3f6e11b1484bd4b9642e883397dbd3d9816df7833df6a113100ada9b01,True,[],1,0,"[""NULL_SCORE_OPPORTUNITY_UPGRADE"", ""NO_AVAILABLE_OPPORTUNITY_COMPONENTS""]"
VRTX,2167,175,2026-08-13,2026-08-13 19:12:51.330758+02:00,17,0,[],"[""revision_magnitude"", ""revision_breadth"", ""revision_acceleration"", ""surprise_trend"", ""guidance"", ""catalysts"", ""price_response""]",0.0,0.0,,,0.0,0.0,Insufficient,0.0,Unrated,4b660ba0f04bf995c08171b329e50b3758dea03ce1ed5da5acaece610d777979,4b660ba0f04bf995c08171b329e50b3758dea03ce1ed5da5acaece610d777979,True,[],1,0,"[""NULL_SCORE_OPPORTUNITY_UPGRADE"", ""NO_AVAILABLE_OPPORTUNITY_COMPONENTS""]"
WAB,2171,179,2026-08-13,2026-08-13 19:12:51.330758+02:00,9,0,[],"[""revision_magnitude"", ""revision_breadth"", ""revision_acceleration"", ""surprise_trend"", ""guidance"", ""catalysts"", ""price_response""]",0.0,0.0,,,0.0,0.0,Insufficient,0.0,Unrated,07f942db50244acdc861bda0fb137fbb99faca1409a63372ce3ffe3a7ceebdf0,07f942db50244acdc861bda0fb137fbb99faca1409a63372ce3ffe3a7ceebdf0,True,[],1,0,"[""NULL_SCORE_OPPORTUNITY_UPGRADE"", ""NO_AVAILABLE_OPPORTUNITY_COMPONENTS""]"
WCC,2159,181,2026-08-13,2026-08-13 19:12:51.330758+02:00,6,0,[],"[""revision_magnitude"", ""revision_breadth"", ""revision_acceleration"", ""surprise_trend"", ""guidance"", ""catalysts"", ""price_response""]",0.0,0.0,,,0.0,0.0,Insufficient,0.0,Unrated,8d7ca49963badc637ac2b84e8d112b659bf6f4127656f878d25674f95163c9cc,8d7ca49963badc637ac2b84e8d112b659bf6f4127656f878d25674f95163c9cc,True,[],1,0,"[""NULL_SCORE_OPPORTUNITY_UPGRADE"", ""NO_AVAILABLE_OPPORTUNITY_COMPONENTS""]"
WES,2125,183,2026-08-13,2026-08-13 19:12:51.330758+02:00,12,0,[],"[""revision_magnitude"", ""revision_breadth"", ""revision_acceleration"", ""surprise_trend"", ""guidance"", ""catalysts"", ""price_response""]",0.0,0.0,,,0.0,0.0,Insufficient,0.0,Unrated,af7be4ece94f7d5dc9b9385647d071ba715d4bb5cc2aee2bc5de9e235658636a,af7be4ece94f7d5dc9b9385647d071ba715d4bb5cc2aee2bc5de9e235658636a,True,[],1,0,"[""NULL_SCORE_OPPORTUNITY_UPGRADE"", ""NO_AVAILABLE_OPPORTUNITY_COMPONENTS""]"
WMB,2039,660,2026-08-13,2026-08-13 19:12:51.330758+02:00,11,0,[],"[""revision_magnitude"", ""revision_breadth"", ""revision_acceleration"", ""surprise_trend"", ""guidance"", ""catalysts"", ""price_response""]",0.0,0.0,,,0.0,0.0,Insufficient,0.0,Unrated,f0247407491007980498c97577ae6012525b72b370e13bfa2965a6432385ad29,f0247407491007980498c97577ae6012525b72b370e13bfa2965a6432385ad29,True,[],1,1,"[""NULL_SCORE_OPPORTUNITY_UPGRADE"", ""UNRATED_ACTIONABLE_ALERT"", ""NO_AVAILABLE_OPPORTUNITY_COMPONENTS""]"
WSBC,2108,184,2026-08-13,2026-08-13 19:12:51.330758+02:00,5,0,[],"[""revision_magnitude"", ""revision_breadth"", ""revision_acceleration"", ""surprise_trend"", ""guidance"", ""catalysts"", ""price_response""]",0.0,0.0,,,0.0,0.0,Insufficient,0.0,Unrated,bff31d9c2b3762413aaa7aaacd154b6048d465bbd3ba262b952ddb59f397c6a1,bff31d9c2b3762413aaa7aaacd154b6048d465bbd3ba262b952ddb59f397c6a1,True,[],1,0,"[""NULL_SCORE_OPPORTUNITY_UPGRADE"", ""NO_AVAILABLE_OPPORTUNITY_COMPONENTS""]"
WST,2120,185,2026-08-13,2026-08-13 19:12:51.330758+02:00,21,0,[],"[""revision_magnitude"", ""revision_breadth"", ""revision_acceleration"", ""surprise_trend"", ""guidance"", ""catalysts"", ""price_response""]",0.0,0.0,,,0.0,0.0,Insufficient,0.0,Unrated,edd7d418578eba871e5ff8851044a78f2bc419102ac5449f5b3dc086342e46fb,edd7d418578eba871e5ff8851044a78f2bc419102ac5449f5b3dc086342e46fb,True,[],1,0,"[""NULL_SCORE_OPPORTUNITY_UPGRADE"", ""NO_AVAILABLE_OPPORTUNITY_COMPONENTS""]"
WTS,2112,585,2026-08-13,2026-08-13 19:12:51.330758+02:00,7,0,[],"[""revision_magnitude"", ""revision_breadth"", ""revision_acceleration"", ""surprise_trend"", ""guidance"", ""catalysts"", ""price_response""]",0.0,0.0,,,0.0,0.0,Insufficient,0.0,Unrated,c5f6a08192da4e4c6efd8e09522b1610faa0711fb00fd39009391a2a53261447,c5f6a08192da4e4c6efd8e09522b1610faa0711fb00fd39009391a2a53261447,True,[],1,0,"[""NULL_SCORE_OPPORTUNITY_UPGRADE"", ""NO_AVAILABLE_OPPORTUNITY_COMPONENTS""]"
XOM,2140,187,2026-08-13,2026-08-13 19:12:51.330758+02:00,60,0,[],"[""revision_magnitude"", ""revision_breadth"", ""revision_acceleration"", ""surprise_trend"", ""guidance"", ""catalysts"", ""price_response""]",0.0,0.0,,,0.0,0.0,Insufficient,0.0,Unrated,ebc06f04e8a195f190a347f94104422d21e6b421c738d9cbdf462ab317f99c13,ebc06f04e8a195f190a347f94104422d21e6b421c738d9cbdf462ab317f99c13,True,[],1,0,"[""NULL_SCORE_OPPORTUNITY_UPGRADE"", ""NO_AVAILABLE_OPPORTUNITY_COMPONENTS""]"
XPEL,2034,188,2026-08-13,2026-08-13 19:12:51.330758+02:00,4,0,[],"[""revision_magnitude"", ""revision_breadth"", ""revision_acceleration"", ""surprise_trend"", ""guidance"", ""catalysts"", ""price_response""]",0.0,0.0,,,0.0,0.0,Insufficient,0.0,Unrated,7a75ced32a1508615a5b6224999aac02437b0aae598828150a6122c44360d518,7a75ced32a1508615a5b6224999aac02437b0aae598828150a6122c44360d518,True,[],1,0,"[""NULL_SCORE_OPPORTUNITY_UPGRADE"", ""NO_AVAILABLE_OPPORTUNITY_COMPONENTS""]"
ZWS,2184,189,2026-08-13,2026-08-13 19:12:51.330758+02:00,5,0,[],"[""revision_magnitude"", ""revision_breadth"", ""revision_acceleration"", ""surprise_trend"", ""guidance"", ""catalysts"", ""price_response""]",0.0,0.0,,,0.0,0.0,Insufficient,0.0,Unrated,a8912cb4acb007cfa1de11e59e71b31e0f91f152102805adac9b1b1dbbb4895f,a8912cb4acb007cfa1de11e59e71b31e0f91f152102805adac9b1b1dbbb4895f,True,[],1,0,"[""NULL_SCORE_OPPORTUNITY_UPGRADE"", ""NO_AVAILABLE_OPPORTUNITY_COMPONENTS""]"
