ticker,company_id,cik,ingestion_run_id,status,failed_count,requested_count,fetched_count,inserted_count,deduplicated_count,retry_count,errors_json,started_at,completed_at,documents,completed_with_records,completed_no_records,nonterminal,downloaded_during_run,extracted_during_run,cached_bytes,historical_guidance_rows,explicitly_accepted,historical_accessions,selected_guidance_ids,selected_guidance_count
AEIS,2,0000927003,11238,PARTIAL,1,0,0,0,0,0,"{""documents"": [{""error"": ""SEC ACTIVE sync requires a successful SHADOW bootstrap for CIK 0000927003 and processor signature sec-guidance:910cfd73179f55a7.""}]}",2026-08-13 17:28:15.284803+02:00,2026-08-13 17:28:15.316057+02:00,0,0,0,0,0,0,0,600,0,60,[],0
AGNC,4,0001423689,11239,PARTIAL,1,0,0,0,0,0,"{""documents"": [{""error"": ""SEC ACTIVE sync requires a successful SHADOW bootstrap for CIK 0001423689 and processor signature sec-guidance:910cfd73179f55a7.""}]}",2026-08-13 17:28:15.319068+02:00,2026-08-13 17:28:15.323034+02:00,0,0,0,0,0,0,0,571,0,69,[],0
AIR,6,0000001750,11240,PARTIAL,1,0,0,0,0,0,"{""documents"": [{""error"": ""SEC ACTIVE sync requires a successful SHADOW bootstrap for CIK 0000001750 and processor signature sec-guidance:910cfd73179f55a7.""}]}",2026-08-13 17:28:15.326037+02:00,2026-08-13 17:28:15.330037+02:00,0,0,0,0,0,0,0,218,0,57,[],0
AIZ,7,0001267238,11241,COMPLETED,0,0,0,0,0,0,,2026-08-13 17:28:15.332037+02:00,2026-08-13 17:28:17.553156+02:00,212,72,140,0,0,0,187349166,0,0,0,[],0
ALKS,633,0001520262,11242,PARTIAL,1,0,0,0,0,0,"{""documents"": [{""error"": ""SEC ACTIVE sync requires a successful SHADOW bootstrap for CIK 0001520262 and processor signature sec-guidance:910cfd73179f55a7.""}]}",2026-08-13 17:28:17.558156+02:00,2026-08-13 17:28:17.923812+02:00,0,0,0,0,0,0,0,0,0,0,[],0
ALSN,8,0001411207,11243,PARTIAL,1,0,0,0,0,0,"{""documents"": [{""error"": ""SEC ACTIVE sync requires a successful SHADOW bootstrap for CIK 0001411207 and processor signature sec-guidance:910cfd73179f55a7.""}]}",2026-08-13 17:28:17.939788+02:00,2026-08-13 17:28:17.946785+02:00,0,0,0,0,0,0,0,0,0,0,[],0
AME,202,0001037868,11244,PARTIAL,1,0,0,0,0,0,"{""documents"": [{""error"": ""SEC ACTIVE sync requires a successful SHADOW bootstrap for CIK 0001037868 and processor signature sec-guidance:910cfd73179f55a7.""}]}",2026-08-13 17:28:17.948754+02:00,2026-08-13 17:28:17.954183+02:00,0,0,0,0,0,0,0,0,0,0,[],0
AMG,9,0001004434,11245,PARTIAL,1,0,0,0,0,0,"{""documents"": [{""error"": ""SEC ACTIVE sync requires a successful SHADOW bootstrap for CIK 0001004434 and processor signature sec-guidance:910cfd73179f55a7.""}]}",2026-08-13 17:28:17.956753+02:00,2026-08-13 17:28:17.969380+02:00,0,0,0,0,0,0,0,0,0,0,[],0
AMZN,10,0001018724,11246,COMPLETED,0,0,0,0,0,0,,2026-08-13 17:28:17.972381+02:00,2026-08-13 17:28:18.993032+02:00,88,25,63,0,0,0,44682696,436,0,25,[],0
APG,12,0001796209,11247,PARTIAL,1,0,0,0,0,0,"{""documents"": [{""error"": ""SEC ACTIVE sync requires a successful SHADOW bootstrap for CIK 0001796209 and processor signature sec-guidance:910cfd73179f55a7.""}]}",2026-08-13 17:28:18.996005+02:00,2026-08-13 17:28:19.000004+02:00,0,0,0,0,0,0,0,0,0,0,[],0
APH,13,0000820313,11248,PARTIAL,1,0,0,0,0,0,"{""documents"": [{""error"": ""SEC ACTIVE sync requires a successful SHADOW bootstrap for CIK 0000820313 and processor signature sec-guidance:910cfd73179f55a7.""}]}",2026-08-13 17:28:19.008003+02:00,2026-08-13 17:28:19.011004+02:00,0,0,0,0,0,0,0,0,0,0,[],0
AR,511,0001433270,11249,PARTIAL,1,0,0,0,0,0,"{""documents"": [{""error"": ""SEC ACTIVE sync requires a successful SHADOW bootstrap for CIK 0001433270 and processor signature sec-guidance:910cfd73179f55a7.""}]}",2026-08-13 17:28:19.014005+02:00,2026-08-13 17:28:19.017007+02:00,0,0,0,0,0,0,0,423,0,66,[],0
ARMK,634,0001584509,11250,PARTIAL,1,0,0,0,0,0,"{""documents"": [{""error"": ""SEC ACTIVE sync requires a successful SHADOW bootstrap for CIK 0001584509 and processor signature sec-guidance:910cfd73179f55a7.""}]}",2026-08-13 17:28:19.019034+02:00,2026-08-13 17:28:19.023006+02:00,0,0,0,0,0,0,0,0,0,0,[],0
ASB,14,0000007789,11251,PARTIAL,1,0,0,0,0,0,"{""documents"": [{""error"": ""SEC ACTIVE sync requires a successful SHADOW bootstrap for CIK 0000007789 and processor signature sec-guidance:910cfd73179f55a7.""}]}",2026-08-13 17:28:19.024528+02:00,2026-08-13 17:28:19.027528+02:00,0,0,0,0,0,0,0,410,0,19,[],0
ASC,15,0001577437,11252,PARTIAL,1,0,0,0,0,0,"{""documents"": [{""error"": ""SEC ACTIVE sync requires a successful SHADOW bootstrap for CIK 0001577437 and processor signature sec-guidance:910cfd73179f55a7.""}]}",2026-08-13 17:28:19.030529+02:00,2026-08-13 17:28:19.033529+02:00,0,0,0,0,0,0,0,0,0,0,[],0
ASND,16,0001612042,11253,PARTIAL,1,0,0,0,0,0,"{""documents"": [{""error"": ""SEC ACTIVE sync requires a successful SHADOW bootstrap for CIK 0001612042 and processor signature sec-guidance:910cfd73179f55a7.""}]}",2026-08-13 17:28:19.042480+02:00,2026-08-13 17:28:19.044512+02:00,0,0,0,0,0,0,0,261,0,42,[],0
AUB,587,0000883948,11254,PARTIAL,1,0,0,0,0,0,"{""documents"": [{""error"": ""SEC ACTIVE sync requires a successful SHADOW bootstrap for CIK 0000883948 and processor signature sec-guidance:910cfd73179f55a7.""}]}",2026-08-13 17:28:19.047478+02:00,2026-08-13 17:28:19.050478+02:00,0,0,0,0,0,0,0,714,0,41,[],0
AVGO,19,0001730168,11255,PARTIAL,1,0,0,0,0,0,"{""documents"": [{""error"": ""SEC ACTIVE sync requires a successful SHADOW bootstrap for CIK 0001730168 and processor signature sec-guidance:910cfd73179f55a7.""}]}",2026-08-13 17:28:19.052477+02:00,2026-08-13 17:28:19.056512+02:00,0,0,0,0,0,0,0,741,0,49,[],0
AVT,20,0000008858,11256,PARTIAL,1,0,0,0,0,0,"{""documents"": [{""error"": ""SEC ACTIVE sync requires a successful SHADOW bootstrap for CIK 0000008858 and processor signature sec-guidance:910cfd73179f55a7.""}]}",2026-08-13 17:28:19.058482+02:00,2026-08-13 17:28:19.062482+02:00,0,0,0,0,0,0,0,0,0,0,[],0
AWR,21,0001056903,11257,PARTIAL,1,0,0,0,0,0,"{""documents"": [{""error"": ""SEC ACTIVE sync requires a successful SHADOW bootstrap for CIK 0001056903 and processor signature sec-guidance:910cfd73179f55a7.""}]}",2026-08-13 17:28:19.064482+02:00,2026-08-13 17:28:19.067482+02:00,0,0,0,0,0,0,0,1725,0,56,[],0
AX,22,0001299709,11258,PARTIAL,1,0,0,0,0,0,"{""documents"": [{""error"": ""SEC ACTIVE sync requires a successful SHADOW bootstrap for CIK 0001299709 and processor signature sec-guidance:910cfd73179f55a7.""}]}",2026-08-13 17:28:19.075478+02:00,2026-08-13 17:28:19.077479+02:00,0,0,0,0,0,0,0,533,0,44,[],0
AXP,635,0000004962,11259,PARTIAL,1,0,0,0,0,0,"{""documents"": [{""error"": ""SEC ACTIVE sync requires a successful SHADOW bootstrap for CIK 0000004962 and processor signature sec-guidance:910cfd73179f55a7.""}]}",2026-08-13 17:28:19.079513+02:00,2026-08-13 17:28:19.083512+02:00,0,0,0,0,0,0,0,0,0,0,[],0
AYI,23,0001144215,11260,PARTIAL,1,0,0,0,0,0,"{""documents"": [{""error"": ""SEC ACTIVE sync requires a successful SHADOW bootstrap for CIK 0001144215 and processor signature sec-guidance:910cfd73179f55a7.""}]}",2026-08-13 17:28:19.085477+02:00,2026-08-13 17:28:19.088511+02:00,0,0,0,0,0,0,0,706,0,60,[],0
BCPC,512,0000009326,11261,PARTIAL,1,0,0,0,0,0,"{""documents"": [{""error"": ""SEC ACTIVE sync requires a successful SHADOW bootstrap for CIK 0000009326 and processor signature sec-guidance:910cfd73179f55a7.""}]}",2026-08-13 17:28:19.090779+02:00,2026-08-13 17:28:19.093778+02:00,0,0,0,0,0,0,0,0,0,0,[],0
BEN,24,0000038777,11262,PARTIAL,1,0,0,0,0,0,"{""documents"": [{""error"": ""SEC ACTIVE sync requires a successful SHADOW bootstrap for CIK 0000038777 and processor signature sec-guidance:910cfd73179f55a7.""}]}",2026-08-13 17:28:19.095779+02:00,2026-08-13 17:28:19.099777+02:00,0,0,0,0,0,0,0,0,0,0,[],0
BFC,25,0001746109,11263,PARTIAL,1,0,0,0,0,0,"{""documents"": [{""error"": ""SEC ACTIVE sync requires a successful SHADOW bootstrap for CIK 0001746109 and processor signature sec-guidance:910cfd73179f55a7.""}]}",2026-08-13 17:28:19.179378+02:00,2026-08-13 17:28:19.182380+02:00,0,0,0,0,0,0,0,552,0,32,[],0
BIP,636,0001406234,11264,PARTIAL,1,0,0,0,0,0,"{""documents"": [{""error"": ""SEC ACTIVE sync requires a successful SHADOW bootstrap for CIK 0001406234 and processor signature sec-guidance:910cfd73179f55a7.""}]}",2026-08-13 17:28:19.184383+02:00,2026-08-13 17:28:19.340572+02:00,0,0,0,0,0,0,0,0,0,0,[],0
BRC,26,0000746598,11265,PARTIAL,1,0,0,0,0,0,"{""documents"": [{""error"": ""SEC ACTIVE sync requires a successful SHADOW bootstrap for CIK 0000746598 and processor signature sec-guidance:910cfd73179f55a7.""}]}",2026-08-13 17:28:19.342573+02:00,2026-08-13 17:28:19.345095+02:00,0,0,0,0,0,0,0,823,0,53,[],0
BUSE,28,0000314489,11266,PARTIAL,1,0,0,0,0,0,"{""documents"": [{""error"": ""SEC ACTIVE sync requires a successful SHADOW bootstrap for CIK 0000314489 and processor signature sec-guidance:910cfd73179f55a7.""}]}",2026-08-13 17:28:19.347139+02:00,2026-08-13 17:28:19.351107+02:00,0,0,0,0,0,0,0,585,0,33,[],0
CBL,30,0000910612,11267,PARTIAL,1,0,0,0,0,0,"{""documents"": [{""error"": ""SEC ACTIVE sync requires a successful SHADOW bootstrap for CIK 0000910612 and processor signature sec-guidance:910cfd73179f55a7.""}]}",2026-08-13 17:28:19.353142+02:00,2026-08-13 17:28:19.357104+02:00,0,0,0,0,0,0,0,0,0,0,[],0
CBOE,31,0001374310,11268,PARTIAL,1,0,0,0,0,0,"{""documents"": [{""error"": ""SEC ACTIVE sync requires a successful SHADOW bootstrap for CIK 0001374310 and processor signature sec-guidance:910cfd73179f55a7.""}]}",2026-08-13 17:28:19.372027+02:00,2026-08-13 17:28:19.375024+02:00,0,0,0,0,0,0,0,0,0,0,[],0
CCEP,32,0001650107,11269,PARTIAL,1,0,0,0,0,0,"{""documents"": [{""error"": ""SEC ACTIVE sync requires a successful SHADOW bootstrap for CIK 0001650107 and processor signature sec-guidance:910cfd73179f55a7.""}]}",2026-08-13 17:28:19.377026+02:00,2026-08-13 17:28:19.380027+02:00,0,0,0,0,0,0,0,1730,0,299,[],0
CCK,33,0001219601,11270,PARTIAL,1,0,0,0,0,0,"{""documents"": [{""error"": ""SEC ACTIVE sync requires a successful SHADOW bootstrap for CIK 0001219601 and processor signature sec-guidance:910cfd73179f55a7.""}]}",2026-08-13 17:28:19.382028+02:00,2026-08-13 17:28:19.385709+02:00,0,0,0,0,0,0,0,0,0,0,[],0
CF,514,0001324404,11271,PARTIAL,1,0,0,0,0,0,"{""documents"": [{""error"": ""SEC ACTIVE sync requires a successful SHADOW bootstrap for CIK 0001324404 and processor signature sec-guidance:910cfd73179f55a7.""}]}",2026-08-13 17:28:19.387710+02:00,2026-08-13 17:28:19.391710+02:00,0,0,0,0,0,0,0,0,0,0,[],0
CHRD,35,0001486159,11272,PARTIAL,1,0,0,0,0,0,"{""documents"": [{""error"": ""SEC ACTIVE sync requires a successful SHADOW bootstrap for CIK 0001486159 and processor signature sec-guidance:910cfd73179f55a7.""}]}",2026-08-13 17:28:19.393708+02:00,2026-08-13 17:28:19.396710+02:00,0,0,0,0,0,0,0,1202,0,82,[],0
CLBT,37,0001854587,11273,COMPLETED,0,0,0,0,0,0,,2026-08-13 17:28:19.407484+02:00,2026-08-13 17:28:20.332206+02:00,60,5,55,0,0,0,16560328,116,0,5,[],0
CNOB,38,0000712771,11274,PARTIAL,1,0,0,0,0,0,"{""documents"": [{""error"": ""SEC ACTIVE sync requires a successful SHADOW bootstrap for CIK 0000712771 and processor signature sec-guidance:910cfd73179f55a7.""}]}",2026-08-13 17:28:20.336204+02:00,2026-08-13 17:28:20.340202+02:00,0,0,0,0,0,0,0,999,0,64,[],0
CNS,40,0001284812,11275,PARTIAL,1,0,0,0,0,0,"{""documents"": [{""error"": ""SEC ACTIVE sync requires a successful SHADOW bootstrap for CIK 0001284812 and processor signature sec-guidance:910cfd73179f55a7.""}]}",2026-08-13 17:28:20.343207+02:00,2026-08-13 17:28:20.346206+02:00,0,0,0,0,0,0,0,168,0,25,[],0
COHR,41,0000820318,11276,PARTIAL,1,0,0,0,0,0,"{""documents"": [{""error"": ""SEC ACTIVE sync requires a successful SHADOW bootstrap for CIK 0000820318 and processor signature sec-guidance:910cfd73179f55a7.""}]}",2026-08-13 17:28:20.347206+02:00,2026-08-13 17:28:20.351206+02:00,0,0,0,0,0,0,0,0,0,0,[],0
COKE,42,0000317540,11277,PARTIAL,1,0,0,0,0,0,"{""documents"": [{""error"": ""SEC ACTIVE sync requires a successful SHADOW bootstrap for CIK 0000317540 and processor signature sec-guidance:910cfd73179f55a7.""}]}",2026-08-13 17:28:20.353792+02:00,2026-08-13 17:28:20.357790+02:00,0,0,0,0,0,0,0,0,0,0,[],0
COLB,588,0000887343,11278,PARTIAL,1,0,0,0,0,0,"{""documents"": [{""error"": ""SEC ACTIVE sync requires a successful SHADOW bootstrap for CIK 0000887343 and processor signature sec-guidance:910cfd73179f55a7.""}]}",2026-08-13 17:28:20.364784+02:00,2026-08-13 17:28:20.366785+02:00,0,0,0,0,0,0,0,707,0,29,[],0
CR,46,0001944013,11279,PARTIAL,1,0,0,0,0,0,"{""documents"": [{""error"": ""SEC ACTIVE sync requires a successful SHADOW bootstrap for CIK 0001944013 and processor signature sec-guidance:910cfd73179f55a7.""}]}",2026-08-13 17:28:20.369782+02:00,2026-08-13 17:28:20.372783+02:00,0,0,0,0,0,0,0,0,0,0,[],0
CSCO,48,0000858877,11280,PARTIAL,1,0,0,0,0,0,"{""documents"": [{""error"": ""SEC ACTIVE sync requires a successful SHADOW bootstrap for CIK 0000858877 and processor signature sec-guidance:910cfd73179f55a7.""}]}",2026-08-13 17:28:20.374784+02:00,2026-08-13 17:28:20.378788+02:00,0,0,0,0,0,0,0,0,0,0,[],0
CSWC,515,0000017313,11281,PARTIAL,1,0,0,0,0,0,"{""documents"": [{""error"": ""SEC ACTIVE sync requires a successful SHADOW bootstrap for CIK 0000017313 and processor signature sec-guidance:910cfd73179f55a7.""}]}",2026-08-13 17:28:20.380787+02:00,2026-08-13 17:28:20.383789+02:00,0,0,0,0,0,0,0,0,0,0,[],0
CTS,49,0000026058,11282,PARTIAL,1,0,0,0,0,0,"{""documents"": [{""error"": ""SEC ACTIVE sync requires a successful SHADOW bootstrap for CIK 0000026058 and processor signature sec-guidance:910cfd73179f55a7.""}]}",2026-08-13 17:28:20.385804+02:00,2026-08-13 17:28:20.389819+02:00,0,0,0,0,0,0,0,0,0,0,[],0
CUBI,50,0001488813,11283,PARTIAL,1,0,0,0,0,0,"{""documents"": [{""error"": ""SEC ACTIVE sync requires a successful SHADOW bootstrap for CIK 0001488813 and processor signature sec-guidance:910cfd73179f55a7.""}]}",2026-08-13 17:28:20.396788+02:00,2026-08-13 17:28:20.399787+02:00,0,0,0,0,0,0,0,0,0,0,[],0
CVBF,51,0000354647,11284,PARTIAL,1,0,0,0,0,0,"{""documents"": [{""error"": ""SEC ACTIVE sync requires a successful SHADOW bootstrap for CIK 0000354647 and processor signature sec-guidance:910cfd73179f55a7.""}]}",2026-08-13 17:28:20.401787+02:00,2026-08-13 17:28:20.405784+02:00,0,0,0,0,0,0,0,0,0,0,[],0
CVCO,52,0000278166,11285,PARTIAL,1,0,0,0,0,0,"{""documents"": [{""error"": ""SEC ACTIVE sync requires a successful SHADOW bootstrap for CIK 0000278166 and processor signature sec-guidance:910cfd73179f55a7.""}]}",2026-08-13 17:28:20.406818+02:00,2026-08-13 17:28:20.410803+02:00,0,0,0,0,0,0,0,0,0,0,[],0
CVI,589,0001376139,11286,PARTIAL,1,0,0,0,0,0,"{""documents"": [{""error"": ""SEC ACTIVE sync requires a successful SHADOW bootstrap for CIK 0001376139 and processor signature sec-guidance:910cfd73179f55a7.""}]}",2026-08-13 17:28:20.412786+02:00,2026-08-13 17:28:20.416785+02:00,0,0,0,0,0,0,0,0,0,0,[],0
CVX,516,0000093410,11287,PARTIAL,1,0,0,0,0,0,"{""documents"": [{""error"": ""SEC ACTIVE sync requires a successful SHADOW bootstrap for CIK 0000093410 and processor signature sec-guidance:910cfd73179f55a7.""}]}",2026-08-13 17:28:20.419787+02:00,2026-08-13 17:28:20.423792+02:00,0,0,0,0,0,0,0,0,0,0,[],0
DAL,53,0000027904,11288,PARTIAL,1,0,0,0,0,0,"{""documents"": [{""error"": ""SEC ACTIVE sync requires a successful SHADOW bootstrap for CIK 0000027904 and processor signature sec-guidance:910cfd73179f55a7.""}]}",2026-08-13 17:28:20.824079+02:00,2026-08-13 17:28:21.072974+02:00,0,0,0,0,0,0,0,0,0,0,[],0
DAR,544,0000916540,11289,PARTIAL,1,0,0,0,0,0,"{""documents"": [{""error"": ""SEC ACTIVE sync requires a successful SHADOW bootstrap for CIK 0000916540 and processor signature sec-guidance:910cfd73179f55a7.""}]}",2026-08-13 17:28:21.075589+02:00,2026-08-13 17:28:21.078581+02:00,0,0,0,0,0,0,0,0,0,0,[],0
DBRG,54,0001679688,11290,PARTIAL,1,0,0,0,0,0,"{""documents"": [{""error"": ""SEC ACTIVE sync requires a successful SHADOW bootstrap for CIK 0001679688 and processor signature sec-guidance:910cfd73179f55a7.""}]}",2026-08-13 17:28:21.080580+02:00,2026-08-13 17:28:21.084613+02:00,0,0,0,0,0,0,0,0,0,0,[],0
DCOM,55,0000846617,11291,PARTIAL,1,0,0,0,0,0,"{""documents"": [{""error"": ""SEC ACTIVE sync requires a successful SHADOW bootstrap for CIK 0000846617 and processor signature sec-guidance:910cfd73179f55a7.""}]}",2026-08-13 17:28:21.087580+02:00,2026-08-13 17:28:21.090580+02:00,0,0,0,0,0,0,0,0,0,0,[],0
DHT,56,0001331284,11292,PARTIAL,1,0,0,0,0,0,"{""documents"": [{""error"": ""SEC ACTIVE sync requires a successful SHADOW bootstrap for CIK 0001331284 and processor signature sec-guidance:910cfd73179f55a7.""}]}",2026-08-13 17:28:21.092580+02:00,2026-08-13 17:28:21.096418+02:00,0,0,0,0,0,0,0,0,0,0,[],0
DIOD,57,0000029002,11293,PARTIAL,1,0,0,0,0,0,"{""documents"": [{""error"": ""SEC ACTIVE sync requires a successful SHADOW bootstrap for CIK 0000029002 and processor signature sec-guidance:910cfd73179f55a7.""}]}",2026-08-13 17:28:21.111380+02:00,2026-08-13 17:28:21.114098+02:00,0,0,0,0,0,0,0,0,0,0,[],0
DLR,58,0001297996,11294,PARTIAL,1,0,0,0,0,0,"{""documents"": [{""error"": ""SEC ACTIVE sync requires a successful SHADOW bootstrap for CIK 0001297996 and processor signature sec-guidance:910cfd73179f55a7.""}]}",2026-08-13 17:28:21.116111+02:00,2026-08-13 17:28:21.119794+02:00,0,0,0,0,0,0,0,0,0,0,[],0
DVN,519,0001090012,11295,PARTIAL,1,0,0,0,0,0,"{""documents"": [{""error"": ""SEC ACTIVE sync requires a successful SHADOW bootstrap for CIK 0001090012 and processor signature sec-guidance:910cfd73179f55a7.""}]}",2026-08-13 17:28:21.121386+02:00,2026-08-13 17:28:21.125386+02:00,0,0,0,0,0,0,0,0,0,0,[],0
EBC,60,0001810546,11296,PARTIAL,1,0,0,0,0,0,"{""documents"": [{""error"": ""SEC ACTIVE sync requires a successful SHADOW bootstrap for CIK 0001810546 and processor signature sec-guidance:910cfd73179f55a7.""}]}",2026-08-13 17:28:21.127386+02:00,2026-08-13 17:28:21.131385+02:00,0,0,0,0,0,0,0,0,0,0,[],0
ECPG,291,0001084961,11297,PARTIAL,1,0,0,0,0,0,"{""documents"": [{""error"": ""SEC ACTIVE sync requires a successful SHADOW bootstrap for CIK 0001084961 and processor signature sec-guidance:910cfd73179f55a7.""}]}",2026-08-13 17:28:21.133384+02:00,2026-08-13 17:28:21.137385+02:00,0,0,0,0,0,0,0,0,0,0,[],0
EME,61,0000105634,11298,PARTIAL,1,0,0,0,0,0,"{""documents"": [{""error"": ""SEC ACTIVE sync requires a successful SHADOW bootstrap for CIK 0000105634 and processor signature sec-guidance:910cfd73179f55a7.""}]}",2026-08-13 17:28:21.145873+02:00,2026-08-13 17:28:21.148871+02:00,0,0,0,0,0,0,0,0,0,0,[],0
EOG,520,0000821189,11299,PARTIAL,1,0,0,0,0,0,"{""documents"": [{""error"": ""SEC ACTIVE sync requires a successful SHADOW bootstrap for CIK 0000821189 and processor signature sec-guidance:910cfd73179f55a7.""}]}",2026-08-13 17:28:21.150897+02:00,2026-08-13 17:28:21.154870+02:00,0,0,0,0,0,0,0,0,0,0,[],0
EQIX,637,0001101239,11300,PARTIAL,1,0,0,0,0,0,"{""documents"": [{""error"": ""SEC ACTIVE sync requires a successful SHADOW bootstrap for CIK 0001101239 and processor signature sec-guidance:910cfd73179f55a7.""}]}",2026-08-13 17:28:21.156911+02:00,2026-08-13 17:28:21.159664+02:00,0,0,0,0,0,0,0,0,0,0,[],0
ESQ,63,0001531031,11301,PARTIAL,1,0,0,0,0,0,"{""documents"": [{""error"": ""SEC ACTIVE sync requires a successful SHADOW bootstrap for CIK 0001531031 and processor signature sec-guidance:910cfd73179f55a7.""}]}",2026-08-13 17:28:21.162403+02:00,2026-08-13 17:28:21.165414+02:00,0,0,0,0,0,0,0,0,0,0,[],0
ET,64,0001276187,11302,PARTIAL,1,0,0,0,0,0,"{""documents"": [{""error"": ""SEC ACTIVE sync requires a successful SHADOW bootstrap for CIK 0001276187 and processor signature sec-guidance:910cfd73179f55a7.""}]}",2026-08-13 17:28:21.167414+02:00,2026-08-13 17:28:21.172418+02:00,0,0,0,0,0,0,0,0,0,0,[],0
EW,66,0001099800,11303,PARTIAL,1,0,0,0,0,0,"{""documents"": [{""error"": ""SEC ACTIVE sync requires a successful SHADOW bootstrap for CIK 0001099800 and processor signature sec-guidance:910cfd73179f55a7.""}]}",2026-08-13 17:28:21.180321+02:00,2026-08-13 17:28:21.183322+02:00,0,0,0,0,0,0,0,0,0,0,[],0
FANG,521,0001539838,11304,PARTIAL,1,0,0,0,0,0,"{""documents"": [{""error"": ""SEC ACTIVE sync requires a successful SHADOW bootstrap for CIK 0001539838 and processor signature sec-guidance:910cfd73179f55a7.""}]}",2026-08-13 17:28:21.184673+02:00,2026-08-13 17:28:21.188717+02:00,0,0,0,0,0,0,0,0,0,0,[],0
FBK,68,0001649749,11305,PARTIAL,1,0,0,0,0,0,"{""documents"": [{""error"": ""SEC ACTIVE sync requires a successful SHADOW bootstrap for CIK 0001649749 and processor signature sec-guidance:910cfd73179f55a7.""}]}",2026-08-13 17:28:21.190719+02:00,2026-08-13 17:28:21.194682+02:00,0,0,0,0,0,0,0,0,0,0,[],0
FERG,309,0002011641,11306,PARTIAL,1,0,0,0,0,0,"{""documents"": [{""error"": ""SEC ACTIVE sync requires a successful SHADOW bootstrap for CIK 0002011641 and processor signature sec-guidance:910cfd73179f55a7.""}]}",2026-08-13 17:28:21.196719+02:00,2026-08-13 17:28:21.200750+02:00,0,0,0,0,0,0,0,0,0,0,[],0
FFBC,590,0000708955,11307,PARTIAL,1,0,0,0,0,0,"{""documents"": [{""error"": ""SEC ACTIVE sync requires a successful SHADOW bootstrap for CIK 0000708955 and processor signature sec-guidance:910cfd73179f55a7.""}]}",2026-08-13 17:28:21.202760+02:00,2026-08-13 17:28:21.206196+02:00,0,0,0,0,0,0,0,0,0,0,[],0
FFIV,522,0001048695,11308,PARTIAL,1,0,0,0,0,0,"{""documents"": [{""error"": ""SEC ACTIVE sync requires a successful SHADOW bootstrap for CIK 0001048695 and processor signature sec-guidance:910cfd73179f55a7.""}]}",2026-08-13 17:28:21.215160+02:00,2026-08-13 17:28:21.217161+02:00,0,0,0,0,0,0,0,0,0,0,[],0
FHI,69,0001056288,11309,PARTIAL,1,0,0,0,0,0,"{""documents"": [{""error"": ""SEC ACTIVE sync requires a successful SHADOW bootstrap for CIK 0001056288 and processor signature sec-guidance:910cfd73179f55a7.""}]}",2026-08-13 17:28:21.220161+02:00,2026-08-13 17:28:21.224026+02:00,0,0,0,0,0,0,0,0,0,0,[],0
FITB,70,0000035527,11310,PARTIAL,1,0,0,0,0,0,"{""documents"": [{""error"": ""SEC ACTIVE sync requires a successful SHADOW bootstrap for CIK 0000035527 and processor signature sec-guidance:910cfd73179f55a7.""}]}",2026-08-13 17:28:21.225520+02:00,2026-08-13 17:28:21.229535+02:00,0,0,0,0,0,0,0,0,0,0,[],0
FLYW,71,0001580560,11311,PARTIAL,1,0,0,0,0,0,"{""documents"": [{""error"": ""SEC ACTIVE sync requires a successful SHADOW bootstrap for CIK 0001580560 and processor signature sec-guidance:910cfd73179f55a7.""}]}",2026-08-13 17:28:21.231521+02:00,2026-08-13 17:28:21.235520+02:00,0,0,0,0,0,0,0,0,0,0,[],0
FN,72,0001408710,11312,PARTIAL,1,0,0,0,0,0,"{""documents"": [{""error"": ""SEC ACTIVE sync requires a successful SHADOW bootstrap for CIK 0001408710 and processor signature sec-guidance:910cfd73179f55a7.""}]}",2026-08-13 17:28:21.238520+02:00,2026-08-13 17:28:21.242204+02:00,0,0,0,0,0,0,0,0,0,0,[],0
FORM,638,0001039399,11313,PARTIAL,1,0,0,0,0,0,"{""documents"": [{""error"": ""SEC ACTIVE sync requires a successful SHADOW bootstrap for CIK 0001039399 and processor signature sec-guidance:910cfd73179f55a7.""}]}",2026-08-13 17:28:21.343735+02:00,2026-08-13 17:28:21.500100+02:00,0,0,0,0,0,0,0,0,0,0,[],0
FRO,73,0000913290,11314,PARTIAL,1,0,0,0,0,0,"{""documents"": [{""error"": ""SEC ACTIVE sync requires a successful SHADOW bootstrap for CIK 0000913290 and processor signature sec-guidance:910cfd73179f55a7.""}]}",2026-08-13 17:28:21.503065+02:00,2026-08-13 17:28:21.506065+02:00,0,0,0,0,0,0,0,0,0,0,[],0
FSUN,75,0001709442,11315,PARTIAL,1,0,0,0,0,0,"{""documents"": [{""error"": ""SEC ACTIVE sync requires a successful SHADOW bootstrap for CIK 0001709442 and processor signature sec-guidance:910cfd73179f55a7.""}]}",2026-08-13 17:28:21.508901+02:00,2026-08-13 17:28:21.511911+02:00,0,0,0,0,0,0,0,0,0,0,[],0
FTI,523,0001681459,11316,PARTIAL,1,0,0,0,0,0,"{""documents"": [{""error"": ""SEC ACTIVE sync requires a successful SHADOW bootstrap for CIK 0001681459 and processor signature sec-guidance:910cfd73179f55a7.""}]}",2026-08-13 17:28:21.513910+02:00,2026-08-13 17:28:21.517913+02:00,0,0,0,0,0,0,0,0,0,0,[],0
FTNT,76,0001262039,11317,PARTIAL,1,0,0,0,0,0,"{""documents"": [{""error"": ""SEC ACTIVE sync requires a successful SHADOW bootstrap for CIK 0001262039 and processor signature sec-guidance:910cfd73179f55a7.""}]}",2026-08-13 17:28:21.520946+02:00,2026-08-13 17:28:21.524944+02:00,0,0,0,0,0,0,0,0,0,0,[],0
FWONA,639,0001560385,11318,PARTIAL,1,0,0,0,0,0,"{""documents"": [{""error"": ""SEC ACTIVE sync requires a successful SHADOW bootstrap for CIK 0001560385 and processor signature sec-guidance:910cfd73179f55a7.""}]}",2026-08-13 17:28:21.539429+02:00,2026-08-13 17:28:21.542431+02:00,0,0,0,0,0,0,0,0,0,0,[],0
GATX,640,0000040211,11319,PARTIAL,1,0,0,0,0,0,"{""documents"": [{""error"": ""SEC ACTIVE sync requires a successful SHADOW bootstrap for CIK 0000040211 and processor signature sec-guidance:910cfd73179f55a7.""}]}",2026-08-13 17:28:21.544430+02:00,2026-08-13 17:28:21.548429+02:00,0,0,0,0,0,0,0,0,0,0,[],0
GBTG,641,0001820872,11320,PARTIAL,1,0,0,0,0,0,"{""documents"": [{""error"": ""SEC ACTIVE sync requires a successful SHADOW bootstrap for CIK 0001820872 and processor signature sec-guidance:910cfd73179f55a7.""}]}",2026-08-13 17:28:21.550429+02:00,2026-08-13 17:28:21.554298+02:00,0,0,0,0,0,0,0,0,0,0,[],0
GD,77,0000040533,11321,PARTIAL,1,0,0,0,0,0,"{""documents"": [{""error"": ""SEC ACTIVE sync requires a successful SHADOW bootstrap for CIK 0000040533 and processor signature sec-guidance:910cfd73179f55a7.""}]}",2026-08-13 17:28:21.557652+02:00,2026-08-13 17:28:21.561468+02:00,0,0,0,0,0,0,0,0,0,0,[],0
GE,78,0000040545,11322,PARTIAL,1,0,0,0,0,0,"{""documents"": [{""error"": ""SEC ACTIVE sync requires a successful SHADOW bootstrap for CIK 0000040545 and processor signature sec-guidance:910cfd73179f55a7.""}]}",2026-08-13 17:28:21.563469+02:00,2026-08-13 17:28:21.566470+02:00,0,0,0,0,0,0,0,0,0,0,[],0
GEO,79,0000923796,11323,PARTIAL,1,0,0,0,0,0,"{""documents"": [{""error"": ""SEC ACTIVE sync requires a successful SHADOW bootstrap for CIK 0000923796 and processor signature sec-guidance:910cfd73179f55a7.""}]}",2026-08-13 17:28:21.577578+02:00,2026-08-13 17:28:21.580580+02:00,0,0,0,0,0,0,0,0,0,0,[],0
GEV,642,0001996810,11324,PARTIAL,1,0,0,0,0,0,"{""documents"": [{""error"": ""SEC ACTIVE sync requires a successful SHADOW bootstrap for CIK 0001996810 and processor signature sec-guidance:910cfd73179f55a7.""}]}",2026-08-13 17:28:21.583580+02:00,2026-08-13 17:28:21.588579+02:00,0,0,0,0,0,0,0,0,0,0,[],0
GHM,80,0000716314,11325,PARTIAL,1,0,0,0,0,0,"{""documents"": [{""error"": ""SEC ACTIVE sync requires a successful SHADOW bootstrap for CIK 0000716314 and processor signature sec-guidance:910cfd73179f55a7.""}]}",2026-08-13 17:28:21.590613+02:00,2026-08-13 17:28:21.594460+02:00,0,0,0,0,0,0,0,0,0,0,[],0
GLNG,81,0001207179,11326,PARTIAL,1,0,0,0,0,0,"{""documents"": [{""error"": ""SEC ACTIVE sync requires a successful SHADOW bootstrap for CIK 0001207179 and processor signature sec-guidance:910cfd73179f55a7.""}]}",2026-08-13 17:28:21.596469+02:00,2026-08-13 17:28:21.600503+02:00,0,0,0,0,0,0,0,0,0,0,[],0
GMED,524,0001237831,11327,PARTIAL,1,0,0,0,0,0,"{""documents"": [{""error"": ""SEC ACTIVE sync requires a successful SHADOW bootstrap for CIK 0001237831 and processor signature sec-guidance:910cfd73179f55a7.""}]}",2026-08-13 17:28:21.603471+02:00,2026-08-13 17:28:21.606471+02:00,0,0,0,0,0,0,0,0,0,0,[],0
GOLD,82,0001591588,11328,PARTIAL,1,0,0,0,0,0,"{""documents"": [{""error"": ""SEC ACTIVE sync requires a successful SHADOW bootstrap for CIK 0001591588 and processor signature sec-guidance:910cfd73179f55a7.""}]}",2026-08-13 17:28:21.616684+02:00,2026-08-13 17:28:21.619720+02:00,0,0,0,0,0,0,0,0,0,0,[],0
HAPN,84,0001409970,11329,PARTIAL,1,0,0,0,0,0,"{""documents"": [{""error"": ""SEC ACTIVE sync requires a successful SHADOW bootstrap for CIK 0001409970 and processor signature sec-guidance:910cfd73179f55a7.""}]}",2026-08-13 17:28:21.621684+02:00,2026-08-13 17:28:21.625683+02:00,0,0,0,0,0,0,0,0,0,0,[],0
HAS,85,0000046080,11330,PARTIAL,1,0,0,0,0,0,"{""documents"": [{""error"": ""SEC ACTIVE sync requires a successful SHADOW bootstrap for CIK 0000046080 and processor signature sec-guidance:910cfd73179f55a7.""}]}",2026-08-13 17:28:21.628218+02:00,2026-08-13 17:28:21.631828+02:00,0,0,0,0,0,0,0,0,0,0,[],0
HASI,86,0001561894,11331,PARTIAL,1,0,0,0,0,0,"{""documents"": [{""error"": ""SEC ACTIVE sync requires a successful SHADOW bootstrap for CIK 0001561894 and processor signature sec-guidance:910cfd73179f55a7.""}]}",2026-08-13 17:28:21.633722+02:00,2026-08-13 17:28:21.637733+02:00,0,0,0,0,0,0,0,0,0,0,[],0
HBAN,591,0000049196,11332,PARTIAL,1,0,0,0,0,0,"{""documents"": [{""error"": ""SEC ACTIVE sync requires a successful SHADOW bootstrap for CIK 0000049196 and processor signature sec-guidance:910cfd73179f55a7.""}]}",2026-08-13 17:28:21.639767+02:00,2026-08-13 17:28:21.643768+02:00,0,0,0,0,0,0,0,0,0,0,[],0
HCI,88,0001400810,11333,PARTIAL,1,0,0,0,0,0,"{""documents"": [{""error"": ""SEC ACTIVE sync requires a successful SHADOW bootstrap for CIK 0001400810 and processor signature sec-guidance:910cfd73179f55a7.""}]}",2026-08-13 17:28:21.653254+02:00,2026-08-13 17:28:21.656256+02:00,0,0,0,0,0,0,0,0,0,0,[],0
HEI,89,0000046619,11334,PARTIAL,1,0,0,0,0,0,"{""documents"": [{""error"": ""SEC ACTIVE sync requires a successful SHADOW bootstrap for CIK 0000046619 and processor signature sec-guidance:910cfd73179f55a7.""}]}",2026-08-13 17:28:21.657256+02:00,2026-08-13 17:28:21.661801+02:00,0,0,0,0,0,0,0,0,0,0,[],0
HFWA,643,0001046025,11335,PARTIAL,1,0,0,0,0,0,"{""documents"": [{""error"": ""SEC ACTIVE sync requires a successful SHADOW bootstrap for CIK 0001046025 and processor signature sec-guidance:910cfd73179f55a7.""}]}",2026-08-13 17:28:21.663802+02:00,2026-08-13 17:28:21.666802+02:00,0,0,0,0,0,0,0,0,0,0,[],0
HG,90,0001593275,11336,PARTIAL,1,0,0,0,0,0,"{""documents"": [{""error"": ""SEC ACTIVE sync requires a successful SHADOW bootstrap for CIK 0001593275 and processor signature sec-guidance:910cfd73179f55a7.""}]}",2026-08-13 17:28:21.669800+02:00,2026-08-13 17:28:21.673800+02:00,0,0,0,0,0,0,0,0,0,0,[],0
HIFS,644,,11337,COMPLETED,0,0,0,0,0,0,,2026-08-13 17:28:21.675799+02:00,2026-08-13 17:28:21.678800+02:00,0,0,0,0,0,0,0,0,0,0,[],0
HUBB,92,0000048898,11338,PARTIAL,1,0,0,0,0,0,"{""documents"": [{""error"": ""SEC ACTIVE sync requires a successful SHADOW bootstrap for CIK 0000048898 and processor signature sec-guidance:910cfd73179f55a7.""}]}",2026-08-13 17:28:21.757953+02:00,2026-08-13 17:28:21.989198+02:00,0,0,0,0,0,0,0,0,0,0,[],0
HUM,93,0000049071,11339,PARTIAL,1,0,0,0,0,0,"{""documents"": [{""error"": ""SEC ACTIVE sync requires a successful SHADOW bootstrap for CIK 0000049071 and processor signature sec-guidance:910cfd73179f55a7.""}]}",2026-08-13 17:28:21.991196+02:00,2026-08-13 17:28:21.994669+02:00,0,0,0,0,0,0,0,0,0,0,[],0
HWM,94,0000004281,11340,PARTIAL,1,0,0,0,0,0,"{""documents"": [{""error"": ""SEC ACTIVE sync requires a successful SHADOW bootstrap for CIK 0000004281 and processor signature sec-guidance:910cfd73179f55a7.""}]}",2026-08-13 17:28:21.997702+02:00,2026-08-13 17:28:22.000746+02:00,0,0,0,0,0,0,0,0,0,0,[],0
IBKR,645,0001381197,11341,PARTIAL,1,0,0,0,0,0,"{""documents"": [{""error"": ""SEC ACTIVE sync requires a successful SHADOW bootstrap for CIK 0001381197 and processor signature sec-guidance:910cfd73179f55a7.""}]}",2026-08-13 17:28:22.002716+02:00,2026-08-13 17:28:22.006712+02:00,0,0,0,0,0,0,0,0,0,0,[],0
INCY,96,0000879169,11342,PARTIAL,1,0,0,0,0,0,"{""documents"": [{""error"": ""SEC ACTIVE sync requires a successful SHADOW bootstrap for CIK 0000879169 and processor signature sec-guidance:910cfd73179f55a7.""}]}",2026-08-13 17:28:22.008715+02:00,2026-08-13 17:28:22.011715+02:00,0,0,0,0,0,0,0,0,0,0,[],0
INDB,592,0000776901,11343,PARTIAL,1,0,0,0,0,0,"{""documents"": [{""error"": ""SEC ACTIVE sync requires a successful SHADOW bootstrap for CIK 0000776901 and processor signature sec-guidance:910cfd73179f55a7.""}]}",2026-08-13 17:28:22.026713+02:00,2026-08-13 17:28:22.029714+02:00,0,0,0,0,0,0,0,0,0,0,[],0
INSW,97,0001679049,11344,PARTIAL,1,0,0,0,0,0,"{""documents"": [{""error"": ""SEC ACTIVE sync requires a successful SHADOW bootstrap for CIK 0001679049 and processor signature sec-guidance:910cfd73179f55a7.""}]}",2026-08-13 17:28:22.031716+02:00,2026-08-13 17:28:22.035746+02:00,0,0,0,0,0,0,0,0,0,0,[],0
ITT,100,0000216228,11345,PARTIAL,1,0,0,0,0,0,"{""documents"": [{""error"": ""SEC ACTIVE sync requires a successful SHADOW bootstrap for CIK 0000216228 and processor signature sec-guidance:910cfd73179f55a7.""}]}",2026-08-13 17:28:22.037746+02:00,2026-08-13 17:28:22.040746+02:00,0,0,0,0,0,0,0,0,0,0,[],0
JBL,593,0000898293,11346,PARTIAL,1,0,0,0,0,0,"{""documents"": [{""error"": ""SEC ACTIVE sync requires a successful SHADOW bootstrap for CIK 0000898293 and processor signature sec-guidance:910cfd73179f55a7.""}]}",2026-08-13 17:28:22.043720+02:00,2026-08-13 17:28:22.047712+02:00,0,0,0,0,0,0,0,0,0,0,[],0
JNJ,102,0000200406,11347,PARTIAL,1,0,0,0,0,0,"{""documents"": [{""error"": ""SEC ACTIVE sync requires a successful SHADOW bootstrap for CIK 0000200406 and processor signature sec-guidance:910cfd73179f55a7.""}]}",2026-08-13 17:28:22.049712+02:00,2026-08-13 17:28:22.053716+02:00,0,0,0,0,0,0,0,0,0,0,[],0
JOE,527,0000745308,11348,PARTIAL,1,0,0,0,0,0,"{""documents"": [{""error"": ""SEC ACTIVE sync requires a successful SHADOW bootstrap for CIK 0000745308 and processor signature sec-guidance:910cfd73179f55a7.""}]}",2026-08-13 17:28:22.062749+02:00,2026-08-13 17:28:22.065713+02:00,0,0,0,0,0,0,0,0,0,0,[],0
JPM,103,0000019617,11349,COMPLETED,0,0,0,0,0,0,,2026-08-13 17:28:22.067557+02:00,2026-08-13 17:28:23.520471+02:00,30,4,26,0,0,0,46323731,0,0,0,[],0
KEY,646,0000091576,11350,PARTIAL,1,0,0,0,0,0,"{""documents"": [{""error"": ""SEC ACTIVE sync requires a successful SHADOW bootstrap for CIK 0000091576 and processor signature sec-guidance:910cfd73179f55a7.""}]}",2026-08-13 17:28:23.525470+02:00,2026-08-13 17:28:23.531483+02:00,0,0,0,0,0,0,0,0,0,0,[],0
KEYS,104,0001601046,11351,PARTIAL,1,0,0,0,0,0,"{""documents"": [{""error"": ""SEC ACTIVE sync requires a successful SHADOW bootstrap for CIK 0001601046 and processor signature sec-guidance:910cfd73179f55a7.""}]}",2026-08-13 17:28:23.535470+02:00,2026-08-13 17:28:23.539470+02:00,0,0,0,0,0,0,0,0,0,0,[],0
KN,105,0001587523,11352,PARTIAL,1,0,0,0,0,0,"{""documents"": [{""error"": ""SEC ACTIVE sync requires a successful SHADOW bootstrap for CIK 0001587523 and processor signature sec-guidance:910cfd73179f55a7.""}]}",2026-08-13 17:28:23.541469+02:00,2026-08-13 17:28:23.544469+02:00,0,0,0,0,0,0,0,0,0,0,[],0
LB,107,0001995807,11353,PARTIAL,1,0,0,0,0,0,"{""documents"": [{""error"": ""SEC ACTIVE sync requires a successful SHADOW bootstrap for CIK 0001995807 and processor signature sec-guidance:910cfd73179f55a7.""}]}",2026-08-13 17:28:23.555469+02:00,2026-08-13 17:28:23.557470+02:00,0,0,0,0,0,0,0,0,0,0,[],0
LECO,108,0000059527,11354,PARTIAL,1,0,0,0,0,0,"{""documents"": [{""error"": ""SEC ACTIVE sync requires a successful SHADOW bootstrap for CIK 0000059527 and processor signature sec-guidance:910cfd73179f55a7.""}]}",2026-08-13 17:28:23.559468+02:00,2026-08-13 17:28:23.563469+02:00,0,0,0,0,0,0,0,0,0,0,[],0
LIVN,647,0001639691,11355,PARTIAL,1,0,0,0,0,0,"{""documents"": [{""error"": ""SEC ACTIVE sync requires a successful SHADOW bootstrap for CIK 0001639691 and processor signature sec-guidance:910cfd73179f55a7.""}]}",2026-08-13 17:28:23.565983+02:00,2026-08-13 17:28:23.570985+02:00,0,0,0,0,0,0,0,0,0,0,[],0
LLY,111,0000059478,11356,PARTIAL,1,0,0,0,0,0,"{""documents"": [{""error"": ""SEC ACTIVE sync requires a successful SHADOW bootstrap for CIK 0000059478 and processor signature sec-guidance:910cfd73179f55a7.""}]}",2026-08-13 17:28:23.573089+02:00,2026-08-13 17:28:23.576984+02:00,0,0,0,0,0,0,0,0,0,0,[],0
LNC,369,0000059558,11357,PARTIAL,1,0,0,0,0,0,"{""documents"": [{""error"": ""SEC ACTIVE sync requires a successful SHADOW bootstrap for CIK 0000059558 and processor signature sec-guidance:910cfd73179f55a7.""}]}",2026-08-13 17:28:23.579984+02:00,2026-08-13 17:28:23.583987+02:00,0,0,0,0,0,0,0,0,0,0,[],0
LNG,529,0000003570,11358,PARTIAL,1,0,0,0,0,0,"{""documents"": [{""error"": ""SEC ACTIVE sync requires a successful SHADOW bootstrap for CIK 0000003570 and processor signature sec-guidance:910cfd73179f55a7.""}]}",2026-08-13 17:28:23.591984+02:00,2026-08-13 17:28:23.595984+02:00,0,0,0,0,0,0,0,0,0,0,[],0
LPG,112,0001596993,11359,PARTIAL,1,0,0,0,0,0,"{""documents"": [{""error"": ""SEC ACTIVE sync requires a successful SHADOW bootstrap for CIK 0001596993 and processor signature sec-guidance:910cfd73179f55a7.""}]}",2026-08-13 17:28:23.596984+02:00,2026-08-13 17:28:23.600986+02:00,0,0,0,0,0,0,0,0,0,0,[],0
LTH,370,0001869198,11360,PARTIAL,1,0,0,0,0,0,"{""documents"": [{""error"": ""SEC ACTIVE sync requires a successful SHADOW bootstrap for CIK 0001869198 and processor signature sec-guidance:910cfd73179f55a7.""}]}",2026-08-13 17:28:23.602985+02:00,2026-08-13 17:28:23.606984+02:00,0,0,0,0,0,0,0,0,0,0,[],0
LYFT,372,0001759509,11361,PARTIAL,1,0,0,0,0,0,"{""documents"": [{""error"": ""SEC ACTIVE sync requires a successful SHADOW bootstrap for CIK 0001759509 and processor signature sec-guidance:910cfd73179f55a7.""}]}",2026-08-13 17:28:23.608983+02:00,2026-08-13 17:28:23.612984+02:00,0,0,0,0,0,0,0,0,0,0,[],0
MET,115,0001099219,11362,PARTIAL,1,0,0,0,0,0,"{""documents"": [{""error"": ""SEC ACTIVE sync requires a successful SHADOW bootstrap for CIK 0001099219 and processor signature sec-guidance:910cfd73179f55a7.""}]}",2026-08-13 17:28:23.614984+02:00,2026-08-13 17:28:23.617984+02:00,0,0,0,0,0,0,0,1114,0,36,[4281],1
MGY,648,0001698990,11363,PARTIAL,1,0,0,0,0,0,"{""documents"": [{""error"": ""SEC ACTIVE sync requires a successful SHADOW bootstrap for CIK 0001698990 and processor signature sec-guidance:910cfd73179f55a7.""}]}",2026-08-13 17:28:23.700988+02:00,2026-08-13 17:28:23.862165+02:00,0,0,0,0,0,0,0,0,0,0,[],0
MITK,117,0000807863,11364,PARTIAL,1,0,0,0,0,0,"{""documents"": [{""error"": ""SEC ACTIVE sync requires a successful SHADOW bootstrap for CIK 0000807863 and processor signature sec-guidance:910cfd73179f55a7.""}]}",2026-08-13 17:28:23.863682+02:00,2026-08-13 17:28:23.868684+02:00,0,0,0,0,0,0,0,0,0,0,[],0
MLI,118,0000089439,11365,PARTIAL,1,0,0,0,0,0,"{""documents"": [{""error"": ""SEC ACTIVE sync requires a successful SHADOW bootstrap for CIK 0000089439 and processor signature sec-guidance:910cfd73179f55a7.""}]}",2026-08-13 17:28:23.870686+02:00,2026-08-13 17:28:23.873686+02:00,0,0,0,0,0,0,0,601,0,62,"[191, 192]",2
MOG.A,119,,11366,COMPLETED,0,0,0,0,0,0,,2026-08-13 17:28:23.876686+02:00,2026-08-13 17:28:23.878685+02:00,0,0,0,0,0,0,0,0,0,0,[],0
MPWR,649,0001280452,11367,PARTIAL,1,0,0,0,0,0,"{""documents"": [{""error"": ""SEC ACTIVE sync requires a successful SHADOW bootstrap for CIK 0001280452 and processor signature sec-guidance:910cfd73179f55a7.""}]}",2026-08-13 17:28:23.881041+02:00,2026-08-13 17:28:23.886489+02:00,0,0,0,0,0,0,0,0,0,0,[],0
MS,121,0000895421,11368,PARTIAL,1,0,0,0,0,0,"{""documents"": [{""error"": ""SEC ACTIVE sync requires a successful SHADOW bootstrap for CIK 0000895421 and processor signature sec-guidance:910cfd73179f55a7.""}]}",2026-08-13 17:28:23.896455+02:00,2026-08-13 17:28:23.900459+02:00,0,0,0,0,0,0,0,0,0,0,[],0
NBN,122,,11369,COMPLETED,0,0,0,0,0,0,,2026-08-13 17:28:23.903459+02:00,2026-08-13 17:28:23.905457+02:00,0,0,0,0,0,0,0,0,0,0,[],0
NBTB,123,0000790359,11370,PARTIAL,1,0,0,0,0,0,"{""documents"": [{""error"": ""SEC ACTIVE sync requires a successful SHADOW bootstrap for CIK 0000790359 and processor signature sec-guidance:910cfd73179f55a7.""}]}",2026-08-13 17:28:23.907456+02:00,2026-08-13 17:28:23.911457+02:00,0,0,0,0,0,0,0,1940,0,53,[],0
NIC,125,0001174850,11371,PARTIAL,1,0,0,0,0,0,"{""documents"": [{""error"": ""SEC ACTIVE sync requires a successful SHADOW bootstrap for CIK 0001174850 and processor signature sec-guidance:910cfd73179f55a7.""}]}",2026-08-13 17:28:23.914457+02:00,2026-08-13 17:28:23.919977+02:00,0,0,0,0,0,0,0,531,0,43,[18207],1
NLY,126,0001043219,11372,PARTIAL,1,0,0,0,0,0,"{""documents"": [{""error"": ""SEC ACTIVE sync requires a successful SHADOW bootstrap for CIK 0001043219 and processor signature sec-guidance:910cfd73179f55a7.""}]}",2026-08-13 17:28:23.922977+02:00,2026-08-13 17:28:23.926318+02:00,0,0,0,0,0,0,0,0,0,0,[],0
NPO,650,0001164863,11373,PARTIAL,1,0,0,0,0,0,"{""documents"": [{""error"": ""SEC ACTIVE sync requires a successful SHADOW bootstrap for CIK 0001164863 and processor signature sec-guidance:910cfd73179f55a7.""}]}",2026-08-13 17:28:23.936319+02:00,2026-08-13 17:28:23.940319+02:00,0,0,0,0,0,0,0,0,0,0,[],0
NVDA,128,0001045810,11374,PARTIAL,1,0,0,0,0,0,"{""documents"": [{""error"": ""SEC ACTIVE sync requires a successful SHADOW bootstrap for CIK 0001045810 and processor signature sec-guidance:910cfd73179f55a7.""}]}",2026-08-13 17:28:23.943318+02:00,2026-08-13 17:28:23.947319+02:00,0,0,0,0,0,0,0,165,0,27,[23105],1
NVST,129,0001757073,11375,PARTIAL,1,0,0,0,0,0,"{""documents"": [{""error"": ""SEC ACTIVE sync requires a successful SHADOW bootstrap for CIK 0001757073 and processor signature sec-guidance:910cfd73179f55a7.""}]}",2026-08-13 17:28:23.951320+02:00,2026-08-13 17:28:23.956319+02:00,0,0,0,0,0,0,0,397,0,31,[],0
NVT,130,0001720635,11376,PARTIAL,1,0,0,0,0,0,"{""documents"": [{""error"": ""SEC ACTIVE sync requires a successful SHADOW bootstrap for CIK 0001720635 and processor signature sec-guidance:910cfd73179f55a7.""}]}",2026-08-13 17:28:23.960322+02:00,2026-08-13 17:28:23.967321+02:00,0,0,0,0,0,0,0,0,0,0,[],0
NWBI,131,0001471265,11377,PARTIAL,1,0,0,0,0,0,"{""documents"": [{""error"": ""SEC ACTIVE sync requires a successful SHADOW bootstrap for CIK 0001471265 and processor signature sec-guidance:910cfd73179f55a7.""}]}",2026-08-13 17:28:23.971320+02:00,2026-08-13 17:28:23.977319+02:00,0,0,0,0,0,0,0,0,0,0,[],0
OKE,530,0001039684,11378,PARTIAL,1,0,0,0,0,0,"{""documents"": [{""error"": ""SEC ACTIVE sync requires a successful SHADOW bootstrap for CIK 0001039684 and processor signature sec-guidance:910cfd73179f55a7.""}]}",2026-08-13 17:28:23.990844+02:00,2026-08-13 17:28:23.996841+02:00,0,0,0,0,0,0,0,0,0,0,[],0
OKTA,623,0001660134,11379,PARTIAL,1,0,0,0,0,0,"{""documents"": [{""error"": ""SEC ACTIVE sync requires a successful SHADOW bootstrap for CIK 0001660134 and processor signature sec-guidance:910cfd73179f55a7.""}]}",2026-08-13 17:28:24.000844+02:00,2026-08-13 17:28:24.006841+02:00,0,0,0,0,0,0,0,0,0,0,[],0
OMC,133,0000029989,11380,PARTIAL,1,0,0,0,0,0,"{""documents"": [{""error"": ""SEC ACTIVE sync requires a successful SHADOW bootstrap for CIK 0000029989 and processor signature sec-guidance:910cfd73179f55a7.""}]}",2026-08-13 17:28:24.010841+02:00,2026-08-13 17:28:24.015844+02:00,0,0,0,0,0,0,0,230,0,99,[],0
ONB,134,0000707179,11381,PARTIAL,1,0,0,0,0,0,"{""documents"": [{""error"": ""SEC ACTIVE sync requires a successful SHADOW bootstrap for CIK 0000707179 and processor signature sec-guidance:910cfd73179f55a7.""}]}",2026-08-13 17:28:24.019844+02:00,2026-08-13 17:28:24.025841+02:00,0,0,0,0,0,0,0,0,0,0,[],0
OPY,136,0000791963,11382,PARTIAL,1,0,0,0,0,0,"{""documents"": [{""error"": ""SEC ACTIVE sync requires a successful SHADOW bootstrap for CIK 0000791963 and processor signature sec-guidance:910cfd73179f55a7.""}]}",2026-08-13 17:28:24.029841+02:00,2026-08-13 17:28:24.036841+02:00,0,0,0,0,0,0,0,0,0,0,[],0
ORI,137,0000074260,11383,PARTIAL,1,0,0,0,0,0,"{""documents"": [{""error"": ""SEC ACTIVE sync requires a successful SHADOW bootstrap for CIK 0000074260 and processor signature sec-guidance:910cfd73179f55a7.""}]}",2026-08-13 17:28:24.052362+02:00,2026-08-13 17:28:24.056361+02:00,0,0,0,0,0,0,0,620,0,63,[],0
OSCR,651,0001568651,11384,PARTIAL,1,0,0,0,0,0,"{""documents"": [{""error"": ""SEC ACTIVE sync requires a successful SHADOW bootstrap for CIK 0001568651 and processor signature sec-guidance:910cfd73179f55a7.""}]}",2026-08-13 17:28:24.058361+02:00,2026-08-13 17:28:24.062360+02:00,0,0,0,0,0,0,0,0,0,0,[],0
OSW,652,0001758488,11385,PARTIAL,1,0,0,0,0,0,"{""documents"": [{""error"": ""SEC ACTIVE sync requires a successful SHADOW bootstrap for CIK 0001758488 and processor signature sec-guidance:910cfd73179f55a7.""}]}",2026-08-13 17:28:24.064359+02:00,2026-08-13 17:28:24.068359+02:00,0,0,0,0,0,0,0,0,0,0,[],0
PACS,653,0002001184,11386,PARTIAL,1,0,0,0,0,0,"{""documents"": [{""error"": ""SEC ACTIVE sync requires a successful SHADOW bootstrap for CIK 0002001184 and processor signature sec-guidance:910cfd73179f55a7.""}]}",2026-08-13 17:28:24.069359+02:00,2026-08-13 17:28:24.073359+02:00,0,0,0,0,0,0,0,0,0,0,[],0
PKE,140,0000076267,11387,PARTIAL,1,0,0,0,0,0,"{""documents"": [{""error"": ""SEC ACTIVE sync requires a successful SHADOW bootstrap for CIK 0000076267 and processor signature sec-guidance:910cfd73179f55a7.""}]}",2026-08-13 17:28:24.075359+02:00,2026-08-13 17:28:24.080360+02:00,0,0,0,0,0,0,0,0,0,0,[],0
PKG,420,0000075677,11388,PARTIAL,1,0,0,0,0,0,"{""documents"": [{""error"": ""SEC ACTIVE sync requires a successful SHADOW bootstrap for CIK 0000075677 and processor signature sec-guidance:910cfd73179f55a7.""}]}",2026-08-13 17:28:24.154873+02:00,2026-08-13 17:28:24.371905+02:00,0,0,0,0,0,0,0,0,0,0,[],0
PR,532,0001658566,11389,PARTIAL,1,0,0,0,0,0,"{""documents"": [{""error"": ""SEC ACTIVE sync requires a successful SHADOW bootstrap for CIK 0001658566 and processor signature sec-guidance:910cfd73179f55a7.""}]}",2026-08-13 17:28:24.374065+02:00,2026-08-13 17:28:24.378213+02:00,0,0,0,0,0,0,0,0,0,0,[],0
PRK,143,0000805676,11390,PARTIAL,1,0,0,0,0,0,"{""documents"": [{""error"": ""SEC ACTIVE sync requires a successful SHADOW bootstrap for CIK 0000805676 and processor signature sec-guidance:910cfd73179f55a7.""}]}",2026-08-13 17:28:24.380218+02:00,2026-08-13 17:28:24.384215+02:00,0,0,0,0,0,0,0,0,0,0,[],0
PRU,144,0001137774,11391,PARTIAL,1,0,0,0,0,0,"{""documents"": [{""error"": ""SEC ACTIVE sync requires a successful SHADOW bootstrap for CIK 0001137774 and processor signature sec-guidance:910cfd73179f55a7.""}]}",2026-08-13 17:28:24.386213+02:00,2026-08-13 17:28:24.390214+02:00,0,0,0,0,0,0,0,0,0,0,[],0
PWR,654,0001050915,11392,PARTIAL,1,0,0,0,0,0,"{""documents"": [{""error"": ""SEC ACTIVE sync requires a successful SHADOW bootstrap for CIK 0001050915 and processor signature sec-guidance:910cfd73179f55a7.""}]}",2026-08-13 17:28:24.392214+02:00,2026-08-13 17:28:24.395210+02:00,0,0,0,0,0,0,0,0,0,0,[],0
RAMP,146,0000733269,11393,PARTIAL,1,0,0,0,0,0,"{""documents"": [{""error"": ""SEC ACTIVE sync requires a successful SHADOW bootstrap for CIK 0000733269 and processor signature sec-guidance:910cfd73179f55a7.""}]}",2026-08-13 17:28:24.410503+02:00,2026-08-13 17:28:24.413503+02:00,0,0,0,0,0,0,0,0,0,0,[],0
RDVT,655,0001720116,11394,PARTIAL,1,0,0,0,0,0,"{""documents"": [{""error"": ""SEC ACTIVE sync requires a successful SHADOW bootstrap for CIK 0001720116 and processor signature sec-guidance:910cfd73179f55a7.""}]}",2026-08-13 17:28:24.415503+02:00,2026-08-13 17:28:24.419536+02:00,0,0,0,0,0,0,0,0,0,0,[],0
RELY,147,0001782170,11395,PARTIAL,1,0,0,0,0,0,"{""documents"": [{""error"": ""SEC ACTIVE sync requires a successful SHADOW bootstrap for CIK 0001782170 and processor signature sec-guidance:910cfd73179f55a7.""}]}",2026-08-13 17:28:24.421535+02:00,2026-08-13 17:28:24.425505+02:00,0,0,0,0,0,0,0,0,0,0,[],0
RGA,148,0000898174,11396,PARTIAL,1,0,0,0,0,0,"{""documents"": [{""error"": ""SEC ACTIVE sync requires a successful SHADOW bootstrap for CIK 0000898174 and processor signature sec-guidance:910cfd73179f55a7.""}]}",2026-08-13 17:28:24.427505+02:00,2026-08-13 17:28:24.430506+02:00,0,0,0,0,0,0,0,0,0,0,[],0
RL,149,0001037038,11397,PARTIAL,1,0,0,0,0,0,"{""documents"": [{""error"": ""SEC ACTIVE sync requires a successful SHADOW bootstrap for CIK 0001037038 and processor signature sec-guidance:910cfd73179f55a7.""}]}",2026-08-13 17:28:24.432505+02:00,2026-08-13 17:28:24.436379+02:00,0,0,0,0,0,0,0,0,0,0,[],0
RNST,656,0000715072,11398,PARTIAL,1,0,0,0,0,0,"{""documents"": [{""error"": ""SEC ACTIVE sync requires a successful SHADOW bootstrap for CIK 0000715072 and processor signature sec-guidance:910cfd73179f55a7.""}]}",2026-08-13 17:28:24.445205+02:00,2026-08-13 17:28:24.448205+02:00,0,0,0,0,0,0,0,0,0,0,[],0
ROST,597,0000745732,11399,PARTIAL,1,0,0,0,0,0,"{""documents"": [{""error"": ""SEC ACTIVE sync requires a successful SHADOW bootstrap for CIK 0000745732 and processor signature sec-guidance:910cfd73179f55a7.""}]}",2026-08-13 17:28:24.450204+02:00,2026-08-13 17:28:24.453410+02:00,0,0,0,0,0,0,0,0,0,0,[],0
RPRX,533,0001802768,11400,PARTIAL,1,0,0,0,0,0,"{""documents"": [{""error"": ""SEC ACTIVE sync requires a successful SHADOW bootstrap for CIK 0001802768 and processor signature sec-guidance:910cfd73179f55a7.""}]}",2026-08-13 17:28:24.455455+02:00,2026-08-13 17:28:24.460421+02:00,0,0,0,0,0,0,0,0,0,0,[],0
RRC,534,0000315852,11401,PARTIAL,1,0,0,0,0,0,"{""documents"": [{""error"": ""SEC ACTIVE sync requires a successful SHADOW bootstrap for CIK 0000315852 and processor signature sec-guidance:910cfd73179f55a7.""}]}",2026-08-13 17:28:24.462424+02:00,2026-08-13 17:28:24.466422+02:00,0,0,0,0,0,0,0,0,0,0,[],0
SBCF,151,0000730708,11402,PARTIAL,1,0,0,0,0,0,"{""documents"": [{""error"": ""SEC ACTIVE sync requires a successful SHADOW bootstrap for CIK 0000730708 and processor signature sec-guidance:910cfd73179f55a7.""}]}",2026-08-13 17:28:24.468424+02:00,2026-08-13 17:28:24.473305+02:00,0,0,0,0,0,0,0,0,0,0,[],0
SHC,155,0001822479,11403,PARTIAL,1,0,0,0,0,0,"{""documents"": [{""error"": ""SEC ACTIVE sync requires a successful SHADOW bootstrap for CIK 0001822479 and processor signature sec-guidance:910cfd73179f55a7.""}]}",2026-08-13 17:28:24.481632+02:00,2026-08-13 17:28:24.484415+02:00,0,0,0,0,0,0,0,0,0,0,[],0
SHOO,156,0000913241,11404,PARTIAL,1,0,0,0,0,0,"{""documents"": [{""error"": ""SEC ACTIVE sync requires a successful SHADOW bootstrap for CIK 0000913241 and processor signature sec-guidance:910cfd73179f55a7.""}]}",2026-08-13 17:28:24.486415+02:00,2026-08-13 17:28:24.490415+02:00,0,0,0,0,0,0,0,0,0,0,[],0
SKWD,456,0001519449,11405,PARTIAL,1,0,0,0,0,0,"{""documents"": [{""error"": ""SEC ACTIVE sync requires a successful SHADOW bootstrap for CIK 0001519449 and processor signature sec-guidance:910cfd73179f55a7.""}]}",2026-08-13 17:28:24.492415+02:00,2026-08-13 17:28:24.496447+02:00,0,0,0,0,0,0,0,0,0,0,[],0
SLDE,157,0001886428,11406,COMPLETED,0,0,0,0,0,0,,2026-08-13 17:28:24.498451+02:00,2026-08-13 17:28:25.077352+02:00,17,6,11,0,0,0,24446884,0,0,0,[],0
SM,535,0000893538,11407,PARTIAL,1,0,0,0,0,0,"{""documents"": [{""error"": ""SEC ACTIVE sync requires a successful SHADOW bootstrap for CIK 0000893538 and processor signature sec-guidance:910cfd73179f55a7.""}]}",2026-08-13 17:28:25.081346+02:00,2026-08-13 17:28:25.086350+02:00,0,0,0,0,0,0,0,0,0,0,[],0
SON,158,0000091767,11408,PARTIAL,1,0,0,0,0,0,"{""documents"": [{""error"": ""SEC ACTIVE sync requires a successful SHADOW bootstrap for CIK 0000091767 and processor signature sec-guidance:910cfd73179f55a7.""}]}",2026-08-13 17:28:25.094354+02:00,2026-08-13 17:28:25.098354+02:00,0,0,0,0,0,0,0,0,0,0,[],0
SSB,159,0000764038,11409,PARTIAL,1,0,0,0,0,0,"{""documents"": [{""error"": ""SEC ACTIVE sync requires a successful SHADOW bootstrap for CIK 0000764038 and processor signature sec-guidance:910cfd73179f55a7.""}]}",2026-08-13 17:28:25.100346+02:00,2026-08-13 17:28:25.104346+02:00,0,0,0,0,0,0,0,0,0,0,[],0
SUN,627,0001552275,11410,PARTIAL,1,0,0,0,0,0,"{""documents"": [{""error"": ""SEC ACTIVE sync requires a successful SHADOW bootstrap for CIK 0001552275 and processor signature sec-guidance:910cfd73179f55a7.""}]}",2026-08-13 17:28:25.106346+02:00,2026-08-13 17:28:25.109346+02:00,0,0,0,0,0,0,0,0,0,0,[],0
SXI,160,0000310354,11411,PARTIAL,1,0,0,0,0,0,"{""documents"": [{""error"": ""SEC ACTIVE sync requires a successful SHADOW bootstrap for CIK 0000310354 and processor signature sec-guidance:910cfd73179f55a7.""}]}",2026-08-13 17:28:25.111379+02:00,2026-08-13 17:28:25.115379+02:00,0,0,0,0,0,0,0,0,0,0,[],0
SXT,161,0000310142,11412,PARTIAL,1,0,0,0,0,0,"{""documents"": [{""error"": ""SEC ACTIVE sync requires a successful SHADOW bootstrap for CIK 0000310142 and processor signature sec-guidance:910cfd73179f55a7.""}]}",2026-08-13 17:28:25.117346+02:00,2026-08-13 17:28:25.120345+02:00,0,0,0,0,0,0,0,0,0,0,[],0
SYBT,162,0000835324,11413,PARTIAL,1,0,0,0,0,0,"{""documents"": [{""error"": ""SEC ACTIVE sync requires a successful SHADOW bootstrap for CIK 0000835324 and processor signature sec-guidance:910cfd73179f55a7.""}]}",2026-08-13 17:28:25.188344+02:00,2026-08-13 17:28:25.412333+02:00,0,0,0,0,0,0,0,0,0,0,[],0
TENB,163,0001660280,11414,PARTIAL,1,0,0,0,0,0,"{""documents"": [{""error"": ""SEC ACTIVE sync requires a successful SHADOW bootstrap for CIK 0001660280 and processor signature sec-guidance:910cfd73179f55a7.""}]}",2026-08-13 17:28:25.414335+02:00,2026-08-13 17:28:25.418892+02:00,0,0,0,0,0,0,0,0,0,0,[],0
TER,657,0000097210,11415,PARTIAL,1,0,0,0,0,0,"{""documents"": [{""error"": ""SEC ACTIVE sync requires a successful SHADOW bootstrap for CIK 0000097210 and processor signature sec-guidance:910cfd73179f55a7.""}]}",2026-08-13 17:28:25.420907+02:00,2026-08-13 17:28:25.424902+02:00,0,0,0,0,0,0,0,0,0,0,[],0
TEX,164,0000097216,11416,PARTIAL,1,0,0,0,0,0,"{""documents"": [{""error"": ""SEC ACTIVE sync requires a successful SHADOW bootstrap for CIK 0000097216 and processor signature sec-guidance:910cfd73179f55a7.""}]}",2026-08-13 17:28:25.427440+02:00,2026-08-13 17:28:25.430450+02:00,0,0,0,0,0,0,0,0,0,0,[],0
TFIN,658,0001539638,11417,PARTIAL,1,0,0,0,0,0,"{""documents"": [{""error"": ""SEC ACTIVE sync requires a successful SHADOW bootstrap for CIK 0001539638 and processor signature sec-guidance:910cfd73179f55a7.""}]}",2026-08-13 17:28:25.433313+02:00,2026-08-13 17:28:25.436325+02:00,0,0,0,0,0,0,0,0,0,0,[],0
THRM,165,0000903129,11418,PARTIAL,1,0,0,0,0,0,"{""documents"": [{""error"": ""SEC ACTIVE sync requires a successful SHADOW bootstrap for CIK 0000903129 and processor signature sec-guidance:910cfd73179f55a7.""}]}",2026-08-13 17:28:25.451654+02:00,2026-08-13 17:28:25.453689+02:00,0,0,0,0,0,0,0,0,0,0,[],0
TIGO,166,0000912958,11419,PARTIAL,1,0,0,0,0,0,"{""documents"": [{""error"": ""SEC ACTIVE sync requires a successful SHADOW bootstrap for CIK 0000912958 and processor signature sec-guidance:910cfd73179f55a7.""}]}",2026-08-13 17:28:25.455689+02:00,2026-08-13 17:28:25.459659+02:00,0,0,0,0,0,0,0,0,0,0,[],0
TNK,168,0001419945,11420,PARTIAL,1,0,0,0,0,0,"{""documents"": [{""error"": ""SEC ACTIVE sync requires a successful SHADOW bootstrap for CIK 0001419945 and processor signature sec-guidance:910cfd73179f55a7.""}]}",2026-08-13 17:28:25.461658+02:00,2026-08-13 17:28:25.465661+02:00,0,0,0,0,0,0,0,0,0,0,[],0
TPR,598,0001116132,11421,PARTIAL,1,0,0,0,0,0,"{""documents"": [{""error"": ""SEC ACTIVE sync requires a successful SHADOW bootstrap for CIK 0001116132 and processor signature sec-guidance:910cfd73179f55a7.""}]}",2026-08-13 17:28:25.468378+02:00,2026-08-13 17:28:25.473199+02:00,0,0,0,0,0,0,0,0,0,0,[],0
TRIN,169,0001786108,11422,PARTIAL,1,0,0,0,0,0,"{""documents"": [{""error"": ""SEC ACTIVE sync requires a successful SHADOW bootstrap for CIK 0001786108 and processor signature sec-guidance:910cfd73179f55a7.""}]}",2026-08-13 17:28:25.475197+02:00,2026-08-13 17:28:25.479295+02:00,0,0,0,0,0,0,0,0,0,0,[],0
TSEM,659,0000928876,11423,PARTIAL,1,0,0,0,0,0,"{""documents"": [{""error"": ""SEC ACTIVE sync requires a successful SHADOW bootstrap for CIK 0000928876 and processor signature sec-guidance:910cfd73179f55a7.""}]}",2026-08-13 17:28:25.487256+02:00,2026-08-13 17:28:25.490223+02:00,0,0,0,0,0,0,0,0,0,0,[],0
UAL,171,0000100517,11424,PARTIAL,1,0,0,0,0,0,"{""documents"": [{""error"": ""SEC ACTIVE sync requires a successful SHADOW bootstrap for CIK 0000100517 and processor signature sec-guidance:910cfd73179f55a7.""}]}",2026-08-13 17:28:25.492223+02:00,2026-08-13 17:28:25.496527+02:00,0,0,0,0,0,0,0,0,0,0,[],0
UMBF,172,0000101382,11425,PARTIAL,1,0,0,0,0,0,"{""documents"": [{""error"": ""SEC ACTIVE sync requires a successful SHADOW bootstrap for CIK 0000101382 and processor signature sec-guidance:910cfd73179f55a7.""}]}",2026-08-13 17:28:25.498017+02:00,2026-08-13 17:28:25.501044+02:00,0,0,0,0,0,0,0,473,0,29,[],0
VIK,173,0001745201,11426,PARTIAL,1,0,0,0,0,0,"{""documents"": [{""error"": ""SEC ACTIVE sync requires a successful SHADOW bootstrap for CIK 0001745201 and processor signature sec-guidance:910cfd73179f55a7.""}]}",2026-08-13 17:28:25.503052+02:00,2026-08-13 17:28:25.507051+02:00,0,0,0,0,0,0,0,0,0,0,[],0
VRTX,175,0000875320,11427,PARTIAL,1,0,0,0,0,0,"{""documents"": [{""error"": ""SEC ACTIVE sync requires a successful SHADOW bootstrap for CIK 0000875320 and processor signature sec-guidance:910cfd73179f55a7.""}]}",2026-08-13 17:28:25.509017+02:00,2026-08-13 17:28:25.513020+02:00,0,0,0,0,0,0,0,0,0,0,[],0
WAB,179,0000943452,11428,PARTIAL,1,0,0,0,0,0,"{""documents"": [{""error"": ""SEC ACTIVE sync requires a successful SHADOW bootstrap for CIK 0000943452 and processor signature sec-guidance:910cfd73179f55a7.""}]}",2026-08-13 17:28:25.522315+02:00,2026-08-13 17:28:25.526312+02:00,0,0,0,0,0,0,0,0,0,0,[],0
WCC,181,0000929008,11429,PARTIAL,1,0,0,0,0,0,"{""documents"": [{""error"": ""SEC ACTIVE sync requires a successful SHADOW bootstrap for CIK 0000929008 and processor signature sec-guidance:910cfd73179f55a7.""}]}",2026-08-13 17:28:25.528312+02:00,2026-08-13 17:28:25.532477+02:00,0,0,0,0,0,0,0,0,0,0,[],0
WES,183,0001423902,11430,PARTIAL,1,0,0,0,0,0,"{""documents"": [{""error"": ""SEC ACTIVE sync requires a successful SHADOW bootstrap for CIK 0001423902 and processor signature sec-guidance:910cfd73179f55a7.""}]}",2026-08-13 17:28:25.534066+02:00,2026-08-13 17:28:25.538077+02:00,0,0,0,0,0,0,0,0,0,0,[],0
WMB,660,0000107263,11431,PARTIAL,1,0,0,0,0,0,"{""documents"": [{""error"": ""SEC ACTIVE sync requires a successful SHADOW bootstrap for CIK 0000107263 and processor signature sec-guidance:910cfd73179f55a7.""}]}",2026-08-13 17:28:25.540080+02:00,2026-08-13 17:28:25.545076+02:00,0,0,0,0,0,0,0,0,0,0,[],0
WSBC,184,0000203596,11432,PARTIAL,1,0,0,0,0,0,"{""documents"": [{""error"": ""SEC ACTIVE sync requires a successful SHADOW bootstrap for CIK 0000203596 and processor signature sec-guidance:910cfd73179f55a7.""}]}",2026-08-13 17:28:25.547076+02:00,2026-08-13 17:28:25.551076+02:00,0,0,0,0,0,0,0,0,0,0,[],0
WST,185,0000105770,11433,PARTIAL,1,0,0,0,0,0,"{""documents"": [{""error"": ""SEC ACTIVE sync requires a successful SHADOW bootstrap for CIK 0000105770 and processor signature sec-guidance:910cfd73179f55a7.""}]}",2026-08-13 17:28:25.559076+02:00,2026-08-13 17:28:25.562075+02:00,0,0,0,0,0,0,0,0,0,0,[],0
WTS,585,0000795403,11434,PARTIAL,1,0,0,0,0,0,"{""documents"": [{""error"": ""SEC ACTIVE sync requires a successful SHADOW bootstrap for CIK 0000795403 and processor signature sec-guidance:910cfd73179f55a7.""}]}",2026-08-13 17:28:25.564077+02:00,2026-08-13 17:28:25.568076+02:00,0,0,0,0,0,0,0,0,0,0,[],0
XOM,187,0002115436,11435,PARTIAL,1,0,0,0,0,0,"{""documents"": [{""error"": ""SEC ACTIVE sync requires a successful SHADOW bootstrap for CIK 0002115436 and processor signature sec-guidance:910cfd73179f55a7.""}]}",2026-08-13 17:28:25.571087+02:00,2026-08-13 17:28:25.575076+02:00,0,0,0,0,0,0,0,0,0,0,[],0
XPEL,188,0001767258,11436,PARTIAL,1,0,0,0,0,0,"{""documents"": [{""error"": ""SEC ACTIVE sync requires a successful SHADOW bootstrap for CIK 0001767258 and processor signature sec-guidance:910cfd73179f55a7.""}]}",2026-08-13 17:28:25.577076+02:00,2026-08-13 17:28:25.581079+02:00,0,0,0,0,0,0,0,0,0,0,[],0
ZWS,189,0001439288,11437,PARTIAL,1,0,0,0,0,0,"{""documents"": [{""error"": ""SEC ACTIVE sync requires a successful SHADOW bootstrap for CIK 0001439288 and processor signature sec-guidance:910cfd73179f55a7.""}]}",2026-08-13 17:28:25.583076+02:00,2026-08-13 17:28:25.588076+02:00,0,0,0,0,0,0,0,0,0,0,[],0
