ticker,provider_symbol,exchange,dataset,status,ingestion_run_id,provider_observations,fetched_count,inserted_count,deduplicated_count,corrected_count,quarantined_count,failed_count,retry_count,errors_json,normalized_estimates,normalized_actuals,normalized_catalyst_revisions,missing_currency_rows,currency_usable_rows,revision_features,usable_revision_features
AEIS,AEIS.US,US,catalysts,COMPLETED,11038,3,3,2,1,1,0,0,0,,0,0,1,0,0,24,0
AEIS,AEIS.US,US,earnings,COMPLETED,10838,4,4,0,4,0,0,0,0,,0,0,0,0,0,24,0
AEIS,AEIS.US,US,estimates,COMPLETED,10638,48,48,48,0,48,0,0,0,,48,0,0,48,0,24,0
AGNC,AGNC.US,US,catalysts,COMPLETED,11039,4,4,3,1,2,0,0,0,,0,0,1,0,0,24,0
AGNC,AGNC.US,US,earnings,COMPLETED,10839,5,5,0,5,0,0,0,0,,0,0,0,0,0,24,0
AGNC,AGNC.US,US,estimates,COMPLETED,10639,48,48,48,0,48,0,0,0,,48,0,0,48,0,24,0
AIR,AIR.US,US,catalysts,COMPLETED,11040,2,2,2,0,1,0,0,0,,0,0,1,0,0,24,0
AIR,AIR.US,US,earnings,COMPLETED,10840,5,5,0,5,0,0,0,0,,0,0,0,0,0,24,0
AIR,AIR.US,US,estimates,COMPLETED,10640,54,54,54,0,54,0,0,0,,54,0,0,54,0,24,0
AIZ,AIZ.US,US,catalysts,COMPLETED,11041,4,4,2,2,1,0,0,0,,0,0,1,0,0,24,0
AIZ,AIZ.US,US,earnings,COMPLETED,10841,4,4,0,4,0,0,0,0,,0,0,0,0,0,24,0
AIZ,AIZ.US,US,estimates,COMPLETED,10641,48,48,48,0,48,0,0,0,,48,0,0,48,0,24,0
ALKS,ALKS.US,US,catalysts,COMPLETED,11042,2,2,2,0,0,0,0,0,,0,0,2,0,0,24,0
ALKS,ALKS.US,US,earnings,COMPLETED,10842,4,4,4,0,0,0,0,0,,0,4,0,0,0,24,0
ALKS,ALKS.US,US,estimates,COMPLETED,10642,48,48,48,0,0,0,0,0,,48,0,0,48,0,24,0
ALSN,ALSN.US,US,catalysts,COMPLETED,11043,3,3,0,3,0,0,0,0,,0,0,0,0,0,24,0
ALSN,ALSN.US,US,earnings,COMPLETED,10843,4,4,0,4,0,0,0,0,,0,0,0,0,0,24,0
ALSN,ALSN.US,US,estimates,COMPLETED,10643,48,48,48,0,48,0,0,0,,48,0,0,48,0,24,0
AME,AME.US,US,catalysts,COMPLETED,11044,5,5,5,0,1,0,0,0,,0,0,4,0,0,24,0
AME,AME.US,US,earnings,COMPLETED,10844,4,4,0,4,0,0,0,0,,0,0,0,0,0,24,0
AME,AME.US,US,estimates,COMPLETED,10644,48,48,48,0,48,0,0,0,,48,0,0,48,0,24,0
AMG,AMG.US,US,catalysts,COMPLETED,11045,6,6,6,0,4,0,0,0,,0,0,5,0,0,24,0
AMG,AMG.US,US,earnings,COMPLETED,10845,4,4,0,4,0,0,0,0,,0,0,0,0,0,24,0
AMG,AMG.US,US,estimates,COMPLETED,10645,48,48,48,0,48,0,0,0,,48,0,0,48,0,24,0
AMZN,AMZN.US,US,catalysts,COMPLETED,11046,50,50,31,19,8,0,0,0,,0,0,22,0,0,24,0
AMZN,AMZN.US,US,earnings,COMPLETED,10846,4,4,0,4,0,0,0,0,,0,0,0,0,0,24,0
AMZN,AMZN.US,US,estimates,COMPLETED,10646,48,48,48,0,48,0,0,0,,48,0,0,48,0,24,0
APG,APG.US,US,catalysts,COMPLETED,11047,1,1,1,0,0,0,0,0,,0,0,1,0,0,24,0
APG,APG.US,US,earnings,COMPLETED,10847,4,4,0,4,0,0,0,0,,0,0,0,0,0,24,0
APG,APG.US,US,estimates,COMPLETED,10647,48,48,48,0,48,0,0,0,,48,0,0,48,0,24,0
APH,APH.US,US,catalysts,COMPLETED,11048,9,9,6,3,4,0,0,0,,0,0,3,0,0,24,0
APH,APH.US,US,earnings,COMPLETED,10848,4,4,0,4,0,0,0,0,,0,0,0,0,0,24,0
APH,APH.US,US,estimates,COMPLETED,10648,48,48,48,0,48,0,0,0,,48,0,0,48,0,24,0
AR,AR.US,US,catalysts,COMPLETED,11049,2,2,1,1,1,0,0,0,,0,0,0,0,0,24,0
AR,AR.US,US,earnings,COMPLETED,10849,4,4,0,4,0,0,0,0,,0,0,0,0,0,24,0
AR,AR.US,US,estimates,COMPLETED,10649,48,48,48,0,48,0,0,0,,48,0,0,48,0,24,0
ARMK,ARMK.US,US,catalysts,COMPLETED,11050,16,16,16,0,4,0,0,0,,0,0,16,0,0,24,0
ARMK,ARMK.US,US,earnings,COMPLETED,10850,4,4,4,0,0,0,0,0,,0,4,0,0,0,24,0
ARMK,ARMK.US,US,estimates,COMPLETED,10650,36,36,36,0,0,0,0,0,,36,0,0,36,0,24,0
ASB,ASB.US,US,catalysts,COMPLETED,11051,1,1,0,1,0,0,0,0,,0,0,0,0,0,24,0
ASB,ASB.US,US,earnings,COMPLETED,10851,5,5,0,5,0,0,0,0,,0,0,0,0,0,24,0
ASB,ASB.US,US,estimates,COMPLETED,10651,48,48,48,0,48,0,0,0,,48,0,0,48,0,24,0
ASC,ASC.US,US,catalysts,COMPLETED,11052,0,0,0,0,0,0,0,0,,0,0,0,0,0,24,0
ASC,ASC.US,US,earnings,COMPLETED,10852,4,4,4,0,0,0,0,0,,0,4,0,0,0,24,0
ASC,ASC.US,US,estimates,COMPLETED,10652,48,48,48,0,48,0,0,0,,48,0,0,48,0,24,0
ASND,ASND.US,US,catalysts,COMPLETED,11053,1,1,1,0,0,0,0,0,,0,0,1,0,0,24,0
ASND,ASND.US,US,earnings,COMPLETED,10853,4,4,0,4,0,0,0,0,,0,0,0,0,0,24,0
ASND,ASND.US,US,estimates,COMPLETED,10653,36,36,36,0,36,0,0,0,,36,0,0,36,0,24,0
AUB,AUB.US,US,catalysts,COMPLETED,11054,0,0,0,0,0,0,0,0,,0,0,0,0,0,24,0
AUB,AUB.US,US,earnings,COMPLETED,10854,5,5,0,5,0,0,0,0,,0,0,0,0,0,24,0
AUB,AUB.US,US,estimates,COMPLETED,10654,48,48,48,0,48,0,0,0,,48,0,0,48,0,24,0
AVGO,AVGO.US,US,catalysts,COMPLETED,11055,36,36,13,23,5,0,0,0,,0,0,9,0,0,24,0
AVGO,AVGO.US,US,earnings,COMPLETED,10855,5,5,0,5,0,0,0,0,,0,0,0,0,0,24,0
AVGO,AVGO.US,US,estimates,COMPLETED,10655,48,48,48,0,48,0,0,0,,48,0,0,48,0,24,0
AVT,AVT.US,US,catalysts,COMPLETED,11056,4,4,2,2,1,0,0,0,,0,0,1,0,0,24,0
AVT,AVT.US,US,earnings,COMPLETED,10856,4,4,0,4,0,0,0,0,,0,0,0,0,0,24,0
AVT,AVT.US,US,estimates,COMPLETED,10656,54,54,54,0,54,0,0,0,,54,0,0,54,0,24,0
AWR,AWR.US,US,catalysts,COMPLETED,11057,6,6,1,5,0,0,0,0,,0,0,1,0,0,24,0
AWR,AWR.US,US,earnings,COMPLETED,10857,4,4,0,4,0,0,0,0,,0,0,0,0,0,24,0
AWR,AWR.US,US,estimates,COMPLETED,10657,48,48,48,0,48,0,0,0,,48,0,0,48,0,24,0
AX,AX.US,US,catalysts,COMPLETED,11058,1,1,1,0,1,0,0,0,,0,0,0,0,0,24,0
AX,AX.US,US,earnings,COMPLETED,10858,4,4,0,4,0,0,0,0,,0,0,0,0,0,24,0
AX,AX.US,US,estimates,COMPLETED,10658,54,54,54,0,54,0,0,0,,54,0,0,54,0,24,0
AXP,AXP.US,US,catalysts,COMPLETED,11059,21,21,21,0,9,0,0,0,,0,0,21,0,0,24,0
AXP,AXP.US,US,earnings,COMPLETED,10859,5,5,5,0,0,0,0,0,,0,5,0,0,0,24,0
AXP,AXP.US,US,estimates,COMPLETED,10659,48,48,48,0,0,0,0,0,,48,0,0,48,0,24,0
AYI,AYI.US,US,catalysts,COMPLETED,11060,2,2,1,1,0,0,0,0,,0,0,1,0,0,24,0
AYI,AYI.US,US,earnings,COMPLETED,10860,5,5,0,5,0,0,0,0,,0,0,0,0,0,24,0
AYI,AYI.US,US,estimates,COMPLETED,10660,48,48,48,0,48,0,0,0,,48,0,0,48,0,24,0
BCPC,BCPC.US,US,catalysts,COMPLETED,11061,0,0,0,0,0,0,0,0,,0,0,0,0,0,24,0
BCPC,BCPC.US,US,earnings,COMPLETED,10861,4,4,0,4,0,0,0,0,,0,0,0,0,0,24,0
BCPC,BCPC.US,US,estimates,COMPLETED,10661,48,48,48,0,48,0,0,0,,48,0,0,48,0,24,0
BEN,BEN.US,US,catalysts,COMPLETED,11062,4,4,4,0,4,0,0,0,,0,0,1,0,0,24,0
BEN,BEN.US,US,earnings,COMPLETED,10862,4,4,0,4,0,0,0,0,,0,0,0,0,0,24,0
BEN,BEN.US,US,estimates,COMPLETED,10662,48,48,48,0,48,0,0,0,,48,0,0,48,0,24,0
BFC,BFC.US,US,catalysts,COMPLETED,11063,0,0,0,0,0,0,0,0,,0,0,0,0,0,24,0
BFC,BFC.US,US,earnings,COMPLETED,10863,5,5,0,5,0,0,0,0,,0,0,0,0,0,24,0
BFC,BFC.US,US,estimates,COMPLETED,10663,48,48,48,0,48,0,0,0,,48,0,0,48,0,24,0
BIP,BIP.US,US,catalysts,COMPLETED,11064,1,1,1,0,0,0,0,0,,0,0,1,0,0,24,0
BIP,BIP.US,US,earnings,COMPLETED,10864,4,4,4,0,0,0,0,0,,0,4,0,0,0,24,0
BIP,BIP.US,US,estimates,COMPLETED,10664,48,48,48,0,0,0,0,0,,48,0,0,48,0,24,0
BRC,BRC.US,US,catalysts,COMPLETED,11065,1,1,0,1,0,0,0,0,,0,0,0,0,0,24,0
BRC,BRC.US,US,earnings,COMPLETED,10865,5,5,0,5,0,0,0,0,,0,0,0,0,0,24,0
BRC,BRC.US,US,estimates,COMPLETED,10665,48,48,48,0,48,0,0,0,,48,0,0,48,0,24,0
BUSE,BUSE.US,US,catalysts,COMPLETED,11066,0,0,0,0,0,0,0,0,,0,0,0,0,0,24,0
BUSE,BUSE.US,US,earnings,COMPLETED,10866,5,5,0,5,0,0,0,0,,0,0,0,0,0,24,0
BUSE,BUSE.US,US,estimates,COMPLETED,10666,48,48,48,0,48,0,0,0,,48,0,0,48,0,24,0
CBL,CBL.US,US,catalysts,COMPLETED,11067,0,0,0,0,0,0,0,0,,0,0,0,0,0,24,0
CBL,CBL.US,US,earnings,COMPLETED,10867,4,4,0,4,0,0,0,0,,0,0,0,0,0,24,0
CBL,CBL.US,US,estimates,COMPLETED,10667,14,14,14,0,14,0,0,0,,14,0,0,14,0,24,0
CBOE,CBOE.US,US,catalysts,COMPLETED,11068,2,2,2,0,1,0,0,0,,0,0,1,0,0,24,0
CBOE,CBOE.US,US,earnings,COMPLETED,10868,4,4,0,4,0,0,0,0,,0,0,0,0,0,24,0
CBOE,CBOE.US,US,estimates,COMPLETED,10668,48,48,48,0,48,0,0,0,,48,0,0,48,0,24,0
CCEP,CCEP.US,US,catalysts,COMPLETED,11069,1,1,0,1,0,0,0,0,,0,0,0,0,0,24,0
CCEP,CCEP.US,US,earnings,COMPLETED,10869,3,3,0,3,0,0,0,0,,0,0,0,0,0,24,0
CCEP,CCEP.US,US,estimates,COMPLETED,10669,28,28,28,0,28,0,0,0,,28,0,0,28,0,24,0
CCK,CCK.US,US,catalysts,COMPLETED,11070,3,3,1,2,1,0,0,0,,0,0,0,0,0,24,0
CCK,CCK.US,US,earnings,COMPLETED,10870,5,5,0,5,0,0,0,0,,0,0,0,0,0,24,0
CCK,CCK.US,US,estimates,COMPLETED,10670,48,48,48,0,48,0,0,0,,48,0,0,48,0,24,0
CF,CF.US,US,catalysts,COMPLETED,11071,1,1,1,0,0,0,0,0,,0,0,1,0,0,24,0
CF,CF.US,US,earnings,COMPLETED,10871,4,4,0,4,0,0,0,0,,0,0,0,0,0,24,0
CF,CF.US,US,estimates,COMPLETED,10671,48,48,48,0,48,0,0,0,,48,0,0,48,0,24,0
CHRD,CHRD.US,US,catalysts,COMPLETED,11072,3,3,3,0,1,0,0,0,,0,0,2,0,0,24,0
CHRD,CHRD.US,US,earnings,COMPLETED,10872,4,4,0,4,0,0,0,0,,0,0,0,0,0,24,0
CHRD,CHRD.US,US,estimates,COMPLETED,10672,48,48,48,0,48,0,0,0,,48,0,0,48,0,24,0
CLBT,CLBT.US,US,catalysts,COMPLETED,11073,1,1,0,1,0,0,0,0,,0,0,0,0,0,24,0
CLBT,CLBT.US,US,earnings,COMPLETED,10873,5,5,0,5,0,0,0,0,,0,0,0,0,0,24,0
CLBT,CLBT.US,US,estimates,COMPLETED,10673,36,36,36,0,36,0,0,0,,36,0,0,36,0,24,0
CNOB,CNOB.US,US,catalysts,COMPLETED,11074,0,0,0,0,0,0,0,0,,0,0,0,0,0,24,0
CNOB,CNOB.US,US,earnings,COMPLETED,10874,5,5,0,5,0,0,0,0,,0,0,0,0,0,24,0
CNOB,CNOB.US,US,estimates,COMPLETED,10674,48,48,48,0,48,0,0,0,,48,0,0,48,0,24,0
CNS,CNS.US,US,catalysts,COMPLETED,11075,2,2,1,1,0,0,0,0,,0,0,1,0,0,24,0
CNS,CNS.US,US,earnings,COMPLETED,10875,5,5,0,5,0,0,0,0,,0,0,0,0,0,24,0
CNS,CNS.US,US,estimates,COMPLETED,10675,48,48,48,0,48,0,0,0,,48,0,0,48,0,24,0
COHR,COHR.US,US,catalysts,COMPLETED,11076,50,50,50,0,28,0,0,0,,0,0,34,0,0,24,0
COHR,COHR.US,US,earnings,COMPLETED,10876,5,5,5,0,0,0,0,0,,0,5,0,0,0,24,0
COHR,COHR.US,US,estimates,COMPLETED,10676,36,36,36,0,36,0,0,0,,36,0,0,36,0,24,0
COKE,COKE.US,US,catalysts,COMPLETED,11077,0,0,0,0,0,0,0,0,,0,0,0,0,0,24,0
COKE,COKE.US,US,earnings,COMPLETED,10877,4,4,0,4,0,0,0,0,,0,0,0,0,0,24,0
COKE,COKE.US,US,estimates,COMPLETED,10677,0,0,0,0,0,0,0,0,,0,0,0,0,0,24,0
COLB,COLB.US,US,catalysts,COMPLETED,11078,0,0,0,0,0,0,0,0,,0,0,0,0,0,24,0
COLB,COLB.US,US,earnings,COMPLETED,10878,5,5,0,5,0,0,0,0,,0,0,0,0,0,24,0
COLB,COLB.US,US,estimates,COMPLETED,10678,48,48,48,0,48,0,0,0,,48,0,0,48,0,24,0
CR,CR.US,US,catalysts,COMPLETED,11079,0,0,0,0,0,0,0,0,,0,0,0,0,0,24,0
CR,CR.US,US,earnings,COMPLETED,10879,4,4,0,4,0,0,0,0,,0,0,0,0,0,24,0
CR,CR.US,US,estimates,COMPLETED,10679,48,48,48,0,48,0,0,0,,48,0,0,48,0,24,0
CSCO,CSCO.US,US,catalysts,COMPLETED,11080,50,50,45,5,17,0,0,0,,0,0,32,0,0,24,0
CSCO,CSCO.US,US,earnings,COMPLETED,10880,5,5,0,5,0,0,0,0,,0,0,0,0,0,24,0
CSCO,CSCO.US,US,estimates,COMPLETED,10680,48,48,48,0,48,0,0,0,,48,0,0,48,0,24,0
CSWC,CSWC.US,US,catalysts,COMPLETED,11081,0,0,0,0,0,0,0,0,,0,0,0,0,0,24,0
CSWC,CSWC.US,US,earnings,COMPLETED,10881,4,4,0,4,0,0,0,0,,0,0,0,0,0,24,0
CSWC,CSWC.US,US,estimates,COMPLETED,10681,42,42,42,0,42,0,0,0,,42,0,0,42,0,24,0
CTS,CTS.US,US,catalysts,COMPLETED,11082,0,0,0,0,0,0,0,0,,0,0,0,0,0,24,0
CTS,CTS.US,US,earnings,COMPLETED,10882,5,5,0,5,0,0,0,0,,0,0,0,0,0,24,0
CTS,CTS.US,US,estimates,COMPLETED,10682,48,48,48,0,48,0,0,0,,48,0,0,48,0,24,0
CUBI,CUBI.US,US,catalysts,COMPLETED,11083,1,1,1,0,1,0,0,0,,0,0,0,0,0,24,0
CUBI,CUBI.US,US,earnings,COMPLETED,10883,5,5,0,5,0,0,0,0,,0,0,0,0,0,24,0
CUBI,CUBI.US,US,estimates,COMPLETED,10683,48,48,48,0,48,0,0,0,,48,0,0,48,0,24,0
CVBF,CVBF.US,US,catalysts,COMPLETED,11084,1,1,1,0,1,0,0,0,,0,0,1,0,0,24,0
CVBF,CVBF.US,US,earnings,COMPLETED,10884,5,5,0,5,0,0,0,0,,0,0,0,0,0,24,0
CVBF,CVBF.US,US,estimates,COMPLETED,10684,48,48,48,0,48,0,0,0,,48,0,0,48,0,24,0
CVCO,CVCO.US,US,catalysts,COMPLETED,11085,0,0,0,0,0,0,0,0,,0,0,0,0,0,24,0
CVCO,CVCO.US,US,earnings,COMPLETED,10885,4,4,0,4,0,0,0,0,,0,0,0,0,0,24,0
CVCO,CVCO.US,US,estimates,COMPLETED,10685,42,42,42,0,42,0,0,0,,42,0,0,42,0,24,0
CVI,CVI.US,US,catalysts,COMPLETED,11086,3,3,0,3,0,0,0,0,,0,0,0,0,0,24,0
CVI,CVI.US,US,earnings,COMPLETED,10886,4,4,0,4,0,0,0,0,,0,0,0,0,0,24,0
CVI,CVI.US,US,estimates,COMPLETED,10686,48,48,48,0,48,0,0,0,,48,0,0,48,0,24,0
CVX,CVX.US,US,catalysts,COMPLETED,11087,21,21,5,16,4,0,0,0,,0,0,2,0,0,24,0
CVX,CVX.US,US,earnings,COMPLETED,10887,4,4,0,4,0,0,0,0,,0,0,0,0,0,24,0
CVX,CVX.US,US,estimates,COMPLETED,10687,48,48,48,0,48,0,0,0,,48,0,0,48,0,24,0
DAL,DAL.US,US,catalysts,COMPLETED,11088,8,8,3,5,1,0,0,0,,0,0,2,0,0,24,0
DAL,DAL.US,US,earnings,COMPLETED,10888,5,5,0,5,0,0,0,0,,0,0,0,0,0,24,0
DAL,DAL.US,US,estimates,COMPLETED,10688,48,48,48,0,48,0,0,0,,48,0,0,48,0,24,0
DAR,DAR.US,US,catalysts,COMPLETED,11089,10,10,6,4,5,0,0,0,,0,0,1,0,0,24,0
DAR,DAR.US,US,earnings,COMPLETED,10889,4,4,0,4,0,0,0,0,,0,0,0,0,0,24,0
DAR,DAR.US,US,estimates,COMPLETED,10689,48,48,48,0,48,0,0,0,,48,0,0,48,0,24,0
DBRG,DBRG.US,US,catalysts,COMPLETED,11090,0,0,0,0,0,0,0,0,,0,0,0,0,0,24,0
DBRG,DBRG.US,US,earnings,COMPLETED,10890,4,4,0,4,0,0,0,0,,0,0,0,0,0,24,0
DBRG,DBRG.US,US,estimates,COMPLETED,10690,48,48,48,0,48,0,0,0,,48,0,0,48,0,24,0
DCOM,DCOM.US,US,catalysts,COMPLETED,11091,1,1,0,1,0,0,0,0,,0,0,0,0,0,24,0
DCOM,DCOM.US,US,earnings,COMPLETED,10891,5,5,0,5,0,0,0,0,,0,0,0,0,0,24,0
DCOM,DCOM.US,US,estimates,COMPLETED,10691,48,48,48,0,48,0,0,0,,48,0,0,48,0,24,0
DHT,DHT.US,US,catalysts,COMPLETED,11092,0,0,0,0,0,0,0,0,,0,0,0,0,0,24,0
DHT,DHT.US,US,earnings,COMPLETED,10892,4,4,0,4,0,0,0,0,,0,0,0,0,0,24,0
DHT,DHT.US,US,estimates,COMPLETED,10692,48,48,48,0,48,0,0,0,,48,0,0,48,0,24,0
DIOD,DIOD.US,US,catalysts,COMPLETED,11093,1,1,0,1,0,0,0,0,,0,0,0,0,0,24,0
DIOD,DIOD.US,US,earnings,COMPLETED,10893,4,4,0,4,0,0,0,0,,0,0,0,0,0,24,0
DIOD,DIOD.US,US,estimates,COMPLETED,10693,48,48,48,0,48,0,0,0,,48,0,0,48,0,24,0
DLR,DLR.US,US,catalysts,COMPLETED,11094,10,10,3,7,3,0,0,0,,0,0,0,0,0,24,0
DLR,DLR.US,US,earnings,COMPLETED,10894,5,5,0,5,0,0,0,0,,0,0,0,0,0,24,0
DLR,DLR.US,US,estimates,COMPLETED,10694,48,48,48,0,48,0,0,0,,48,0,0,48,0,24,0
DVN,DVN.US,US,catalysts,COMPLETED,11095,8,8,4,4,1,0,0,0,,0,0,4,0,0,24,0
DVN,DVN.US,US,earnings,COMPLETED,10895,4,4,0,4,0,0,0,0,,0,0,0,0,0,24,0
DVN,DVN.US,US,estimates,COMPLETED,10695,48,48,48,0,48,0,0,0,,48,0,0,48,0,24,0
EBC,EBC.US,US,catalysts,COMPLETED,11096,0,0,0,0,0,0,0,0,,0,0,0,0,0,24,0
EBC,EBC.US,US,earnings,COMPLETED,10896,5,5,0,5,0,0,0,0,,0,0,0,0,0,24,0
EBC,EBC.US,US,estimates,COMPLETED,10696,48,48,48,0,48,0,0,0,,48,0,0,48,0,24,0
ECPG,ECPG.US,US,catalysts,COMPLETED,11097,3,3,0,3,0,0,0,0,,0,0,0,0,0,24,0
ECPG,ECPG.US,US,earnings,COMPLETED,10897,4,4,0,4,0,0,0,0,,0,0,0,0,0,24,0
ECPG,ECPG.US,US,estimates,COMPLETED,10697,48,48,48,0,48,0,0,0,,48,0,0,48,0,24,0
EME,EME.US,US,catalysts,COMPLETED,11098,4,4,2,2,1,0,0,0,,0,0,1,0,0,24,0
EME,EME.US,US,earnings,COMPLETED,10898,4,4,0,4,0,0,0,0,,0,0,0,0,0,24,0
EME,EME.US,US,estimates,COMPLETED,10698,48,48,48,0,48,0,0,0,,48,0,0,48,0,24,0
EOG,EOG.US,US,catalysts,COMPLETED,11099,2,2,1,1,1,0,0,0,,0,0,0,0,0,24,0
EOG,EOG.US,US,earnings,COMPLETED,10899,4,4,0,4,0,0,0,0,,0,0,0,0,0,24,0
EOG,EOG.US,US,estimates,COMPLETED,10699,48,48,48,0,48,0,0,0,,48,0,0,48,0,24,0
EQIX,EQIX.US,US,catalysts,COMPLETED,11100,9,9,9,0,6,0,0,0,,0,0,8,0,0,24,0
EQIX,EQIX.US,US,earnings,COMPLETED,10900,4,4,4,0,0,0,0,0,,0,4,0,0,0,24,0
EQIX,EQIX.US,US,estimates,COMPLETED,10700,48,48,48,0,0,0,0,0,,48,0,0,48,0,24,0
ESQ,ESQ.US,US,catalysts,COMPLETED,11101,0,0,0,0,0,0,0,0,,0,0,0,0,0,24,0
ESQ,ESQ.US,US,earnings,COMPLETED,10901,5,5,0,5,0,0,0,0,,0,0,0,0,0,24,0
ESQ,ESQ.US,US,estimates,COMPLETED,10701,48,48,48,0,48,0,0,0,,48,0,0,48,0,24,0
ET,ET.US,US,catalysts,COMPLETED,11102,2,2,2,0,0,0,0,0,,0,0,1,0,0,24,0
ET,ET.US,US,earnings,COMPLETED,10902,4,4,4,0,0,0,0,0,,0,4,0,0,0,24,0
ET,ET.US,US,estimates,COMPLETED,10702,48,48,48,0,0,0,0,0,,48,0,0,48,0,24,0
EW,EW.US,US,catalysts,COMPLETED,11103,1,1,1,0,0,0,0,0,,0,0,1,0,0,24,0
EW,EW.US,US,earnings,COMPLETED,10903,5,5,0,5,0,0,0,0,,0,0,0,0,0,24,0
EW,EW.US,US,estimates,COMPLETED,10703,48,48,48,0,48,0,0,0,,48,0,0,48,0,24,0
FANG,FANG.US,US,catalysts,COMPLETED,11104,10,10,3,7,2,0,0,0,,0,0,2,0,0,24,0
FANG,FANG.US,US,earnings,COMPLETED,10904,4,4,0,4,0,0,0,0,,0,0,0,0,0,24,0
FANG,FANG.US,US,estimates,COMPLETED,10704,48,48,48,0,48,0,0,0,,48,0,0,48,0,24,0
FBK,FBK.US,US,catalysts,COMPLETED,11105,0,0,0,0,0,0,0,0,,0,0,0,0,0,24,0
FBK,FBK.US,US,earnings,COMPLETED,10905,5,5,0,5,0,0,0,0,,0,0,0,0,0,24,0
FBK,FBK.US,US,estimates,COMPLETED,10705,48,48,48,0,48,0,0,0,,48,0,0,48,0,24,0
FERG,FERG.US,US,catalysts,COMPLETED,11106,1,1,0,1,0,0,0,0,,0,0,0,0,0,24,0
FERG,FERG.US,US,earnings,COMPLETED,10906,4,4,0,4,0,0,0,0,,0,0,0,0,0,24,0
FERG,FERG.US,US,estimates,COMPLETED,10706,72,72,72,0,72,0,0,0,,72,0,0,72,0,24,0
FFBC,FFBC.US,US,catalysts,COMPLETED,11107,0,0,0,0,0,0,0,0,,0,0,0,0,0,24,0
FFBC,FFBC.US,US,earnings,COMPLETED,10907,5,5,0,5,0,0,0,0,,0,0,0,0,0,24,0
FFBC,FFBC.US,US,estimates,COMPLETED,10707,48,48,48,0,48,0,0,0,,48,0,0,48,0,24,0
FFIV,FFIV.US,US,catalysts,COMPLETED,11108,1,1,1,0,1,0,0,0,,0,0,0,0,0,24,0
FFIV,FFIV.US,US,earnings,COMPLETED,10908,4,4,0,4,0,0,0,0,,0,0,0,0,0,24,0
FFIV,FFIV.US,US,estimates,COMPLETED,10708,48,48,48,0,48,0,0,0,,48,0,0,48,0,24,0
FHI,FHI.US,US,catalysts,COMPLETED,11109,0,0,0,0,0,0,0,0,,0,0,0,0,0,24,0
FHI,FHI.US,US,earnings,COMPLETED,10909,4,4,0,4,0,0,0,0,,0,0,0,0,0,24,0
FHI,FHI.US,US,estimates,COMPLETED,10709,48,48,48,0,48,0,0,0,,48,0,0,48,0,24,0
FITB,FITB.US,US,catalysts,COMPLETED,11110,4,4,2,2,0,0,0,0,,0,0,2,0,0,24,0
FITB,FITB.US,US,earnings,COMPLETED,10910,5,5,0,5,0,0,0,0,,0,0,0,0,0,24,0
FITB,FITB.US,US,estimates,COMPLETED,10710,48,48,48,0,48,0,0,0,,48,0,0,48,0,24,0
FLYW,FLYW.US,US,catalysts,COMPLETED,11111,2,2,1,1,0,0,0,0,,0,0,1,0,0,24,0
FLYW,FLYW.US,US,earnings,COMPLETED,10911,4,4,0,4,0,0,0,0,,0,0,0,0,0,24,0
FLYW,FLYW.US,US,estimates,COMPLETED,10711,48,48,48,0,48,0,0,0,,48,0,0,48,0,24,0
FN,FN.US,US,catalysts,COMPLETED,11112,3,3,3,0,1,0,0,0,,0,0,3,0,0,24,0
FN,FN.US,US,earnings,COMPLETED,10912,5,5,5,0,0,0,0,0,,0,5,0,0,0,24,0
FN,FN.US,US,estimates,COMPLETED,10712,36,36,36,0,36,0,0,0,,36,0,0,36,0,24,0
FORM,FORM.US,US,catalysts,COMPLETED,11113,3,3,3,0,1,0,0,0,,0,0,3,0,0,24,0
FORM,FORM.US,US,earnings,COMPLETED,10913,4,4,4,0,0,0,0,0,,0,4,0,0,0,24,0
FORM,FORM.US,US,estimates,COMPLETED,10713,48,48,48,0,0,0,0,0,,48,0,0,48,0,24,0
FRO,FRO.US,US,catalysts,COMPLETED,11114,0,0,0,0,0,0,0,0,,0,0,0,0,0,24,0
FRO,FRO.US,US,earnings,COMPLETED,10914,5,5,0,5,0,0,0,0,,0,0,0,0,0,24,0
FRO,FRO.US,US,estimates,COMPLETED,10714,36,36,36,0,36,0,0,0,,36,0,0,36,0,24,0
FSUN,FSUN.US,US,catalysts,COMPLETED,11115,0,0,0,0,0,0,0,0,,0,0,0,0,0,24,0
FSUN,FSUN.US,US,earnings,COMPLETED,10915,4,4,0,4,0,0,0,0,,0,0,0,0,0,24,0
FSUN,FSUN.US,US,estimates,COMPLETED,10715,48,48,48,0,48,0,0,0,,48,0,0,48,0,24,0
FTI,FTI.US,US,catalysts,COMPLETED,11116,3,3,1,2,1,0,0,0,,0,0,0,0,0,24,0
FTI,FTI.US,US,earnings,COMPLETED,10916,4,4,0,4,0,0,0,0,,0,0,0,0,0,24,0
FTI,FTI.US,US,estimates,COMPLETED,10716,48,48,48,0,48,0,0,0,,48,0,0,48,0,24,0
FTNT,FTNT.US,US,catalysts,COMPLETED,11117,10,10,2,8,1,0,0,0,,0,0,1,0,0,24,0
FTNT,FTNT.US,US,earnings,COMPLETED,10917,4,4,0,4,0,0,0,0,,0,0,0,0,0,24,0
FTNT,FTNT.US,US,estimates,COMPLETED,10717,48,48,48,0,48,0,0,0,,48,0,0,48,0,24,0
FWONA,FWONA.US,US,catalysts,COMPLETED,11118,1,1,1,0,0,0,0,0,,0,0,1,0,0,24,0
FWONA,FWONA.US,US,earnings,COMPLETED,10918,4,4,4,0,0,0,0,0,,0,4,0,0,0,24,0
FWONA,FWONA.US,US,estimates,COMPLETED,10718,48,48,48,0,0,0,0,0,,48,0,0,48,0,24,0
GATX,GATX.US,US,catalysts,COMPLETED,11119,0,0,0,0,0,0,0,0,,0,0,0,0,0,24,0
GATX,GATX.US,US,earnings,COMPLETED,10919,4,4,4,0,0,0,0,0,,0,4,0,0,0,24,0
GATX,GATX.US,US,estimates,COMPLETED,10719,48,48,48,0,0,0,0,0,,48,0,0,48,0,24,0
GBTG,GBTG.US,US,catalysts,COMPLETED,11120,3,3,3,0,1,0,0,0,,0,0,3,0,0,24,0
GBTG,GBTG.US,US,earnings,COMPLETED,10920,4,4,4,0,0,0,0,0,,0,4,0,0,0,24,0
GBTG,GBTG.US,US,estimates,COMPLETED,10720,48,48,48,0,0,0,0,0,,48,0,0,48,0,24,0
GD,GD.US,US,catalysts,COMPLETED,11121,7,7,2,5,1,0,0,0,,0,0,1,0,0,24,0
GD,GD.US,US,earnings,COMPLETED,10921,4,4,0,4,0,0,0,0,,0,0,0,0,0,24,0
GD,GD.US,US,estimates,COMPLETED,10721,48,48,48,0,48,0,0,0,,48,0,0,48,0,24,0
GE,GE.US,US,catalysts,COMPLETED,11122,6,6,1,5,1,0,0,0,,0,0,1,0,0,24,0
GE,GE.US,US,earnings,COMPLETED,10922,5,5,0,5,0,0,0,0,,0,0,0,0,0,24,0
GE,GE.US,US,estimates,COMPLETED,10722,48,48,48,0,48,0,0,0,,48,0,0,48,0,24,0
GEO,GEO.US,US,catalysts,COMPLETED,11123,5,5,2,3,0,0,0,0,,0,0,2,0,0,24,0
GEO,GEO.US,US,earnings,COMPLETED,10923,4,4,0,4,0,0,0,0,,0,0,0,0,0,24,0
GEO,GEO.US,US,estimates,COMPLETED,10723,48,48,48,0,48,0,0,0,,48,0,0,48,0,24,0
GEV,GEV.US,US,catalysts,COMPLETED,11124,7,7,7,0,4,0,0,0,,0,0,7,0,0,24,0
GEV,GEV.US,US,earnings,COMPLETED,10924,5,5,5,0,0,0,0,0,,0,5,0,0,0,24,0
GEV,GEV.US,US,estimates,COMPLETED,10724,48,48,48,0,0,0,0,0,,48,0,0,48,0,24,0
GHM,GHM.US,US,catalysts,COMPLETED,11125,0,0,0,0,0,0,0,0,,0,0,0,0,0,24,0
GHM,GHM.US,US,earnings,COMPLETED,10925,4,4,0,4,0,0,0,0,,0,0,0,0,0,24,0
GHM,GHM.US,US,estimates,COMPLETED,10725,42,42,42,0,42,0,0,0,,42,0,0,42,0,24,0
GLNG,GLNG.US,US,catalysts,COMPLETED,11126,2,2,1,1,0,0,0,0,,0,0,1,0,0,24,0
GLNG,GLNG.US,US,earnings,COMPLETED,10926,5,5,0,5,0,0,0,0,,0,0,0,0,0,24,0
GLNG,GLNG.US,US,estimates,COMPLETED,10726,36,36,36,0,36,0,0,0,,36,0,0,36,0,24,0
GMED,GMED.US,US,catalysts,COMPLETED,11127,9,9,5,4,3,0,0,0,,0,0,2,0,0,24,0
GMED,GMED.US,US,earnings,COMPLETED,10927,4,4,0,4,0,0,0,0,,0,0,0,0,0,24,0
GMED,GMED.US,US,estimates,COMPLETED,10727,48,48,48,0,48,0,0,0,,48,0,0,48,0,24,0
GOLD,GOLD.US,US,catalysts,COMPLETED,11128,5,5,2,3,0,0,0,0,,0,0,2,0,0,24,0
GOLD,GOLD.US,US,earnings,COMPLETED,10928,5,5,0,5,0,0,0,0,,0,0,0,0,0,24,0
GOLD,GOLD.US,US,estimates,COMPLETED,10728,30,30,30,0,30,0,0,0,,30,0,0,30,0,24,0
HAPN,HAPN.US,US,catalysts,COMPLETED,11129,0,0,0,0,0,0,0,0,,0,0,0,0,0,24,0
HAPN,HAPN.US,US,earnings,COMPLETED,10929,4,4,0,4,0,0,0,0,,0,0,0,0,0,24,0
HAPN,HAPN.US,US,estimates,COMPLETED,10729,36,36,36,0,36,0,0,0,,36,0,0,36,0,24,0
HAS,HAS.US,US,catalysts,COMPLETED,11130,4,4,4,0,4,0,0,0,,0,0,4,0,0,24,0
HAS,HAS.US,US,earnings,COMPLETED,10930,5,5,0,5,0,0,0,0,,0,0,0,0,0,24,0
HAS,HAS.US,US,estimates,COMPLETED,10730,48,48,48,0,48,0,0,0,,48,0,0,48,0,24,0
HASI,HASI.US,US,catalysts,COMPLETED,11131,2,2,0,2,0,0,0,0,,0,0,0,0,0,24,0
HASI,HASI.US,US,earnings,COMPLETED,10931,4,4,0,4,0,0,0,0,,0,0,0,0,0,24,0
HASI,HASI.US,US,estimates,COMPLETED,10731,48,48,48,0,48,0,0,0,,48,0,0,48,0,24,0
HBAN,HBAN.US,US,catalysts,COMPLETED,11132,1,1,0,1,0,0,0,0,,0,0,0,0,0,24,0
HBAN,HBAN.US,US,earnings,COMPLETED,10932,5,5,0,5,0,0,0,0,,0,0,0,0,0,24,0
HBAN,HBAN.US,US,estimates,COMPLETED,10732,48,48,48,0,48,0,0,0,,48,0,0,48,0,24,0
HCI,HCI.US,US,catalysts,COMPLETED,11133,2,2,0,2,0,0,0,0,,0,0,0,0,0,24,0
HCI,HCI.US,US,earnings,COMPLETED,10933,4,4,0,4,0,0,0,0,,0,0,0,0,0,24,0
HCI,HCI.US,US,estimates,COMPLETED,10733,48,48,48,0,48,0,0,0,,48,0,0,48,0,24,0
HEI,HEI.US,US,catalysts,COMPLETED,11134,2,2,1,1,1,0,0,0,,0,0,1,0,0,24,0
HEI,HEI.US,US,earnings,COMPLETED,10934,5,5,0,5,0,0,0,0,,0,0,0,0,0,24,0
HEI,HEI.US,US,estimates,COMPLETED,10734,48,48,48,0,48,0,0,0,,48,0,0,48,0,24,0
HFWA,HFWA.US,US,catalysts,COMPLETED,11135,0,0,0,0,0,0,0,0,,0,0,0,0,0,24,0
HFWA,HFWA.US,US,earnings,COMPLETED,10935,5,5,5,0,0,0,0,0,,0,5,0,0,0,24,0
HFWA,HFWA.US,US,estimates,COMPLETED,10735,48,48,48,0,0,0,0,0,,48,0,0,48,0,24,0
HG,HG.US,US,catalysts,COMPLETED,11136,1,1,0,1,0,0,0,0,,0,0,0,0,0,24,0
HG,HG.US,US,earnings,COMPLETED,10936,4,4,0,4,0,0,0,0,,0,0,0,0,0,24,0
HG,HG.US,US,estimates,COMPLETED,10736,48,48,48,0,48,0,0,0,,48,0,0,48,0,24,0
HIFS,HIFS.US,US,catalysts,COMPLETED,11137,0,0,0,0,0,0,0,0,,0,0,0,0,0,24,0
HIFS,HIFS.US,US,earnings,COMPLETED,10937,5,5,5,0,0,0,0,0,,0,5,0,0,0,24,0
HIFS,HIFS.US,US,estimates,COMPLETED,10737,0,0,0,0,0,0,0,0,,0,0,0,0,0,24,0
HUBB,HUBB.US,US,catalysts,COMPLETED,11138,0,0,0,0,0,0,0,0,,0,0,0,0,0,24,0
HUBB,HUBB.US,US,earnings,COMPLETED,10938,4,4,0,4,0,0,0,0,,0,0,0,0,0,24,0
HUBB,HUBB.US,US,estimates,COMPLETED,10738,48,48,48,0,48,0,0,0,,48,0,0,48,0,24,0
HUM,HUM.US,US,catalysts,COMPLETED,11139,4,4,4,0,1,0,0,0,,0,0,3,0,0,24,0
HUM,HUM.US,US,earnings,COMPLETED,10939,4,4,0,4,0,0,0,0,,0,0,0,0,0,24,0
HUM,HUM.US,US,estimates,COMPLETED,10739,48,48,48,0,48,0,0,0,,48,0,0,48,0,24,0
HWM,HWM.US,US,catalysts,COMPLETED,11140,4,4,0,4,0,0,0,0,,0,0,0,0,0,24,0
HWM,HWM.US,US,earnings,COMPLETED,10940,4,4,0,4,0,0,0,0,,0,0,0,0,0,24,0
HWM,HWM.US,US,estimates,COMPLETED,10740,48,48,48,0,48,0,0,0,,48,0,0,48,0,24,0
IBKR,IBKR.US,US,catalysts,COMPLETED,11141,4,4,4,0,0,0,0,0,,0,0,4,0,0,24,0
IBKR,IBKR.US,US,earnings,COMPLETED,10941,5,5,5,0,0,0,0,0,,0,5,0,0,0,24,0
IBKR,IBKR.US,US,estimates,COMPLETED,10741,48,48,48,0,0,0,0,0,,48,0,0,48,0,24,0
INCY,INCY.US,US,catalysts,COMPLETED,11142,1,1,1,0,0,0,0,0,,0,0,1,0,0,24,0
INCY,INCY.US,US,earnings,COMPLETED,10942,4,4,0,4,0,0,0,0,,0,0,0,0,0,24,0
INCY,INCY.US,US,estimates,COMPLETED,10742,48,48,48,0,48,0,0,0,,48,0,0,48,0,24,0
INDB,INDB.US,US,catalysts,COMPLETED,11143,1,1,1,0,0,0,0,0,,0,0,1,0,0,24,0
INDB,INDB.US,US,earnings,COMPLETED,10943,5,5,0,5,0,0,0,0,,0,0,0,0,0,24,0
INDB,INDB.US,US,estimates,COMPLETED,10743,48,48,48,0,48,0,0,0,,48,0,0,48,0,24,0
INSW,INSW.US,US,catalysts,COMPLETED,11144,1,1,1,0,1,0,0,0,,0,0,1,0,0,24,0
INSW,INSW.US,US,earnings,COMPLETED,10944,4,4,0,4,0,0,0,0,,0,0,0,0,0,24,0
INSW,INSW.US,US,estimates,COMPLETED,10744,48,48,48,0,36,0,0,0,,48,0,0,48,0,24,0
ITT,ITT.US,US,catalysts,COMPLETED,11145,1,1,1,0,0,0,0,0,,0,0,1,0,0,24,0
ITT,ITT.US,US,earnings,COMPLETED,10945,4,4,0,4,0,0,0,0,,0,0,0,0,0,24,0
ITT,ITT.US,US,estimates,COMPLETED,10745,48,48,48,0,48,0,0,0,,48,0,0,48,0,24,0
JBL,JBL.US,US,catalysts,COMPLETED,11146,33,33,6,27,3,0,0,0,,0,0,2,0,0,24,0
JBL,JBL.US,US,earnings,COMPLETED,10946,5,5,0,5,0,0,0,0,,0,0,0,0,0,24,0
JBL,JBL.US,US,estimates,COMPLETED,10746,48,48,48,0,48,0,0,0,,48,0,0,48,0,24,0
JNJ,JNJ.US,US,catalysts,COMPLETED,11147,22,22,6,16,2,0,0,0,,0,0,4,0,0,24,0
JNJ,JNJ.US,US,earnings,COMPLETED,10947,5,5,0,5,0,0,0,0,,0,0,0,0,0,24,0
JNJ,JNJ.US,US,estimates,COMPLETED,10747,48,48,48,0,48,0,0,0,,48,0,0,48,0,24,0
JOE,JOE.US,US,catalysts,COMPLETED,11148,2,2,2,0,0,0,0,0,,0,0,2,0,0,24,0
JOE,JOE.US,US,earnings,COMPLETED,10948,4,4,0,4,0,0,0,0,,0,0,0,0,0,24,0
JOE,JOE.US,US,estimates,COMPLETED,10748,0,0,0,0,0,0,0,0,,0,0,0,0,0,24,0
JPM,JPM.US,US,catalysts,COMPLETED,11149,49,49,13,36,4,0,0,0,,0,0,9,0,0,24,0
JPM,JPM.US,US,earnings,COMPLETED,10949,5,5,0,5,0,0,0,0,,0,0,0,0,0,24,0
JPM,JPM.US,US,estimates,COMPLETED,10749,48,48,48,0,48,0,0,0,,48,0,0,48,0,24,0
KEY,KEY.US,US,catalysts,COMPLETED,11150,6,6,6,0,0,0,0,0,,0,0,6,0,0,24,0
KEY,KEY.US,US,earnings,COMPLETED,10950,5,5,5,0,0,0,0,0,,0,5,0,0,0,24,0
KEY,KEY.US,US,estimates,COMPLETED,10750,48,48,48,0,0,0,0,0,,48,0,0,48,0,24,0
KEYS,KEYS.US,US,catalysts,COMPLETED,11151,5,5,1,4,1,0,0,0,,0,0,0,0,0,24,0
KEYS,KEYS.US,US,earnings,COMPLETED,10951,5,5,0,5,0,0,0,0,,0,0,0,0,0,24,0
KEYS,KEYS.US,US,estimates,COMPLETED,10751,48,48,48,0,48,0,0,0,,48,0,0,48,0,24,0
KN,KN.US,US,catalysts,COMPLETED,11152,0,0,0,0,0,0,0,0,,0,0,0,0,0,24,0
KN,KN.US,US,earnings,COMPLETED,10952,5,5,0,5,0,0,0,0,,0,0,0,0,0,24,0
KN,KN.US,US,estimates,COMPLETED,10752,48,48,48,0,48,0,0,0,,48,0,0,48,0,24,0
LB,LB.US,US,catalysts,COMPLETED,11153,0,0,0,0,0,0,0,0,,0,0,0,0,0,24,0
LB,LB.US,US,earnings,COMPLETED,10953,4,4,4,0,0,0,0,0,,0,4,0,0,0,24,0
LB,LB.US,US,estimates,COMPLETED,10753,48,48,48,0,48,0,0,0,,48,0,0,48,0,24,0
LECO,LECO.US,US,catalysts,COMPLETED,11154,2,2,0,2,0,0,0,0,,0,0,0,0,0,24,0
LECO,LECO.US,US,earnings,COMPLETED,10954,4,4,0,4,0,0,0,0,,0,0,0,0,0,24,0
LECO,LECO.US,US,estimates,COMPLETED,10754,48,48,48,0,48,0,0,0,,48,0,0,48,0,24,0
LIVN,LIVN.US,US,catalysts,COMPLETED,11155,3,3,3,0,0,0,0,0,,0,0,3,0,0,24,0
LIVN,LIVN.US,US,earnings,COMPLETED,10955,4,4,4,0,0,0,0,0,,0,4,0,0,0,24,0
LIVN,LIVN.US,US,estimates,COMPLETED,10755,48,48,48,0,0,0,0,0,,48,0,0,48,0,24,0
LLY,LLY.US,US,catalysts,COMPLETED,11156,31,31,9,22,2,0,0,0,,0,0,7,0,0,24,0
LLY,LLY.US,US,earnings,COMPLETED,10956,4,4,0,4,0,0,0,0,,0,0,0,0,0,24,0
LLY,LLY.US,US,estimates,COMPLETED,10756,48,48,48,0,48,0,0,0,,48,0,0,48,0,24,0
LNC,LNC.US,US,catalysts,COMPLETED,11157,3,3,3,0,2,0,0,0,,0,0,2,0,0,24,0
LNC,LNC.US,US,earnings,COMPLETED,10957,4,4,0,4,0,0,0,0,,0,0,0,0,0,24,0
LNC,LNC.US,US,estimates,COMPLETED,10757,48,48,48,0,48,0,0,0,,48,0,0,48,0,24,0
LNG,LNG.US,US,catalysts,COMPLETED,11158,2,2,1,1,0,0,0,0,,0,0,1,0,0,24,0
LNG,LNG.US,US,earnings,COMPLETED,10958,4,4,0,4,0,0,0,0,,0,0,0,0,0,24,0
LNG,LNG.US,US,estimates,COMPLETED,10758,48,48,48,0,48,0,0,0,,48,0,0,48,0,24,0
LPG,LPG.US,US,catalysts,COMPLETED,11159,0,0,0,0,0,0,0,0,,0,0,0,0,0,24,0
LPG,LPG.US,US,earnings,COMPLETED,10959,4,4,0,4,0,0,0,0,,0,0,0,0,0,24,0
LPG,LPG.US,US,estimates,COMPLETED,10759,42,42,42,0,42,0,0,0,,42,0,0,42,0,24,0
LTH,LTH.US,US,catalysts,COMPLETED,11160,1,1,0,1,0,0,0,0,,0,0,0,0,0,24,0
LTH,LTH.US,US,earnings,COMPLETED,10960,4,4,0,4,0,0,0,0,,0,0,0,0,0,24,0
LTH,LTH.US,US,estimates,COMPLETED,10760,48,48,48,0,48,0,0,0,,48,0,0,48,0,24,0
LYFT,LYFT.US,US,catalysts,COMPLETED,11161,9,9,9,0,6,0,0,0,,0,0,7,0,0,24,0
LYFT,LYFT.US,US,earnings,COMPLETED,10961,4,4,0,4,0,0,0,0,,0,0,0,0,0,24,0
LYFT,LYFT.US,US,estimates,COMPLETED,10761,48,48,48,0,48,0,0,0,,48,0,0,48,0,24,0
MET,MET.US,US,catalysts,COMPLETED,11162,5,5,2,3,1,0,0,0,,0,0,2,0,0,24,0
MET,MET.US,US,earnings,COMPLETED,10962,4,4,0,4,0,0,0,0,,0,0,0,0,0,24,0
MET,MET.US,US,estimates,COMPLETED,10762,48,48,48,0,48,0,0,0,,48,0,0,48,0,24,0
MGY,MGY.US,US,catalysts,COMPLETED,11163,1,1,1,0,0,0,0,0,,0,0,1,0,0,24,0
MGY,MGY.US,US,earnings,COMPLETED,10963,4,4,4,0,0,0,0,0,,0,4,0,0,0,24,0
MGY,MGY.US,US,estimates,COMPLETED,10763,48,48,48,0,0,0,0,0,,48,0,0,48,0,24,0
MITK,MITK.US,US,catalysts,COMPLETED,11164,0,0,0,0,0,0,0,0,,0,0,0,0,0,24,0
MITK,MITK.US,US,earnings,COMPLETED,10964,4,4,0,4,0,0,0,0,,0,0,0,0,0,24,0
MITK,MITK.US,US,estimates,COMPLETED,10764,48,48,48,0,48,0,0,0,,48,0,0,48,0,24,0
MLI,MLI.US,US,catalysts,COMPLETED,11165,0,0,0,0,0,0,0,0,,0,0,0,0,0,24,0
MLI,MLI.US,US,earnings,COMPLETED,10965,5,5,0,5,0,0,0,0,,0,0,0,0,0,24,0
MLI,MLI.US,US,estimates,COMPLETED,10765,48,48,48,0,48,0,0,0,,48,0,0,48,0,24,0
MOG.A,MOG.A.US,US,catalysts,COMPLETED,11166,0,0,0,0,0,0,0,0,,0,0,0,0,0,24,0
MOG.A,MOG.A.US,US,earnings,PARTIAL,10966,0,0,0,0,0,0,1,0,"{""records"": [{""error"": ""EODHD request failed with HTTP 404""}]}",0,0,0,0,0,24,0
MOG.A,MOG.A.US,US,estimates,PARTIAL,10766,0,0,0,0,0,0,1,0,"{""records"": [{""error"": ""EODHD request failed with HTTP 404""}]}",0,0,0,0,0,24,0
MPWR,MPWR.US,US,catalysts,COMPLETED,11167,5,5,5,0,0,0,0,0,,0,0,5,0,0,24,0
MPWR,MPWR.US,US,earnings,COMPLETED,10967,4,4,4,0,0,0,0,0,,0,4,0,0,0,24,0
MPWR,MPWR.US,US,estimates,COMPLETED,10767,48,48,48,0,0,0,0,0,,48,0,0,48,0,24,0
MS,MS.US,US,catalysts,COMPLETED,11168,23,23,23,0,11,0,0,0,,0,0,23,0,0,24,0
MS,MS.US,US,earnings,COMPLETED,10968,5,5,5,0,0,0,0,0,,0,5,0,0,0,24,0
MS,MS.US,US,estimates,COMPLETED,10768,48,48,48,0,48,0,0,0,,48,0,0,48,0,24,0
NBN,NBN.US,US,catalysts,COMPLETED,11169,0,0,0,0,0,0,0,0,,0,0,0,0,0,24,0
NBN,NBN.US,US,earnings,COMPLETED,10969,4,4,0,4,0,0,0,0,,0,0,0,0,0,24,0
NBN,NBN.US,US,estimates,COMPLETED,10769,54,54,54,0,54,0,0,0,,54,0,0,54,0,24,0
NBTB,NBTB.US,US,catalysts,COMPLETED,11170,0,0,0,0,0,0,0,0,,0,0,0,0,0,24,0
NBTB,NBTB.US,US,earnings,COMPLETED,10970,5,5,0,5,0,0,0,0,,0,0,0,0,0,24,0
NBTB,NBTB.US,US,estimates,COMPLETED,10770,48,48,48,0,48,0,0,0,,48,0,0,48,0,24,0
NIC,NIC.US,US,catalysts,COMPLETED,11171,0,0,0,0,0,0,0,0,,0,0,0,0,0,24,0
NIC,NIC.US,US,earnings,COMPLETED,10971,5,5,0,5,0,0,0,0,,0,0,0,0,0,24,0
NIC,NIC.US,US,estimates,COMPLETED,10771,48,48,48,0,48,0,0,0,,48,0,0,48,0,24,0
NLY,NLY.US,US,catalysts,COMPLETED,11172,2,2,2,0,1,0,0,0,,0,0,1,0,0,24,0
NLY,NLY.US,US,earnings,COMPLETED,10972,5,5,0,5,0,0,0,0,,0,0,0,0,0,24,0
NLY,NLY.US,US,estimates,COMPLETED,10772,48,48,48,0,48,0,0,0,,48,0,0,48,0,24,0
NPO,NPO.US,US,catalysts,COMPLETED,11173,2,2,2,0,0,0,0,0,,0,0,2,0,0,24,0
NPO,NPO.US,US,earnings,COMPLETED,10973,4,4,4,0,0,0,0,0,,0,4,0,0,0,24,0
NPO,NPO.US,US,estimates,COMPLETED,10773,48,48,48,0,0,0,0,0,,48,0,0,48,0,24,0
NVDA,NVDA.US,US,catalysts,COMPLETED,11174,50,50,50,0,20,0,0,0,,0,0,45,0,0,24,0
NVDA,NVDA.US,US,earnings,COMPLETED,10974,5,5,0,5,0,0,0,0,,0,0,0,0,0,24,0
NVDA,NVDA.US,US,estimates,COMPLETED,10774,48,48,48,0,48,0,0,0,,48,0,0,48,0,24,0
NVST,NVST.US,US,catalysts,COMPLETED,11175,2,2,0,2,0,0,0,0,,0,0,0,0,0,24,0
NVST,NVST.US,US,earnings,COMPLETED,10975,4,4,0,4,0,0,0,0,,0,0,0,0,0,24,0
NVST,NVST.US,US,estimates,COMPLETED,10775,48,48,48,0,48,0,0,0,,48,0,0,48,0,24,0
NVT,NVT.US,US,catalysts,COMPLETED,11176,2,2,0,2,0,0,0,0,,0,0,0,0,0,24,0
NVT,NVT.US,US,earnings,COMPLETED,10976,4,4,0,4,0,0,0,0,,0,0,0,0,0,24,0
NVT,NVT.US,US,estimates,COMPLETED,10776,48,48,48,0,48,0,0,0,,48,0,0,48,0,24,0
NWBI,NWBI.US,US,catalysts,COMPLETED,11177,1,1,1,0,0,0,0,0,,0,0,1,0,0,24,0
NWBI,NWBI.US,US,earnings,COMPLETED,10977,4,4,0,4,0,0,0,0,,0,0,0,0,0,24,0
NWBI,NWBI.US,US,estimates,COMPLETED,10777,48,48,48,0,48,0,0,0,,48,0,0,48,0,24,0
OKE,OKE.US,US,catalysts,COMPLETED,11178,0,0,0,0,0,0,0,0,,0,0,0,0,0,24,0
OKE,OKE.US,US,earnings,COMPLETED,10978,4,4,0,4,0,0,0,0,,0,0,0,0,0,24,0
OKE,OKE.US,US,estimates,COMPLETED,10778,48,48,48,0,48,0,0,0,,48,0,0,48,0,24,0
OKTA,OKTA.US,US,catalysts,COMPLETED,11179,10,10,10,0,6,0,0,0,,0,0,8,0,0,24,0
OKTA,OKTA.US,US,earnings,COMPLETED,10979,5,5,5,0,0,0,0,0,,0,5,0,0,0,24,0
OKTA,OKTA.US,US,estimates,COMPLETED,10779,48,48,48,0,0,0,0,0,,48,0,0,48,0,24,0
OMC,OMC.US,US,catalysts,COMPLETED,11180,0,0,0,0,0,0,0,0,,0,0,0,0,0,24,0
OMC,OMC.US,US,earnings,COMPLETED,10980,4,4,0,4,0,0,0,0,,0,0,0,0,0,24,0
OMC,OMC.US,US,estimates,COMPLETED,10780,48,48,48,0,48,0,0,0,,48,0,0,48,0,24,0
ONB,ONB.US,US,catalysts,COMPLETED,11181,1,1,1,0,0,0,0,0,,0,0,1,0,0,24,0
ONB,ONB.US,US,earnings,COMPLETED,10981,5,5,0,5,0,0,0,0,,0,0,0,0,0,24,0
ONB,ONB.US,US,estimates,COMPLETED,10781,48,48,48,0,48,0,0,0,,48,0,0,48,0,24,0
OPY,OPY.US,US,catalysts,COMPLETED,11182,2,2,0,2,0,0,0,0,,0,0,0,0,0,24,0
OPY,OPY.US,US,earnings,COMPLETED,10982,4,4,0,4,0,0,0,0,,0,0,0,0,0,24,0
OPY,OPY.US,US,estimates,COMPLETED,10782,0,0,0,0,0,0,0,0,,0,0,0,0,0,24,0
ORI,ORI.US,US,catalysts,COMPLETED,11183,0,0,0,0,0,0,0,0,,0,0,0,0,0,24,0
ORI,ORI.US,US,earnings,COMPLETED,10983,5,5,0,5,0,0,0,0,,0,0,0,0,0,24,0
ORI,ORI.US,US,estimates,COMPLETED,10783,48,48,48,0,48,0,0,0,,48,0,0,48,0,24,0
OSCR,OSCR.US,US,catalysts,COMPLETED,11184,2,2,2,0,1,0,0,0,,0,0,2,0,0,24,0
OSCR,OSCR.US,US,earnings,COMPLETED,10984,4,4,4,0,0,0,0,0,,0,4,0,0,0,24,0
OSCR,OSCR.US,US,estimates,COMPLETED,10784,48,48,48,0,0,0,0,0,,48,0,0,48,0,24,0
OSW,OSW.US,US,catalysts,COMPLETED,11185,0,0,0,0,0,0,0,0,,0,0,0,0,0,24,0
OSW,OSW.US,US,earnings,COMPLETED,10985,4,4,4,0,0,0,0,0,,0,4,0,0,0,24,0
OSW,OSW.US,US,estimates,COMPLETED,10785,48,48,48,0,0,0,0,0,,48,0,0,48,0,24,0
PACS,PACS.US,US,catalysts,COMPLETED,11186,1,1,1,0,0,0,0,0,,0,0,1,0,0,24,0
PACS,PACS.US,US,earnings,COMPLETED,10986,5,5,5,0,0,0,0,0,,0,5,0,0,0,24,0
PACS,PACS.US,US,estimates,COMPLETED,10786,42,42,42,0,0,0,0,0,,42,0,0,42,0,24,0
PKE,PKE.US,US,catalysts,COMPLETED,11187,0,0,0,0,0,0,0,0,,0,0,0,0,0,24,0
PKE,PKE.US,US,earnings,COMPLETED,10987,5,5,0,5,0,0,0,0,,0,0,0,0,0,24,0
PKE,PKE.US,US,estimates,COMPLETED,10787,30,30,30,0,30,0,0,0,,30,0,0,30,0,24,0
PKG,PKG.US,US,catalysts,COMPLETED,11188,2,2,1,1,1,0,0,0,,0,0,0,0,0,24,0
PKG,PKG.US,US,earnings,COMPLETED,10988,5,5,0,5,0,0,0,0,,0,0,0,0,0,24,0
PKG,PKG.US,US,estimates,COMPLETED,10788,48,48,48,0,48,0,0,0,,48,0,0,48,0,24,0
PR,PR.US,US,catalysts,COMPLETED,11189,2,2,2,0,1,0,0,0,,0,0,1,0,0,24,0
PR,PR.US,US,earnings,COMPLETED,10989,4,4,0,4,0,0,0,0,,0,0,0,0,0,24,0
PR,PR.US,US,estimates,COMPLETED,10789,48,48,48,0,48,0,0,0,,48,0,0,48,0,24,0
PRK,PRK.US,US,catalysts,COMPLETED,11190,0,0,0,0,0,0,0,0,,0,0,0,0,0,24,0
PRK,PRK.US,US,earnings,COMPLETED,10990,4,4,0,4,0,0,0,0,,0,0,0,0,0,24,0
PRK,PRK.US,US,estimates,COMPLETED,10790,48,48,48,0,48,0,0,0,,48,0,0,48,0,24,0
PRU,PRU.US,US,catalysts,COMPLETED,11191,3,3,0,3,0,0,0,0,,0,0,0,0,0,24,0
PRU,PRU.US,US,earnings,COMPLETED,10991,4,4,0,4,0,0,0,0,,0,0,0,0,0,24,0
PRU,PRU.US,US,estimates,COMPLETED,10791,48,48,48,0,48,0,0,0,,48,0,0,48,0,24,0
PWR,PWR.US,US,catalysts,COMPLETED,11192,6,6,6,0,3,0,0,0,,0,0,6,0,0,24,0
PWR,PWR.US,US,earnings,COMPLETED,10992,4,4,4,0,0,0,0,0,,0,4,0,0,0,24,0
PWR,PWR.US,US,estimates,COMPLETED,10792,48,48,48,0,0,0,0,0,,48,0,0,48,0,24,0
RAMP,RAMP.US,US,catalysts,COMPLETED,11193,0,0,0,0,0,0,0,0,,0,0,0,0,0,24,0
RAMP,RAMP.US,US,earnings,COMPLETED,10993,4,4,0,4,0,0,0,0,,0,0,0,0,0,24,0
RAMP,RAMP.US,US,estimates,COMPLETED,10793,42,42,42,0,42,0,0,0,,42,0,0,42,0,24,0
RDVT,RDVT.US,US,catalysts,COMPLETED,11194,3,3,3,0,0,0,0,0,,0,0,3,0,0,24,0
RDVT,RDVT.US,US,earnings,COMPLETED,10994,4,4,4,0,0,0,0,0,,0,4,0,0,0,24,0
RDVT,RDVT.US,US,estimates,COMPLETED,10794,48,48,48,0,0,0,0,0,,48,0,0,48,0,24,0
RELY,RELY.US,US,catalysts,COMPLETED,11195,1,1,1,0,1,0,0,0,,0,0,1,0,0,24,0
RELY,RELY.US,US,earnings,COMPLETED,10995,4,4,0,4,0,0,0,0,,0,0,0,0,0,24,0
RELY,RELY.US,US,estimates,COMPLETED,10795,48,48,48,0,48,0,0,0,,48,0,0,48,0,24,0
RGA,RGA.US,US,catalysts,COMPLETED,11196,3,3,2,1,1,0,0,0,,0,0,1,0,0,24,0
RGA,RGA.US,US,earnings,COMPLETED,10996,4,4,0,4,0,0,0,0,,0,0,0,0,0,24,0
RGA,RGA.US,US,estimates,COMPLETED,10796,48,48,48,0,48,0,0,0,,48,0,0,48,0,24,0
RL,RL.US,US,catalysts,COMPLETED,11197,4,4,1,3,1,0,0,0,,0,0,0,0,0,24,0
RL,RL.US,US,earnings,COMPLETED,10997,4,4,0,4,0,0,0,0,,0,0,0,0,0,24,0
RL,RL.US,US,estimates,COMPLETED,10797,42,42,42,0,42,0,0,0,,42,0,0,42,0,24,0
RNST,RNST.US,US,catalysts,COMPLETED,11198,0,0,0,0,0,0,0,0,,0,0,0,0,0,24,0
RNST,RNST.US,US,earnings,COMPLETED,10998,4,4,4,0,0,0,0,0,,0,4,0,0,0,24,0
RNST,RNST.US,US,estimates,COMPLETED,10798,48,48,48,0,0,0,0,0,,48,0,0,48,0,24,0
ROST,ROST.US,US,catalysts,COMPLETED,11199,5,5,2,3,0,0,0,0,,0,0,2,0,0,24,0
ROST,ROST.US,US,earnings,COMPLETED,10999,5,5,0,5,0,0,0,0,,0,0,0,0,0,24,0
ROST,ROST.US,US,estimates,COMPLETED,10799,48,48,48,0,48,0,0,0,,48,0,0,48,0,24,0
RPRX,RPRX.US,US,catalysts,COMPLETED,11200,4,4,4,0,0,0,0,0,,0,0,4,0,0,24,0
RPRX,RPRX.US,US,earnings,COMPLETED,11000,4,4,0,4,0,0,0,0,,0,0,0,0,0,24,0
RPRX,RPRX.US,US,estimates,COMPLETED,10800,48,48,48,0,48,0,0,0,,48,0,0,48,0,24,0
RRC,RRC.US,US,catalysts,COMPLETED,11201,6,6,4,2,3,0,0,0,,0,0,1,0,0,24,0
RRC,RRC.US,US,earnings,COMPLETED,11001,5,5,0,5,0,0,0,0,,0,0,0,0,0,24,0
RRC,RRC.US,US,estimates,COMPLETED,10801,48,48,48,0,48,0,0,0,,48,0,0,48,0,24,0
SBCF,SBCF.US,US,catalysts,COMPLETED,11202,0,0,0,0,0,0,0,0,,0,0,0,0,0,24,0
SBCF,SBCF.US,US,earnings,COMPLETED,11002,5,5,0,5,0,0,0,0,,0,0,0,0,0,24,0
SBCF,SBCF.US,US,estimates,COMPLETED,10802,48,48,48,0,48,0,0,0,,48,0,0,48,0,24,0
SHC,SHC.US,US,catalysts,COMPLETED,11203,2,2,1,1,0,0,0,0,,0,0,1,0,0,24,0
SHC,SHC.US,US,earnings,COMPLETED,11003,4,4,0,4,0,0,0,0,,0,0,0,0,0,24,0
SHC,SHC.US,US,estimates,COMPLETED,10803,48,48,48,0,48,0,0,0,,48,0,0,48,0,24,0
SHOO,SHOO.US,US,catalysts,COMPLETED,11204,1,1,1,0,1,0,0,0,,0,0,0,0,0,24,0
SHOO,SHOO.US,US,earnings,COMPLETED,11004,4,4,0,4,0,0,0,0,,0,0,0,0,0,24,0
SHOO,SHOO.US,US,estimates,COMPLETED,10804,48,48,48,0,48,0,0,0,,48,0,0,48,0,24,0
SKWD,SKWD.US,US,catalysts,COMPLETED,11205,3,3,1,2,0,0,0,0,,0,0,1,0,0,24,0
SKWD,SKWD.US,US,earnings,COMPLETED,11005,4,4,0,4,0,0,0,0,,0,0,0,0,0,24,0
SKWD,SKWD.US,US,estimates,COMPLETED,10805,48,48,48,0,48,0,0,0,,48,0,0,48,0,24,0
SLDE,SLDE.US,US,catalysts,COMPLETED,11206,2,2,1,1,0,0,0,0,,0,0,1,0,0,24,0
SLDE,SLDE.US,US,earnings,COMPLETED,11006,4,4,0,4,0,0,0,0,,0,0,0,0,0,24,0
SLDE,SLDE.US,US,estimates,COMPLETED,10806,42,42,42,0,42,0,0,0,,42,0,0,42,0,24,0
SM,SM.US,US,catalysts,COMPLETED,11207,2,2,2,0,1,0,0,0,,0,0,1,0,0,24,0
SM,SM.US,US,earnings,COMPLETED,11007,4,4,0,4,0,0,0,0,,0,0,0,0,0,24,0
SM,SM.US,US,estimates,COMPLETED,10807,48,48,48,0,48,0,0,0,,48,0,0,48,0,24,0
SON,SON.US,US,catalysts,COMPLETED,11208,2,2,2,0,2,0,0,0,,0,0,0,0,0,24,0
SON,SON.US,US,earnings,COMPLETED,11008,5,5,0,5,0,0,0,0,,0,0,0,0,0,24,0
SON,SON.US,US,estimates,COMPLETED,10808,48,48,48,0,48,0,0,0,,48,0,0,48,0,24,0
SSB,SSB.US,US,catalysts,COMPLETED,11209,0,0,0,0,0,0,0,0,,0,0,0,0,0,24,0
SSB,SSB.US,US,earnings,COMPLETED,11009,5,5,0,5,0,0,0,0,,0,0,0,0,0,24,0
SSB,SSB.US,US,estimates,COMPLETED,10809,48,48,48,0,48,0,0,0,,48,0,0,48,0,24,0
SUN,SUN.US,US,catalysts,COMPLETED,11210,5,5,5,0,1,0,0,0,,0,0,5,0,0,24,0
SUN,SUN.US,US,earnings,COMPLETED,11010,4,4,4,0,0,0,0,0,,0,4,0,0,0,24,0
SUN,SUN.US,US,estimates,COMPLETED,10810,48,48,48,0,0,0,0,0,,48,0,0,48,0,24,0
SXI,SXI.US,US,catalysts,COMPLETED,11211,0,0,0,0,0,0,0,0,,0,0,0,0,0,24,0
SXI,SXI.US,US,earnings,COMPLETED,11011,4,4,0,4,0,0,0,0,,0,0,0,0,0,24,0
SXI,SXI.US,US,estimates,COMPLETED,10811,54,54,54,0,54,0,0,0,,54,0,0,54,0,24,0
SXT,SXT.US,US,catalysts,COMPLETED,11212,0,0,0,0,0,0,0,0,,0,0,0,0,0,24,0
SXT,SXT.US,US,earnings,COMPLETED,11012,5,5,0,5,0,0,0,0,,0,0,0,0,0,24,0
SXT,SXT.US,US,estimates,COMPLETED,10812,48,48,48,0,48,0,0,0,,48,0,0,48,0,24,0
SYBT,SYBT.US,US,catalysts,COMPLETED,11213,0,0,0,0,0,0,0,0,,0,0,0,0,0,24,0
SYBT,SYBT.US,US,earnings,COMPLETED,11013,4,4,0,4,0,0,0,0,,0,0,0,0,0,24,0
SYBT,SYBT.US,US,estimates,COMPLETED,10813,48,48,48,0,48,0,0,0,,48,0,0,48,0,24,0
TENB,TENB.US,US,catalysts,COMPLETED,11214,1,1,1,0,1,0,0,0,,0,0,1,0,0,24,0
TENB,TENB.US,US,earnings,COMPLETED,11014,4,4,0,4,0,0,0,0,,0,0,0,0,0,24,0
TENB,TENB.US,US,estimates,COMPLETED,10814,48,48,48,0,48,0,0,0,,48,0,0,48,0,24,0
TER,TER.US,US,catalysts,COMPLETED,11215,7,7,7,0,1,0,0,0,,0,0,7,0,0,24,0
TER,TER.US,US,earnings,COMPLETED,11015,4,4,4,0,0,0,0,0,,0,4,0,0,0,24,0
TER,TER.US,US,estimates,COMPLETED,10815,48,48,48,0,0,0,0,0,,48,0,0,48,0,24,0
TEX,TEX.US,US,catalysts,COMPLETED,11216,2,2,1,1,1,0,0,0,,0,0,0,0,0,24,0
TEX,TEX.US,US,earnings,COMPLETED,11016,4,4,0,4,0,0,0,0,,0,0,0,0,0,24,0
TEX,TEX.US,US,estimates,COMPLETED,10816,48,48,48,0,48,0,0,0,,48,0,0,48,0,24,0
TFIN,TFIN.US,US,catalysts,COMPLETED,11217,0,0,0,0,0,0,0,0,,0,0,0,0,0,24,0
TFIN,TFIN.US,US,earnings,COMPLETED,11017,5,5,5,0,0,0,0,0,,0,5,0,0,0,24,0
TFIN,TFIN.US,US,estimates,COMPLETED,10817,48,48,48,0,0,0,0,0,,48,0,0,48,0,24,0
THRM,THRM.US,US,catalysts,COMPLETED,11218,0,0,0,0,0,0,0,0,,0,0,0,0,0,24,0
THRM,THRM.US,US,earnings,COMPLETED,11018,5,5,0,5,0,0,0,0,,0,0,0,0,0,24,0
THRM,THRM.US,US,estimates,COMPLETED,10818,48,48,48,0,48,0,0,0,,48,0,0,48,0,24,0
TIGO,TIGO.US,US,catalysts,COMPLETED,11219,0,0,0,0,0,0,0,0,,0,0,0,0,0,24,0
TIGO,TIGO.US,US,earnings,COMPLETED,11019,4,4,0,4,0,0,0,0,,0,0,0,0,0,24,0
TIGO,TIGO.US,US,estimates,COMPLETED,10819,48,48,48,0,48,0,0,0,,48,0,0,48,0,24,0
TNK,TNK.US,US,catalysts,COMPLETED,11220,2,2,1,1,1,0,0,0,,0,0,0,0,0,24,0
TNK,TNK.US,US,earnings,COMPLETED,11020,4,4,0,4,0,0,0,0,,0,0,0,0,0,24,0
TNK,TNK.US,US,estimates,COMPLETED,10820,48,48,48,0,48,0,0,0,,48,0,0,48,0,24,0
TPR,TPR.US,US,catalysts,COMPLETED,11221,7,7,7,0,3,0,0,0,,0,0,7,0,0,24,0
TPR,TPR.US,US,earnings,COMPLETED,11021,5,5,0,5,0,0,0,0,,0,0,0,0,0,24,0
TPR,TPR.US,US,estimates,COMPLETED,10821,36,36,36,0,36,0,0,0,,36,0,0,36,0,24,0
TRIN,TRIN.US,US,catalysts,COMPLETED,11222,0,0,0,0,0,0,0,0,,0,0,0,0,0,24,0
TRIN,TRIN.US,US,earnings,COMPLETED,11022,4,4,0,4,0,0,0,0,,0,0,0,0,0,24,0
TRIN,TRIN.US,US,estimates,COMPLETED,10822,48,48,48,0,48,0,0,0,,48,0,0,48,0,24,0
TSEM,TSEM.US,US,catalysts,COMPLETED,11223,6,6,6,0,0,0,0,0,,0,0,5,0,0,24,0
TSEM,TSEM.US,US,earnings,COMPLETED,11023,4,4,4,0,0,0,0,0,,0,4,0,0,0,24,0
TSEM,TSEM.US,US,estimates,COMPLETED,10823,48,48,48,0,0,0,0,0,,48,0,0,48,0,24,0
UAL,UAL.US,US,catalysts,COMPLETED,11224,11,11,3,8,2,0,0,0,,0,0,2,0,0,24,0
UAL,UAL.US,US,earnings,COMPLETED,11024,5,5,0,5,0,0,0,0,,0,0,0,0,0,24,0
UAL,UAL.US,US,estimates,COMPLETED,10824,48,48,48,0,48,0,0,0,,48,0,0,48,0,24,0
UMBF,UMBF.US,US,catalysts,COMPLETED,11225,0,0,0,0,0,0,0,0,,0,0,0,0,0,24,0
UMBF,UMBF.US,US,earnings,COMPLETED,11025,4,4,0,4,0,0,0,0,,0,0,0,0,0,24,0
UMBF,UMBF.US,US,estimates,COMPLETED,10825,48,48,48,0,48,0,0,0,,48,0,0,48,0,24,0
VIK,VIK.US,US,catalysts,COMPLETED,11226,2,2,2,0,1,0,0,0,,0,0,2,0,0,24,0
VIK,VIK.US,US,earnings,COMPLETED,11026,5,5,0,5,0,0,0,0,,0,0,0,0,0,24,0
VIK,VIK.US,US,estimates,COMPLETED,10826,36,36,36,0,36,0,0,0,,36,0,0,36,0,24,0
VRTX,VRTX.US,US,catalysts,COMPLETED,11227,6,6,6,0,1,0,0,0,,0,0,6,0,0,24,0
VRTX,VRTX.US,US,earnings,COMPLETED,11027,4,4,4,0,0,0,0,0,,0,4,0,0,0,24,0
VRTX,VRTX.US,US,estimates,COMPLETED,10827,48,48,48,0,48,0,0,0,,48,0,0,48,0,24,0
WAB,WAB.US,US,catalysts,COMPLETED,11228,2,2,1,1,0,0,0,0,,0,0,1,0,0,24,0
WAB,WAB.US,US,earnings,COMPLETED,11028,5,5,0,5,0,0,0,0,,0,0,0,0,0,24,0
WAB,WAB.US,US,estimates,COMPLETED,10828,48,48,48,0,48,0,0,0,,48,0,0,48,0,24,0
WCC,WCC.US,US,catalysts,COMPLETED,11229,1,1,0,1,0,0,0,0,,0,0,0,0,0,24,0
WCC,WCC.US,US,earnings,COMPLETED,11029,4,4,0,4,0,0,0,0,,0,0,0,0,0,24,0
WCC,WCC.US,US,estimates,COMPLETED,10829,48,48,48,0,48,0,0,0,,48,0,0,48,0,24,0
WES,WES.US,US,catalysts,COMPLETED,11230,0,0,0,0,0,0,0,0,,0,0,0,0,0,24,0
WES,WES.US,US,earnings,COMPLETED,11030,4,4,0,4,0,0,0,0,,0,0,0,0,0,24,0
WES,WES.US,US,estimates,COMPLETED,10830,48,48,48,0,48,0,0,0,,48,0,0,48,0,24,0
WMB,WMB.US,US,catalysts,COMPLETED,11231,7,7,7,0,2,0,0,0,,0,0,7,0,0,24,0
WMB,WMB.US,US,earnings,COMPLETED,11031,4,4,4,0,0,0,0,0,,0,4,0,0,0,24,0
WMB,WMB.US,US,estimates,COMPLETED,10831,48,48,48,0,0,0,0,0,,48,0,0,48,0,24,0
WSBC,WSBC.US,US,catalysts,COMPLETED,11232,0,0,0,0,0,0,0,0,,0,0,0,0,0,24,0
WSBC,WSBC.US,US,earnings,COMPLETED,11032,5,5,0,5,0,0,0,0,,0,0,0,0,0,24,0
WSBC,WSBC.US,US,estimates,COMPLETED,10832,48,48,48,0,48,0,0,0,,48,0,0,48,0,24,0
WST,WST.US,US,catalysts,COMPLETED,11233,5,5,2,3,2,0,0,0,,0,0,0,0,0,24,0
WST,WST.US,US,earnings,COMPLETED,11033,5,5,0,5,0,0,0,0,,0,0,0,0,0,24,0
WST,WST.US,US,estimates,COMPLETED,10833,48,48,48,0,48,0,0,0,,48,0,0,48,0,24,0
WTS,WTS.US,US,catalysts,COMPLETED,11234,3,3,2,1,0,0,0,0,,0,0,2,0,0,24,0
WTS,WTS.US,US,earnings,COMPLETED,11034,4,4,0,4,0,0,0,0,,0,0,0,0,0,24,0
WTS,WTS.US,US,estimates,COMPLETED,10834,48,48,48,0,48,0,0,0,,48,0,0,48,0,24,0
XOM,XOM.US,US,catalysts,COMPLETED,11235,18,18,4,14,2,0,0,0,,0,0,3,0,0,24,0
XOM,XOM.US,US,earnings,COMPLETED,11035,4,4,0,4,0,0,0,0,,0,0,0,0,0,24,0
XOM,XOM.US,US,estimates,COMPLETED,10835,48,48,48,0,48,0,0,0,,48,0,0,48,0,24,0
XPEL,XPEL.US,US,catalysts,COMPLETED,11236,0,0,0,0,0,0,0,0,,0,0,0,0,0,24,0
XPEL,XPEL.US,US,earnings,COMPLETED,11036,4,4,0,4,0,0,0,0,,0,0,0,0,0,24,0
XPEL,XPEL.US,US,estimates,COMPLETED,10836,48,48,48,0,48,0,0,0,,48,0,0,48,0,24,0
ZWS,ZWS.US,US,catalysts,COMPLETED,11237,1,1,0,1,0,0,0,0,,0,0,0,0,0,24,0
ZWS,ZWS.US,US,earnings,COMPLETED,11037,4,4,0,4,0,0,0,0,,0,0,0,0,0,24,0
ZWS,ZWS.US,US,estimates,COMPLETED,10837,48,48,48,0,48,0,0,0,,48,0,0,48,0,24,0
