historical_family_id,current_family_id,domain,operation,classification,semantic_authority_changed,historical_semantic_identity,current_semantic_identity,source_path_change,authority_contract_changed,writer_contract_changed,initiator_caller_changed,finding_impact,evidence,status
AF_faa5cf2dc3c6e62c,AF_96fef63653b2e4ca,CURRENT_PROJECTION,core_writer_transaction,SEMANTICALLY_EQUIVALENT_EVOLUTION,NO,AF2_ea95607b02a4ba06,AF2_ea95607b02a4ba06,app/services/winner_probability/cohort_generation_service.py:EvidenceWatermarkService.advance_to_current_material_evidence,NO,NO,NO,NONE; T16E phase5_regression PASS,Certified Phase-7 T14D family ID and source proof; T16E phase5_regression=PASS_252_OF_252_CALLERS_220_OF_220_FAMILIES_ZERO_BYPASS; changed proof dimensions=authority_branch_fingerprint,CERTIFIED_EQUIVALENT
AF_988163cefed12f8f,AF_d2dec3cd06447d4e,CURRENT_PROJECTION;WINNER_GENERATION,core_writer_transaction,SEMANTICALLY_EQUIVALENT_EVOLUTION,NO,AF2_aa62df7ea6a2f9bc,AF2_aa62df7ea6a2f9bc,app/services/winner_probability/cohort_generation_service.py:CohortGenerationService.capture_or_resume;app/services/winner_probability/cohort_generation_service.py:CohortGenerationService.publish,NO,NO,NO,NONE; T16E phase5_regression PASS,"Certified Phase-7 T14D family ID and source proof; T16E phase5_regression=PASS_252_OF_252_CALLERS_220_OF_220_FAMILIES_ZERO_BYPASS; changed proof dimensions=authority_adapters,authority_branch_fingerprint",CERTIFIED_EQUIVALENT
AF_2e0955c73d6b5b07,AF_36256175104b1258,CERI_SOURCE,source_mutation_writer,SEMANTICALLY_EQUIVALENT_EVOLUTION,NO,AF2_d89a4bd32ef3b91d,AF2_d89a4bd32ef3b91d,app/services/ceri/purge_service.py:CeriPurgeService.execute,NO,NO,NO,NONE; T16E phase5_regression PASS,"Certified Phase-7 T14D family ID and source proof; T16E phase5_regression=PASS_252_OF_252_CALLERS_220_OF_220_FAMILIES_ZERO_BYPASS; changed proof dimensions=authority_adapters,authority_branch_fingerprint",CERTIFIED_EQUIVALENT
AF_9f4d418b1a720152,AF_74dcfa794fd543e6,CERI_REVIEW,supporting_mutation_operation,SEMANTICALLY_EQUIVALENT_EVOLUTION,NO,AF2_b1283fbd3c5c127b,AF2_b1283fbd3c5c127b,app/routers/ceri_routes.py:review_ceri_event,NO,NO,NO,NONE; T16E phase5_regression PASS,Certified Phase-7 T14D family ID and source proof; T16E phase5_regression=PASS_252_OF_252_CALLERS_220_OF_220_FAMILIES_ZERO_BYPASS; changed proof dimensions=authority_branch_fingerprint,CERTIFIED_EQUIVALENT
AF_5ca2f4b11ce9ede7,AF_242a811fd58e6402,CERI;CERI_ALERT;CERI_CHANGE;CERI_SOURCE;COMBINED;CONFIGURATION;CURRENT_PROJECTION;FUNDAMENTAL;IBMI;RANKING;REGIME;SECTOR;TECHNICAL,anchored_job_configuration,SEMANTICALLY_EQUIVALENT_EVOLUTION,NO,AF2_6471293eb281141f,AF2_6471293eb281141f,app/services/ceri/job_handlers.py:execute_provider_ingest_job,NO,NO,NO,NONE; T16E phase5_regression PASS,"Certified Phase-7 T14D family ID and source proof; T16E phase5_regression=PASS_252_OF_252_CALLERS_220_OF_220_FAMILIES_ZERO_BYPASS; changed proof dimensions=authority_adapters,authority_branch_fingerprint",CERTIFIED_EQUIVALENT
AF_0785e06b10ff6fb4,AF_ff59eb6d527308d4,CERI;CERI_ALERT;CERI_CHANGE;CERI_SOURCE;COMBINED;CONFIGURATION;CURRENT_PROJECTION;FUNDAMENTAL;IBMI;RANKING;REGIME;SECTOR;TECHNICAL,anchored_job_configuration,SEMANTICALLY_EQUIVALENT_EVOLUTION,NO,AF2_55f51809d71d6550,AF2_55f51809d71d6550,app/services/ceri/job_handlers.py:execute_normalize_job,NO,NO,NO,NONE; T16E phase5_regression PASS,Certified Phase-7 T14D family ID and source proof; T16E phase5_regression=PASS_252_OF_252_CALLERS_220_OF_220_FAMILIES_ZERO_BYPASS; changed proof dimensions=authority_branch_fingerprint,CERTIFIED_EQUIVALENT
AF_783f63bd6ad9af37,AF_a1a3696c9861b5f9,CERI;CERI_ALERT;CERI_CHANGE;CERI_SOURCE;COMBINED;CONFIGURATION;CURRENT_PROJECTION;FUNDAMENTAL;IBMI;RANKING;REGIME;SECTOR;TECHNICAL,anchored_job_configuration,SEMANTICALLY_EQUIVALENT_EVOLUTION,NO,AF2_8d15a7ca938f71a4,AF2_8d15a7ca938f71a4,app/services/ceri/batched_job_handlers.py:execute_run_finalize_job;app/services/ceri/job_handlers.py:execute_rebuild_features_job,NO,NO,NO,NONE; T16E phase5_regression PASS,"Certified Phase-7 T14D family ID and source proof; T16E phase5_regression=PASS_252_OF_252_CALLERS_220_OF_220_FAMILIES_ZERO_BYPASS; changed proof dimensions=authority_adapters,authority_branch_fingerprint,error_mapping",CERTIFIED_EQUIVALENT
AF_a603976be1343a23,AF_40fb480e20914a3c,CERI_ALERT;CERI_CHANGE;CONFIGURATION,anchored_job_configuration,SEMANTICALLY_EQUIVALENT_EVOLUTION,NO,AF2_b0e688f5c71023a4,AF2_b0e688f5c71023a4,app/services/ceri/job_handlers.py:execute_change_detection_job,NO,NO,NO,NONE; T16E phase5_regression PASS,"Certified Phase-7 T14D family ID and source proof; T16E phase5_regression=PASS_252_OF_252_CALLERS_220_OF_220_FAMILIES_ZERO_BYPASS; changed proof dimensions=authority_adapters,authority_branch_fingerprint",CERTIFIED_EQUIVALENT
AF_4af3bb4937837358,AF_432b4012e6a7b9ff,CERI_SOURCE,anchored_job_configuration,SEMANTICALLY_EQUIVALENT_EVOLUTION,NO,AF2_6d3a0e631ab8ff7d,AF2_6d3a0e631ab8ff7d,app/services/ceri/job_handlers.py:execute_backfill_job,NO,NO,NO,NONE; T16E phase5_regression PASS,"Certified Phase-7 T14D family ID and source proof; T16E phase5_regression=PASS_252_OF_252_CALLERS_220_OF_220_FAMILIES_ZERO_BYPASS; changed proof dimensions=authority_adapters,authority_branch_fingerprint",CERTIFIED_EQUIVALENT
AF_c443168c381a5897,AF_d71ce6ad4a66d9e5,CERI_SOURCE,anchored_job_configuration,SEMANTICALLY_EQUIVALENT_EVOLUTION,NO,AF2_d51e5fb53e14dea9,AF2_d51e5fb53e14dea9,app/services/ceri/batched_job_handlers.py:execute_feature_batch_job,NO,NO,NO,NONE; T16E phase5_regression PASS,"Certified Phase-7 T14D family ID and source proof; T16E phase5_regression=PASS_252_OF_252_CALLERS_220_OF_220_FAMILIES_ZERO_BYPASS; changed proof dimensions=authority_adapters,authority_branch_fingerprint",CERTIFIED_EQUIVALENT
AF_92c66465b4b4dda2,AF_01c2d73e5c26b6c4,CERI_SOURCE,anchored_job_configuration,SEMANTICALLY_EQUIVALENT_EVOLUTION,NO,AF2_633edbb0273f9d89,AF2_633edbb0273f9d89,app/services/ceri/batched_job_handlers.py:execute_provider_ingest_batch_job,NO,NO,NO,NONE; T16E phase5_regression PASS,"Certified Phase-7 T14D family ID and source proof; T16E phase5_regression=PASS_252_OF_252_CALLERS_220_OF_220_FAMILIES_ZERO_BYPASS; changed proof dimensions=authority_adapters,authority_branch_fingerprint",CERTIFIED_EQUIVALENT
AF_2295d134030fe3f0,AF_2bb2056bdbfaaabb,CONFIGURATION;CURRENT_PROJECTION;WINNER_COHORT;WINNER_GENERATION,anchored_job_configuration,SEMANTICALLY_EQUIVALENT_EVOLUTION,NO,AF2_4d5609eb6c4eeecc,AF2_4d5609eb6c4eeecc,app/services/winner_probability/job_handlers.py:execute_cohort_refresh_job,NO,NO,NO,NONE; T16E phase5_regression PASS,"Certified Phase-7 T14D family ID and source proof; T16E phase5_regression=PASS_252_OF_252_CALLERS_220_OF_220_FAMILIES_ZERO_BYPASS; changed proof dimensions=authority_adapters,authority_branch_fingerprint,error_mapping",CERTIFIED_EQUIVALENT
AF_ebce648b9f7274c1,AF_43a7ebc35f56ba9f,CONFIGURATION;CURRENT_PROJECTION;WINNER_COHORT;WINNER_GENERATION;WINNER_OUTCOME;WINNER_PREDICTION,anchored_job_configuration,SEMANTICALLY_EQUIVALENT_EVOLUTION,NO,AF2_56e8e2230196e7d8,AF2_56e8e2230196e7d8,app/services/winner_probability/job_handlers.py:execute_outcome_maturation_job;app/services/winner_probability/job_handlers.py:execute_outcome_revision_check_job,NO,NO,NO,NONE; T16E phase5_regression PASS,"Certified Phase-7 T14D family ID and source proof; T16E phase5_regression=PASS_252_OF_252_CALLERS_220_OF_220_FAMILIES_ZERO_BYPASS; changed proof dimensions=authority_adapters,authority_branch_fingerprint",CERTIFIED_EQUIVALENT
AF_806047024969b47b,AF_f8c2fba8bd45b93d,PRICE;WINNER_COHORT;WINNER_ESTIMATE;WINNER_OUTCOME;WINNER_PREDICTION,anchored_job_configuration,SEMANTICALLY_EQUIVALENT_EVOLUTION,NO,AF2_c0981a266a742c74,AF2_c0981a266a742c74,app/services/winner_probability/job_handlers.py:execute_historical_backfill_job,NO,NO,NO,NONE; T16E phase5_regression PASS,"Certified Phase-7 T14D family ID and source proof; T16E phase5_regression=PASS_252_OF_252_CALLERS_220_OF_220_FAMILIES_ZERO_BYPASS; changed proof dimensions=authority_adapters,authority_branch_fingerprint,error_mapping",CERTIFIED_EQUIVALENT
AF_c3dae86a6ccdcc8c,AF_9e4d7a083c2f8136,PRICE;WINNER_COHORT;WINNER_ESTIMATE;WINNER_OUTCOME;WINNER_PREDICTION,anchored_job_configuration,SEMANTICALLY_EQUIVALENT_EVOLUTION,NO,AF2_cf874ba874d22535,AF2_cf874ba874d22535,app/services/winner_probability/job_handlers.py:execute_prediction_capture_job,NO,NO,NO,NONE; T16E phase5_regression PASS,"Certified Phase-7 T14D family ID and source proof; T16E phase5_regression=PASS_252_OF_252_CALLERS_220_OF_220_FAMILIES_ZERO_BYPASS; changed proof dimensions=authority_adapters,authority_branch_fingerprint",CERTIFIED_EQUIVALENT
AF_730c1e06b1093610,AF_152becfd840c16ed,WINNER_ESTIMATE,anchored_job_configuration,SEMANTICALLY_EQUIVALENT_EVOLUTION,NO,AF2_cb6e47cc37e24c1b,AF2_cb6e47cc37e24c1b,app/services/winner_probability/job_handlers.py:execute_latest_rescore_job,NO,NO,NO,NONE; T16E phase5_regression PASS,Certified Phase-7 T14D family ID and source proof; T16E phase5_regression=PASS_252_OF_252_CALLERS_220_OF_220_FAMILIES_ZERO_BYPASS; changed proof dimensions=authority_branch_fingerprint,CERTIFIED_EQUIVALENT
AF_1f737487d9fb5850,AF_09228611e7dfa830,CURRENT_PROJECTION;WINNER_ESTIMATE;WINNER_GENERATION;WINNER_PUBLICATION,app/services/winner_probability/estimate_publication_service.py:WinnerEstimatePublicationService.publish,SEMANTICALLY_EQUIVALENT_EVOLUTION,NO,AF2_4c0ed32c25f7c4ca,AF2_4c0ed32c25f7c4ca,app/services/winner_probability/estimate_publication_service.py:WinnerEstimatePublicationService.publish,NO,NO,NO,NONE; T16E phase5_regression PASS,"Certified Phase-7 T14D family ID and source proof; T16E phase5_regression=PASS_252_OF_252_CALLERS_220_OF_220_FAMILIES_ZERO_BYPASS; changed proof dimensions=authority_adapters,authority_branch_fingerprint",CERTIFIED_EQUIVALENT
AF_669d1249d016911d,AF_cebc7b8259bc93f7,CURRENT_PROJECTION;WINNER_GENERATION,app/services/winner_probability/estimate_publication_service.py:WinnerEstimatePublicationService.publish,SEMANTICALLY_EQUIVALENT_EVOLUTION,NO,AF2_36d3667a7340008b,AF2_36d3667a7340008b,app/services/winner_probability/cohort_generation_service.py:CohortGenerationService.publish_reviewed_supersession,NO,NO,NO,NONE; T16E phase5_regression PASS,"Certified Phase-7 T14D family ID and source proof; T16E phase5_regression=PASS_252_OF_252_CALLERS_220_OF_220_FAMILIES_ZERO_BYPASS; changed proof dimensions=authority_adapters,authority_branch_fingerprint",CERTIFIED_EQUIVALENT
AF_db1830485a4ea6a4,AF_9d2e4a3f914a9dec,CERI;CERI_ALERT;CERI_CHANGE;CERI_SOURCE;COMBINED;CURRENT_PROJECTION;FUNDAMENTAL;IBMI;RANKING;REGIME;SECTOR;TECHNICAL,EntryPointAuthorityError,SEMANTICALLY_EQUIVALENT_EVOLUTION,NO,AF2_a731afda3cd54d3c,AF2_a731afda3cd54d3c,app/services/ceri/capture_service.py:CeriRunCaptureService.capture_run,NO,NO,NO,NONE; T16E phase5_regression PASS,Certified Phase-7 T14D family ID and source proof; T16E phase5_regression=PASS_252_OF_252_CALLERS_220_OF_220_FAMILIES_ZERO_BYPASS; changed proof dimensions=authority_branch_fingerprint,CERTIFIED_EQUIVALENT
AF_27f76b361d63009e,AF_1ce97aac351365aa,CERI_SOURCE;CONFIGURATION,EntryPointAuthorityError,SEMANTICALLY_EQUIVALENT_EVOLUTION,NO,AF2_603f4d3692af781c,AF2_603f4d3692af781c,app/services/ceri/batched_workflow.py:schedule_ceri_batched_workflow,NO,NO,NO,NONE; T16E phase5_regression PASS,"Certified Phase-7 T14D family ID and source proof; T16E phase5_regression=PASS_252_OF_252_CALLERS_220_OF_220_FAMILIES_ZERO_BYPASS; changed proof dimensions=authority_adapters,authority_branch_fingerprint,error_mapping",CERTIFIED_EQUIVALENT
AF_f7416b02ff7a2171,AF_57090e3c1c60a552,CERI;CERI_ALERT;CERI_CHANGE;CERI_SOURCE;COMBINED;CONFIGURATION;CURRENT_PROJECTION;FUNDAMENTAL;IBMI;IBMI_SOURCE;PIPELINE;PRICE;RANKING;RAW;REGIME;SECTOR;TECHNICAL,SemanticWorkAuthority,SEMANTICALLY_EQUIVALENT_EVOLUTION,NO,AF2_9d6ff89c2e2fca5e,AF2_9d6ff89c2e2fca5e,app/services/pipeline_executor.py:execute_full_pipeline,NO,NO,NO,NONE; T16E phase5_regression PASS,"Certified Phase-7 T14D family ID and source proof; T16E phase5_regression=PASS_252_OF_252_CALLERS_220_OF_220_FAMILIES_ZERO_BYPASS; changed proof dimensions=authority_adapters,authority_branch_fingerprint,semantic_operation",CERTIFIED_EQUIVALENT
AF_ca4f55dcf09b6d51,AF_5e75e39509c0245c,CERI;CERI_ALERT;CERI_CHANGE;CERI_SOURCE;COMBINED;CONFIGURATION;CURRENT_PROJECTION;FUNDAMENTAL;IBMI;RANKING;REGIME;SECTOR;TECHNICAL,_admit_ceri_job_authority,SEMANTICALLY_EQUIVALENT_EVOLUTION,NO,AF2_55ff6b7539910db9,AF2_55ff6b7539910db9,app/routers/ceri_routes.py:create_ceri_ingestion_run,NO,NO,NO,NONE; T16E phase5_regression PASS,"Certified Phase-7 T14D family ID and source proof; T16E phase5_regression=PASS_252_OF_252_CALLERS_220_OF_220_FAMILIES_ZERO_BYPASS; changed proof dimensions=authority_adapters,authority_branch_fingerprint,semantic_operation",CERTIFIED_EQUIVALENT
AF_2ac7e305c24865bb,AF_47d584de43f4706a,CERI_SOURCE;CONFIGURATION,_admit_ceri_job_authority,SEMANTICALLY_EQUIVALENT_EVOLUTION,NO,AF2_3435bb5b889e60ef,AF2_3435bb5b889e60ef,app/routers/ceri_routes.py:create_ceri_backfill,NO,NO,NO,NONE; T16E phase5_regression PASS,"Certified Phase-7 T14D family ID and source proof; T16E phase5_regression=PASS_252_OF_252_CALLERS_220_OF_220_FAMILIES_ZERO_BYPASS; changed proof dimensions=authority_adapters,authority_branch_fingerprint,semantic_operation",CERTIFIED_EQUIVALENT
AF_671f857a0f5339d6,AF_02892af35976573b,CONFIGURATION;IBMI_SOURCE;PRICE,_admit_fetch_authority,SEMANTICALLY_EQUIVALENT_EVOLUTION,NO,AF2_617314e41872e5f5,AF2_617314e41872e5f5,app/services/market_data_prewarm_service.py:enqueue_market_data_prewarm,NO,NO,NO,NONE; T16E phase5_regression PASS,"Certified Phase-7 T14D family ID and source proof; T16E phase5_regression=PASS_252_OF_252_CALLERS_220_OF_220_FAMILIES_ZERO_BYPASS; changed proof dimensions=authority_adapters,authority_branch_fingerprint,semantic_operation",CERTIFIED_EQUIVALENT
AF_7e6ec3a3ade5f5b1,AF_9a90295963bdaa3e,CERI;CERI_ALERT;CERI_CHANGE;CERI_SOURCE;COMBINED;CONFIGURATION;CURRENT_PROJECTION;FUNDAMENTAL;IBMI;IBMI_SOURCE;PIPELINE;PRICE;RANKING;RAW;REGIME;SECTOR;TECHNICAL,_admit_pipeline_authority,SEMANTICALLY_EQUIVALENT_EVOLUTION,NO,AF2_31b0e0bc0222613a,AF2_31b0e0bc0222613a,app/services/pipeline_service.py:start_pipeline,NO,NO,NO,NONE; T16E phase5_regression PASS,"Certified Phase-7 T14D family ID and source proof; T16E phase5_regression=PASS_252_OF_252_CALLERS_220_OF_220_FAMILIES_ZERO_BYPASS; changed proof dimensions=authority_adapters,authority_branch_fingerprint,semantic_operation",CERTIFIED_EQUIVALENT
AF_ab5b156dc59c02ff,AF_9cdcd6a811c74c3f,CONFIGURATION;CURRENT_PROJECTION;WINNER_COHORT;WINNER_GENERATION;WINNER_OUTCOME;WINNER_PREDICTION,authority.as_dict,SEMANTICALLY_EQUIVALENT_EVOLUTION,NO,AF2_f684820b4131a2a6,AF2_f684820b4131a2a6,app/services/winner_probability/job_handlers.py:enqueue_outcome_maturation_workflow,NO,NO,NO,NONE; T16E phase5_regression PASS,"Certified Phase-7 T14D family ID and source proof; T16E phase5_regression=PASS_252_OF_252_CALLERS_220_OF_220_FAMILIES_ZERO_BYPASS; changed proof dimensions=authority_adapters,authority_branch_fingerprint,semantic_operation",CERTIFIED_EQUIVALENT
AF_7c7a11f09af2e09e,AF_859bfa9e142f256e,CERI;CERI_ALERT;CERI_CHANGE;CERI_SOURCE;COMBINED;CONFIGURATION;CURRENT_PROJECTION;FUNDAMENTAL;IBMI;IBMI_SOURCE;PIPELINE;PRICE;RANKING;RAW;REGIME;SECTOR;TECHNICAL,bind_semantic_authority,SEMANTICALLY_EQUIVALENT_EVOLUTION,NO,AF2_16dafaae22f4a9f0,AF2_16dafaae22f4a9f0,app/services/ceri/sec/readiness_repair.py:schedule_sec_readiness_repair,NO,NO,NO,NONE; T16E phase5_regression PASS,"Certified Phase-7 T14D family ID and source proof; T16E phase5_regression=PASS_252_OF_252_CALLERS_220_OF_220_FAMILIES_ZERO_BYPASS; changed proof dimensions=authority_adapters,authority_branch_fingerprint,semantic_operation",CERTIFIED_EQUIVALENT
AF_ce350b6feeb50432,AF_0e238a5d8e56ab52,CERI;CERI_ALERT;CERI_CHANGE;CERI_SOURCE;COMBINED;CONFIGURATION;CURRENT_PROJECTION;FUNDAMENTAL;IBMI;IBMI_SOURCE;PIPELINE;PRICE;RANKING;RAW;REGIME;SECTOR;TECHNICAL,bind_semantic_authority,SEMANTICALLY_EQUIVALENT_EVOLUTION,NO,AF2_d302f8efa19b2ce8,AF2_d302f8efa19b2ce8,app/services/pipeline_service.py:resume_pipeline,NO,NO,NO,NONE; T16E phase5_regression PASS,"Certified Phase-7 T14D family ID and source proof; T16E phase5_regression=PASS_252_OF_252_CALLERS_220_OF_220_FAMILIES_ZERO_BYPASS; changed proof dimensions=authority_adapters,authority_branch_fingerprint,semantic_operation",CERTIFIED_EQUIVALENT
AF_716a8499b1e111d4,AF_b689a9046602b1e6,CERI;CERI_ALERT;CERI_CHANGE;CERI_SOURCE;COMBINED;CONFIGURATION;CURRENT_PROJECTION;FUNDAMENTAL;IBMI;IBMI_SOURCE;PIPELINE;PRICE;RANKING;RAW;REGIME;SECTOR;TECHNICAL,bind_semantic_authority,SEMANTICALLY_EQUIVALENT_EVOLUTION,NO,AF2_780d8fa7a171b099,AF2_780d8fa7a171b099,app/services/pipeline_service.py:enqueue_pipeline_after_sec_repair,NO,NO,NO,NONE; T16E phase5_regression PASS,"Certified Phase-7 T14D family ID and source proof; T16E phase5_regression=PASS_252_OF_252_CALLERS_220_OF_220_FAMILIES_ZERO_BYPASS; changed proof dimensions=authority_adapters,authority_branch_fingerprint,semantic_operation",CERTIFIED_EQUIVALENT
AF_28a02ef387a2cf02,AF_59fb09f190518de8,CONFIGURATION;CURRENT_PROJECTION;WINNER_COHORT;WINNER_GENERATION,bind_semantic_authority,SEMANTICALLY_EQUIVALENT_EVOLUTION,NO,AF2_9fefa3d377e4483a,AF2_9fefa3d377e4483a,app/services/winner_probability/cohort_refresh_planner.py:CohortRefreshPlanner.request_for_current_evidence,NO,NO,NO,NONE; T16E phase5_regression PASS,"Certified Phase-7 T14D family ID and source proof; T16E phase5_regression=PASS_252_OF_252_CALLERS_220_OF_220_FAMILIES_ZERO_BYPASS; changed proof dimensions=authority_adapters,authority_branch_fingerprint,semantic_operation",CERTIFIED_EQUIVALENT
AF_b10d4ec2fa456ce6,AF_99fe115c8a10cf78,CONFIGURATION;IBMI_SOURCE;PRICE,bind_semantic_authority,SEMANTICALLY_EQUIVALENT_EVOLUTION,NO,AF2_c35e0910339aaf6d,AF2_c35e0910339aaf6d,app/services/ib_fetch_job_service.py:submit_fetch_job,NO,NO,NO,NONE; T16E phase5_regression PASS,"Certified Phase-7 T14D family ID and source proof; T16E phase5_regression=PASS_252_OF_252_CALLERS_220_OF_220_FAMILIES_ZERO_BYPASS; changed proof dimensions=authority_adapters,authority_branch_fingerprint,semantic_operation",CERTIFIED_EQUIVALENT
AF_5e9c7f4b54deade3,AF_1ecf6fc6f825daea,CONFIGURATION;PRICE;WINNER_COHORT;WINNER_ESTIMATE;WINNER_OUTCOME;WINNER_PREDICTION,bind_semantic_authority,SEMANTICALLY_EQUIVALENT_EVOLUTION,NO,AF2_20baedd4ee840e40,AF2_20baedd4ee840e40,app/routers/winner_probability_routes.py:queue_winner_prediction_capture,NO,NO,NO,NONE; T16E phase5_regression PASS,"Certified Phase-7 T14D family ID and source proof; T16E phase5_regression=PASS_252_OF_252_CALLERS_220_OF_220_FAMILIES_ZERO_BYPASS; changed proof dimensions=authority_adapters,authority_branch_fingerprint,semantic_operation",CERTIFIED_EQUIVALENT
AF_acf7c620df460e47,AF_695486d0d01e65b1,IBMI_SOURCE;PRICE,bind_semantic_authority,SEMANTICALLY_EQUIVALENT_EVOLUTION,NO,AF2_28ea839203e9352b,AF2_28ea839203e9352b,app/services/market_data_prewarm_service.py:execute_market_data_prewarm,NO,NO,NO,NONE; T16E phase5_regression PASS,"Certified Phase-7 T14D family ID and source proof; T16E phase5_regression=PASS_252_OF_252_CALLERS_220_OF_220_FAMILIES_ZERO_BYPASS; changed proof dimensions=authority_adapters,authority_branch_fingerprint,error_mapping,semantic_operation",CERTIFIED_EQUIVALENT
AF_9701990a1bad3828,AF_c194fd2a7ed181c0,CERI_CHANGE,self._authority_tickers,SEMANTICALLY_EQUIVALENT_EVOLUTION,NO,AF2_af89199e0f4bbd44,AF2_af89199e0f4bbd44,app/services/ceri/change_rebuild_service.py:CeriChangeRebuildService.rebuild,NO,NO,NO,NONE; T16E phase5_regression PASS,"Certified Phase-7 T14D family ID and source proof; T16E phase5_regression=PASS_252_OF_252_CALLERS_220_OF_220_FAMILIES_ZERO_BYPASS; changed proof dimensions=authority_adapters,authority_branch_fingerprint,semantic_operation",CERTIFIED_EQUIVALENT
AF_12b1af5c47e18824,AF_f769903fbc131c00,CERI;CERI_ALERT;CERI_CHANGE;CERI_SOURCE;COMBINED;CONFIGURATION;CURRENT_PROJECTION;FUNDAMENTAL;IBMI;IBMI_SOURCE;PIPELINE;PRICE;RANKING;RAW;REGIME;SECTOR;TECHNICAL,validate_pipeline_job_market_context,SEMANTICALLY_EQUIVALENT_EVOLUTION,NO,AF2_6578c3e02c38e19a,AF2_6578c3e02c38e19a,app/services/background_worker.py:_execute_full_pipeline_job,NO,NO,NO,NONE; T16E phase5_regression PASS,"Certified Phase-7 T14D family ID and source proof; T16E phase5_regression=PASS_252_OF_252_CALLERS_220_OF_220_FAMILIES_ZERO_BYPASS; changed proof dimensions=authority_adapters,authority_branch_fingerprint,error_mapping",CERTIFIED_EQUIVALENT
AF_340358d7da156bbd,AF_774b1a4baa322c64,CERI;CERI_ALERT;CERI_CHANGE;CERI_SOURCE;COMBINED;CONFIGURATION;CURRENT_PROJECTION;FUNDAMENTAL;IBMI;IBMI_SOURCE;PIPELINE;PRICE;RANKING;RAW;REGIME;SECTOR;TECHNICAL,validate_same_authority,SEMANTICALLY_EQUIVALENT_EVOLUTION,NO,AF2_9bd9852190e602bf,AF2_9bd9852190e602bf,app/services/ceri/sec/readiness_repair.py:execute_sec_readiness_repair,NO,NO,NO,NONE; T16E phase5_regression PASS,"Certified Phase-7 T14D family ID and source proof; T16E phase5_regression=PASS_252_OF_252_CALLERS_220_OF_220_FAMILIES_ZERO_BYPASS; changed proof dimensions=authority_adapters,authority_branch_fingerprint,semantic_operation",CERTIFIED_EQUIVALENT
AF_406e161ff5c7157e,AF_7d901eb2286ae62c,IBMI_SOURCE;PRICE,validate_same_authority,SEMANTICALLY_EQUIVALENT_EVOLUTION,NO,AF2_c27294420440809c,AF2_c27294420440809c,app/services/ib_fetch_job_service.py:execute_durable_fetch_job,NO,NO,NO,NONE; T16E phase5_regression PASS,"Certified Phase-7 T14D family ID and source proof; T16E phase5_regression=PASS_252_OF_252_CALLERS_220_OF_220_FAMILIES_ZERO_BYPASS; changed proof dimensions=authority_adapters,authority_branch_fingerprint,error_mapping,semantic_operation",CERTIFIED_EQUIVALENT
AF_f4fe78539ca6b6d4,AF_44f84f22a471cd2f,PRICE;WINNER_COHORT;WINNER_ESTIMATE;WINNER_OUTCOME;WINNER_PREDICTION,validate_winner_handoff,SEMANTICALLY_EQUIVALENT_EVOLUTION,NO,AF2_816d2350d40932f4,AF2_816d2350d40932f4,app/services/winner_probability/capture_service.py:WinnerPredictionCaptureService.capture_run,NO,NO,NO,NONE; T16E phase5_regression PASS,"Certified Phase-7 T14D family ID and source proof; T16E phase5_regression=PASS_252_OF_252_CALLERS_220_OF_220_FAMILIES_ZERO_BYPASS; changed proof dimensions=authority_branch_fingerprint,error_mapping",CERTIFIED_EQUIVALENT
AF_680ae1fd6dda2a7d,AF_a9ea1ba926a3cbe9,ALERT_DECISION;CERI;CERI_ALERT;CERI_CHANGE;CERI_REVIEW;CERI_SOURCE;COMBINED;CONFIGURATION;CURRENT_PROJECTION;FUNDAMENTAL;IBMI;IBMI_SOURCE;LIFECYCLE_EVALUATION;LIFECYCLE_TRANSITION;PIPELINE;PRICE;RANKING;RAW;REGIME;SECTOR;SETUP;TECHNICAL;TRADE_JOURNAL;WINNER_COHORT;WINNER_DIAGNOSTICS;WINNER_ESTIMATE;WINNER_GENERATION;WINNER_MODEL;WINNER_OUTCOME;WINNER_PREDICTION;WINNER_PUBLICATION,scripts/ops/restore_postgres.ps1:script,IDENTITY_ONLY_DRIFT,NO,AF2_c4d4a8cd1d350096,AF2_c4d4a8cd1d350096,scripts/ops/restore_postgres.ps1,NO,NO,NO,NONE,"Same committed restore script at Phase-5 and terminal main; legacy whole-file hash is Git core.autocrlf=true checkout, current proof is committed blob; membership and all other authority-equivalence dimensions unchanged",CERTIFIED_EQUIVALENT
AF_c9fbb19d81e255f5,AF_bbb558d96e7418d9,CERI;COMBINED;CURRENT_PROJECTION;FUNDAMENTAL;IBMI;RANKING;REGIME;SECTOR;TECHNICAL,app/services/market_regime_command_center.py:MarketRegimeCommandCenterService.build_snapshot,SEMANTICALLY_EQUIVALENT_EVOLUTION,NO,AF2_0fc0ee6c3a50a8f9,AF2_0fc0ee6c3a50a8f9,app/services/market_regime_command_center.py:MarketRegimeCommandCenterService.build_snapshot;app/services/pipeline_executor.py:build_market_regime_snapshot_for_run,NO,NO,NO,NONE; T16E phase5_regression PASS,Certified Phase-7 T14D family ID and source proof; T16E phase5_regression=PASS_252_OF_252_CALLERS_220_OF_220_FAMILIES_ZERO_BYPASS; changed proof dimensions=authority_branch_fingerprint,CERTIFIED_EQUIVALENT
AF_2a994a0af005cc70,AF_466f718fc96282a9,CERI;COMBINED;CURRENT_PROJECTION;FUNDAMENTAL;IBMI;RANKING;REGIME;SECTOR;TECHNICAL,app/services/sector_rotation_service.py:build_sector_rotation_snapshot,SEMANTICALLY_EQUIVALENT_EVOLUTION,NO,AF2_b7fa712c937a57cd,AF2_b7fa712c937a57cd,app/services/pipeline_executor.py:build_sector_rotation_snapshot_for_run;app/services/sector_rotation_service.py:SectorRotationService.build_sector_rotation_snapshot;app/services/sector_rotation_service.py:build_sector_rotation_snapshot,NO,NO,NO,NONE; T16E phase5_regression PASS,Certified Phase-7 T14D family ID and source proof; T16E phase5_regression=PASS_252_OF_252_CALLERS_220_OF_220_FAMILIES_ZERO_BYPASS; changed proof dimensions=authority_branch_fingerprint,CERTIFIED_EQUIVALENT
AF_be5ed7d8ee0c3e0c,AF_efecf5419500e7cf,ALERT_DECISION;CERI;COMBINED;CURRENT_PROJECTION;FUNDAMENTAL;IBMI;LIFECYCLE_EVALUATION;LIFECYCLE_TRANSITION;RANKING;REGIME;SECTOR;SETUP;TECHNICAL,app/services/setup_lifecycle/snapshot_builder.py:SetupLifecycleSnapshotCaptureService.capture_snapshots_for_run,SEMANTICALLY_EQUIVALENT_EVOLUTION,NO,AF2_fe26adecb5b81dc4,AF2_fe26adecb5b81dc4,app/services/setup_lifecycle/snapshot_builder.py:SetupLifecycleSnapshotCaptureService.capture_snapshots_for_run;app/services/setup_lifecycle/snapshot_builder.py:capture_snapshots_for_run,NO,NO,NO,NONE; T16E phase5_regression PASS,"Certified Phase-7 T14D family ID and source proof; T16E phase5_regression=PASS_252_OF_252_CALLERS_220_OF_220_FAMILIES_ZERO_BYPASS; changed proof dimensions=authority_branch_fingerprint,error_mapping",CERTIFIED_EQUIVALENT
AF_d820556d1ae5ed79,AF_b2844c503b249d37,CERI_ALERT,app/routers/ceri_routes.py:acknowledge_ceri_alert,SEMANTICALLY_EQUIVALENT_EVOLUTION,NO,AF2_36371d7fe0af1d4a,AF2_36371d7fe0af1d4a,app/routers/ceri_routes.py:acknowledge_ceri_alert,NO,NO,NO,NONE; T16E phase5_regression PASS,Certified Phase-7 T14D family ID and source proof; T16E phase5_regression=PASS_252_OF_252_CALLERS_220_OF_220_FAMILIES_ZERO_BYPASS; changed proof dimensions=authority_branch_fingerprint,CERTIFIED_EQUIVALENT
AF_067a8748f9b566db,AF_cdd7cda49eb8762b,CERI_ALERT,app/routers/ceri_routes.py:dismiss_ceri_alert,SEMANTICALLY_EQUIVALENT_EVOLUTION,NO,AF2_5e26d1abc7a83cda,AF2_5e26d1abc7a83cda,app/routers/ceri_routes.py:dismiss_ceri_alert,NO,NO,NO,NONE; T16E phase5_regression PASS,Certified Phase-7 T14D family ID and source proof; T16E phase5_regression=PASS_252_OF_252_CALLERS_220_OF_220_FAMILIES_ZERO_BYPASS; changed proof dimensions=authority_branch_fingerprint,CERTIFIED_EQUIVALENT
AF_96e16ab5d534d787,AF_2503b231356e1981,CERI;CERI_ALERT;CERI_CHANGE;CERI_SOURCE;COMBINED;CONFIGURATION;CURRENT_PROJECTION;FUNDAMENTAL;IBMI;RANKING;REGIME;SECTOR;TECHNICAL,app/routers/ceri_routes.py:execute_ceri_purge,SEMANTICALLY_EQUIVALENT_EVOLUTION,NO,AF2_2892f9e99b06268a,AF2_2892f9e99b06268a,app/routers/ceri_routes.py:execute_ceri_purge,NO,NO,NO,NONE; T16E phase5_regression PASS,Certified Phase-7 T14D family ID and source proof; T16E phase5_regression=PASS_252_OF_252_CALLERS_220_OF_220_FAMILIES_ZERO_BYPASS; changed proof dimensions=authority_branch_fingerprint,CERTIFIED_EQUIVALENT
AF_9e7c96e49e560f39,AF_85abfb2fa02d6161,CONFIGURATION,app/routers/ceri_routes.py:preview_ceri_purge,SEMANTICALLY_EQUIVALENT_EVOLUTION,NO,AF2_6db4f2986f7f0042,AF2_6db4f2986f7f0042,app/routers/ceri_routes.py:preview_ceri_purge,NO,NO,NO,NONE; T16E phase5_regression PASS,Certified Phase-7 T14D family ID and source proof; T16E phase5_regression=PASS_252_OF_252_CALLERS_220_OF_220_FAMILIES_ZERO_BYPASS; changed proof dimensions=authority_branch_fingerprint,CERTIFIED_EQUIVALENT
AF_115d96e06b53d868,AF_38f1f15b4d6076f0,CERI;CERI_ALERT;CERI_CHANGE;CERI_SOURCE;COMBINED;CONFIGURATION;CURRENT_PROJECTION;FUNDAMENTAL;IBMI;RANKING;REGIME;SECTOR;TECHNICAL,app/routers/ceri_routes.py:recalculate_ceri,SEMANTICALLY_EQUIVALENT_EVOLUTION,NO,AF2_6aafdad459781528,AF2_6aafdad459781528,app/routers/ceri_routes.py:recalculate_ceri,NO,NO,NO,NONE; T16E phase5_regression PASS,Certified Phase-7 T14D family ID and source proof; T16E phase5_regression=PASS_252_OF_252_CALLERS_220_OF_220_FAMILIES_ZERO_BYPASS; changed proof dimensions=authority_branch_fingerprint,CERTIFIED_EQUIVALENT
AF_5a6fb20c20bcd27d,AF_1d08c26b9b3e2379,CERI;CERI_ALERT;CERI_CHANGE;CERI_SOURCE;COMBINED;CONFIGURATION;CURRENT_PROJECTION;FUNDAMENTAL;IBMI;RANKING;REGIME;SECTOR;TECHNICAL,app/routers/ceri_routes.py:reprocess_ceri,SEMANTICALLY_EQUIVALENT_EVOLUTION,NO,AF2_d7177d195caf0172,AF2_d7177d195caf0172,app/routers/ceri_routes.py:reprocess_ceri,NO,NO,NO,NONE; T16E phase5_regression PASS,Certified Phase-7 T14D family ID and source proof; T16E phase5_regression=PASS_252_OF_252_CALLERS_220_OF_220_FAMILIES_ZERO_BYPASS; changed proof dimensions=authority_branch_fingerprint,CERTIFIED_EQUIVALENT
AF_7d01bd8d0c79aef5,AF_e444cc1ad2f15cc3,CONFIGURATION;CURRENT_PROJECTION;WINNER_COHORT;WINNER_GENERATION,app/routers/winner_probability_routes.py:queue_winner_cohort_refresh,SEMANTICALLY_EQUIVALENT_EVOLUTION,NO,AF2_0bc0e2fa3c3f1db7,AF2_0bc0e2fa3c3f1db7,app/routers/winner_probability_routes.py:queue_winner_cohort_refresh,NO,NO,NO,NONE; T16E phase5_regression PASS,"Certified Phase-7 T14D family ID and source proof; T16E phase5_regression=PASS_252_OF_252_CALLERS_220_OF_220_FAMILIES_ZERO_BYPASS; changed proof dimensions=authority_branch_fingerprint,error_mapping",CERTIFIED_EQUIVALENT
AF_d07e72b38c67920a,AF_8e42b0d21449083c,CONFIGURATION;CURRENT_PROJECTION;WINNER_COHORT;WINNER_GENERATION;WINNER_OUTCOME;WINNER_PREDICTION,app/routers/winner_probability_routes.py:queue_winner_outcome_maturation,SEMANTICALLY_EQUIVALENT_EVOLUTION,NO,AF2_d8d3826dc4a333e8,AF2_d8d3826dc4a333e8,app/routers/winner_probability_routes.py:queue_winner_outcome_maturation,NO,NO,NO,NONE; T16E phase5_regression PASS,Certified Phase-7 T14D family ID and source proof; T16E phase5_regression=PASS_252_OF_252_CALLERS_220_OF_220_FAMILIES_ZERO_BYPASS; changed proof dimensions=authority_branch_fingerprint,CERTIFIED_EQUIVALENT
AF_1cd27dbd744bcd3c,AF_7dc629ba3a10f275,WINNER_MODEL,app/routers/winner_probability_routes.py:retire_winner_probability_model,SEMANTICALLY_EQUIVALENT_EVOLUTION,NO,AF2_281b3b13907a376e,AF2_281b3b13907a376e,app/routers/winner_probability_routes.py:retire_winner_probability_model,NO,NO,NO,NONE; T16E phase5_regression PASS,Certified Phase-7 T14D family ID and source proof; T16E phase5_regression=PASS_252_OF_252_CALLERS_220_OF_220_FAMILIES_ZERO_BYPASS; changed proof dimensions=authority_branch_fingerprint,CERTIFIED_EQUIVALENT
AF_9d1dded0f09d080d,AF_30bbe553db5f66d0,CERI;CERI_ALERT;CERI_CHANGE;CERI_SOURCE;COMBINED;CONFIGURATION;CURRENT_PROJECTION;FUNDAMENTAL;IBMI;IBMI_SOURCE;PIPELINE;PRICE;RANKING;RAW;REGIME;SECTOR;TECHNICAL,app/services/background_worker.py:_execute_sec_readiness_repair_job,SEMANTICALLY_EQUIVALENT_EVOLUTION,NO,AF2_49e03d2d422375c1,AF2_49e03d2d422375c1,app/services/background_worker.py:_execute_sec_readiness_repair_job,NO,NO,NO,NONE; T16E phase5_regression PASS,Certified Phase-7 T14D family ID and source proof; T16E phase5_regression=PASS_252_OF_252_CALLERS_220_OF_220_FAMILIES_ZERO_BYPASS; changed proof dimensions=authority_branch_fingerprint,CERTIFIED_EQUIVALENT
AF_8105d58ab0795c25,AF_5fd5e24254fb59c6,CONFIGURATION;CURRENT_PROJECTION;PIPELINE;WINNER_COHORT;WINNER_GENERATION;WINNER_OUTCOME;WINNER_PREDICTION,app/services/background_worker.py:run_worker_once,SEMANTICALLY_EQUIVALENT_EVOLUTION,NO,AF2_f77e0c1d7e7f3ae1,AF2_f77e0c1d7e7f3ae1,app/services/background_worker.py:run_worker_once,NO,NO,NO,NONE; T16E phase5_regression PASS,Certified Phase-7 T14D family ID and source proof; T16E phase5_regression=PASS_252_OF_252_CALLERS_220_OF_220_FAMILIES_ZERO_BYPASS; changed proof dimensions=authority_branch_fingerprint,CERTIFIED_EQUIVALENT
AF_61d58568e4195b40,AF_ed1e56146adbba38,CERI_SOURCE,app/services/ceri/backfill_service.py:CeriBackfillService.run,SEMANTICALLY_EQUIVALENT_EVOLUTION,NO,AF2_795cce49f49ea01f,AF2_795cce49f49ea01f,app/services/ceri/backfill_service.py:CeriBackfillService.run,NO,NO,NO,NONE; T16E phase5_regression PASS,Certified Phase-7 T14D family ID and source proof; T16E phase5_regression=PASS_252_OF_252_CALLERS_220_OF_220_FAMILIES_ZERO_BYPASS; changed proof dimensions=authority_branch_fingerprint,CERTIFIED_EQUIVALENT
AF_e7cf2bc4f3753200,AF_de9df6f26fc55c5c,CERI_SOURCE,app/services/ceri/orchestration.py:CeriIngestionService.ingest,SEMANTICALLY_EQUIVALENT_EVOLUTION,NO,AF2_7bd2baa39d879151,AF2_7bd2baa39d879151,app/services/ceri/orchestration.py:CeriIngestionService.ingest,NO,NO,NO,NONE; T16E phase5_regression PASS,Certified Phase-7 T14D family ID and source proof; T16E phase5_regression=PASS_252_OF_252_CALLERS_220_OF_220_FAMILIES_ZERO_BYPASS; changed proof dimensions=authority_branch_fingerprint,CERTIFIED_EQUIVALENT
AF_d73a851801393e18,AF_b5a618f5b5aa8f90,PIPELINE,app/services/ceri/sec/readiness_repair.py:mark_sec_repair_failure,SEMANTICALLY_EQUIVALENT_EVOLUTION,NO,AF2_e7bc97cfdb1a6c51,AF2_e7bc97cfdb1a6c51,app/services/ceri/sec/readiness_repair.py:mark_sec_repair_failure,NO,NO,NO,NONE; T16E phase5_regression PASS,Certified Phase-7 T14D family ID and source proof; T16E phase5_regression=PASS_252_OF_252_CALLERS_220_OF_220_FAMILIES_ZERO_BYPASS; changed proof dimensions=authority_branch_fingerprint,CERTIFIED_EQUIVALENT
AF_ebf8b7a7c8d302b6,AF_937a6a2c294bd898,CERI_SOURCE,app/services/ceri/surprise_feature_service.py:CeriSurpriseFeatureService.summarize,SEMANTICALLY_EQUIVALENT_EVOLUTION,NO,AF2_3d75b64cbc465a59,AF2_3d75b64cbc465a59,app/services/ceri/surprise_feature_service.py:CeriSurpriseFeatureService.summarize,NO,NO,NO,NONE; T16E phase5_regression PASS,Certified Phase-7 T14D family ID and source proof; T16E phase5_regression=PASS_252_OF_252_CALLERS_220_OF_220_FAMILIES_ZERO_BYPASS; changed proof dimensions=authority_branch_fingerprint,CERTIFIED_EQUIVALENT
AF_23acb094fb6bb85b,AF_c4381a5bb0cf6dec,IBMI_SOURCE;PRICE,app/services/market_data_prewarm_service.py:execute_market_data_prewarm_job,SEMANTICALLY_EQUIVALENT_EVOLUTION,NO,AF2_4282d145178e07dd,AF2_4282d145178e07dd,app/services/market_data_prewarm_service.py:execute_market_data_prewarm_job,NO,NO,NO,NONE; T16E phase5_regression PASS,Certified Phase-7 T14D family ID and source proof; T16E phase5_regression=PASS_252_OF_252_CALLERS_220_OF_220_FAMILIES_ZERO_BYPASS; changed proof dimensions=authority_branch_fingerprint,CERTIFIED_EQUIVALENT
AF_c98f72cea721cc6e,AF_70e5e130cc9cccd8,PIPELINE,app/services/pipeline_service.py:cancel_pipeline,SEMANTICALLY_EQUIVALENT_EVOLUTION,NO,AF2_fda1ae87c5d169d9,AF2_fda1ae87c5d169d9,app/services/pipeline_service.py:cancel_pipeline,NO,NO,NO,NONE; T16E phase5_regression PASS,Certified Phase-7 T14D family ID and source proof; T16E phase5_regression=PASS_252_OF_252_CALLERS_220_OF_220_FAMILIES_ZERO_BYPASS; changed proof dimensions=authority_branch_fingerprint,CERTIFIED_EQUIVALENT
AF_c50125e35a796880,AF_d012363068c1e5e9,PIPELINE,app/services/pipeline_service.py:mark_pipeline_job_failure,SEMANTICALLY_EQUIVALENT_EVOLUTION,NO,AF2_2890a2cb1ee5fb70,AF2_2890a2cb1ee5fb70,app/services/pipeline_service.py:mark_pipeline_job_failure,NO,NO,NO,NONE; T16E phase5_regression PASS,Certified Phase-7 T14D family ID and source proof; T16E phase5_regression=PASS_252_OF_252_CALLERS_220_OF_220_FAMILIES_ZERO_BYPASS; changed proof dimensions=authority_branch_fingerprint,CERTIFIED_EQUIVALENT
AF_9f421f6c2c6dc73f,AF_2b6a77bfa40ea9cc,CONFIGURATION;CURRENT_PROJECTION;WINNER_COHORT;WINNER_GENERATION,app/services/winner_probability/job_handlers.py:WinnerCohortRefreshService.refresh_cohorts,SEMANTICALLY_EQUIVALENT_EVOLUTION,NO,AF2_199228a93c21eefc,AF2_199228a93c21eefc,app/services/winner_probability/job_handlers.py:WinnerCohortRefreshService.refresh_cohorts,NO,NO,NO,NONE; T16E phase5_regression PASS,"Certified Phase-7 T14D family ID and source proof; T16E phase5_regression=PASS_252_OF_252_CALLERS_220_OF_220_FAMILIES_ZERO_BYPASS; changed proof dimensions=authority_branch_fingerprint,error_mapping",CERTIFIED_EQUIVALENT
AF_181b495253d9c9f3,AF_bb97334a03d24dda,WINNER_OUTCOME;WINNER_PREDICTION,app/services/winner_probability/outcome_orchestration_service.py:H5NextOpenOrchestrationService.drain_due,SEMANTICALLY_EQUIVALENT_EVOLUTION,NO,AF2_c16578e8f9627a09,AF2_c16578e8f9627a09,app/services/winner_probability/outcome_orchestration_service.py:H5NextOpenOrchestrationService.drain_due,NO,NO,NO,NONE; T16E phase5_regression PASS,Certified Phase-7 T14D family ID and source proof; T16E phase5_regression=PASS_252_OF_252_CALLERS_220_OF_220_FAMILIES_ZERO_BYPASS; changed proof dimensions=authority_branch_fingerprint,CERTIFIED_EQUIVALENT
