snapshot_id,evaluation_run_id,run_id,ticker,calculated_at,expected_latest_completed_session,data_as_of_date,excess_trading_sessions,price_bar_id
25614,163,96,MOG.A,2026-08-12T02:29:41.735664+02:00,2026-08-11,2026-08-12,1,
25758,165,97,ONTO,2026-08-12T22:08:13.455975+02:00,2026-08-11,2026-08-12,1,1996720
25759,165,97,JBL,2026-08-12T22:08:13.462999+02:00,2026-08-11,2026-08-12,1,1998224
25760,165,97,CVI,2026-08-12T22:08:13.468524+02:00,2026-08-11,2026-08-12,1,1999728
25761,165,97,AEIS,2026-08-12T22:08:13.474480+02:00,2026-08-11,2026-08-12,1,1999734
25780,165,97,RELY,2026-08-12T22:08:13.581072+02:00,2026-08-11,2026-08-12,1,1999740
25785,165,97,MOG.A,2026-08-12T22:08:13.608648+02:00,2026-08-11,2026-08-12,1,
25795,165,97,COLB,2026-08-12T22:08:13.666996+02:00,2026-08-11,2026-08-12,1,1999768
25803,165,97,DCOM,2026-08-12T22:08:13.718320+02:00,2026-08-11,2026-08-12,1,1999774
25805,165,97,AGNC,2026-08-12T22:08:13.731389+02:00,2026-08-11,2026-08-12,1,1999780
25807,165,97,AUB,2026-08-12T22:08:13.743583+02:00,2026-08-11,2026-08-12,1,1999788
25810,165,97,INDB,2026-08-12T22:08:13.760184+02:00,2026-08-11,2026-08-12,1,1999798
25811,165,97,FFBC,2026-08-12T22:08:13.765003+02:00,2026-08-11,2026-08-12,1,1999808
25817,165,97,PKG,2026-08-12T22:08:13.800188+02:00,2026-08-11,2026-08-12,1,1999812
25819,165,97,HG,2026-08-12T22:08:13.810306+02:00,2026-08-11,2026-08-12,1,1999818
25825,165,97,HBAN,2026-08-12T22:08:13.843253+02:00,2026-08-11,2026-08-12,1,1999848
25826,165,97,CNOB,2026-08-12T22:08:13.848420+02:00,2026-08-11,2026-08-12,1,1999854
25831,165,97,LITE,2026-08-12T22:08:13.875852+02:00,2026-08-11,2026-08-12,1,1999860
25851,165,97,CCEP,2026-08-12T22:08:13.989799+02:00,2026-08-11,2026-08-12,1,1999866
25857,165,97,WTS,2026-08-12T22:08:14.034772+02:00,2026-08-11,2026-08-12,1,1999870
25881,165,97,SCHW,2026-08-12T22:08:14.184219+02:00,2026-08-11,2026-08-12,1,1999876
25888,165,97,ROKU,2026-08-12T22:08:14.224330+02:00,2026-08-11,2026-08-12,1,1999886
25893,165,97,DAR,2026-08-12T22:08:14.250691+02:00,2026-08-11,2026-08-12,1,1999890
25900,165,97,ROST,2026-08-12T22:08:14.290409+02:00,2026-08-11,2026-08-12,1,1999900
25901,165,97,SHOO,2026-08-12T22:08:14.294624+02:00,2026-08-11,2026-08-12,1,1999904
25902,165,97,NVEC,2026-08-12T22:08:14.299624+02:00,2026-08-11,2026-08-12,1,2001408
25912,165,97,AMZN,2026-08-12T22:08:14.356224+02:00,2026-08-11,2026-08-12,1,2001412
25914,165,97,TPR,2026-08-12T22:08:14.391452+02:00,2026-08-11,2026-08-12,1,2001422
25915,165,97,CON,2026-08-12T22:08:14.400548+02:00,2026-08-11,2026-08-12,1,2001426
25916,165,97,MAX,2026-08-12T22:08:14.408651+02:00,2026-08-11,2026-08-12,1,2002930
25918,165,97,FERG,2026-08-12T22:08:14.420704+02:00,2026-08-11,2026-08-12,1,2002936
26343,169,99,MOG.A,2026-08-13T04:49:08.030884+02:00,2026-08-12,2026-08-13,1,
26544,171,97,MOG.A,2026-08-13T17:04:38.438725+02:00,2026-08-12,2026-08-13,1,
26704,173,101,MOG.A,2026-08-13T17:17:02.841588+02:00,2026-08-12,2026-08-13,1,
27002,175,102,MOG.A,2026-08-14T00:46:57.985536+02:00,2026-08-13,2026-08-14,1,
27303,177,103,MOG.A,2026-08-14T03:26:13.740436+02:00,2026-08-13,2026-08-14,1,
27622,179,104,MOG.A,2026-08-14T04:34:27.118515+02:00,2026-08-13,2026-08-14,1,
27994,183,106,MOG.A,2026-08-15T01:22:24.230015+02:00,2026-08-14,2026-08-15,0,
28056,185,107,OCC,2026-08-15T03:17:29.445292+02:00,2026-08-14,2026-08-15,0,
28064,185,107,MPTI,2026-08-15T03:17:29.488328+02:00,2026-08-14,2026-08-15,0,
28070,185,107,MOG.A,2026-08-15T03:17:29.524716+02:00,2026-08-14,2026-08-15,0,
28277,187,108,ROG,2026-08-15T04:07:10.203206+02:00,2026-08-14,2026-08-15,0,
28318,187,108,MOG.A,2026-08-15T04:07:10.491204+02:00,2026-08-14,2026-08-15,0,
28339,187,108,NU,2026-08-15T04:07:10.635205+02:00,2026-08-14,2026-08-15,0,
28355,187,108,VC,2026-08-15T04:07:10.747204+02:00,2026-08-14,2026-08-15,0,
28425,187,108,CGON,2026-08-15T04:07:11.206777+02:00,2026-08-14,2026-08-15,0,
28459,187,108,GNW,2026-08-15T04:07:11.393776+02:00,2026-08-14,2026-08-15,0,
28513,187,108,TBBB,2026-08-15T04:07:11.700787+02:00,2026-08-14,2026-08-15,0,
28518,187,108,JJSF,2026-08-15T04:07:11.731780+02:00,2026-08-14,2026-08-15,0,
28671,187,108,OWL,2026-08-15T04:07:12.609427+02:00,2026-08-14,2026-08-15,0,
28724,189,109,MOG.A,2026-08-15T04:30:56.862226+02:00,2026-08-14,2026-08-15,0,
28972,191,110,MOG.A,2026-08-15T05:07:47.237116+02:00,2026-08-14,2026-08-15,0,
29413,193,111,MOG.A,2026-08-18T00:03:27.693068+02:00,2026-08-17,2026-08-18,1,
29731,195,112,MOG.A,2026-08-18T00:54:17.803237+02:00,2026-08-17,2026-08-18,1,
30284,199,119,MOG.A,2026-08-20T13:28:29.251817+02:00,2026-08-19,2026-08-20,1,
30324,201,120,CVX,2026-08-20T17:26:12.197755+02:00,2026-08-19,2026-08-20,1,2101614
30325,201,120,CORT,2026-08-20T17:26:12.243752+02:00,2026-08-19,2026-08-20,1,2101620
30326,201,120,CRGY,2026-08-20T17:26:12.263756+02:00,2026-08-19,2026-08-20,1,2101626
30327,201,120,IDYA,2026-08-20T17:26:12.279755+02:00,2026-08-19,2026-08-20,1,2101632
30328,201,120,GILD,2026-08-20T17:26:12.298756+02:00,2026-08-19,2026-08-20,1,2101638
30329,201,120,DASH,2026-08-20T17:26:12.316753+02:00,2026-08-19,2026-08-20,1,2101644
30330,201,120,ELV,2026-08-20T17:26:12.333756+02:00,2026-08-19,2026-08-20,1,2101652
30331,201,120,AM,2026-08-20T17:26:12.349757+02:00,2026-08-19,2026-08-20,1,2101660
30334,201,120,PCG,2026-08-20T17:26:12.404785+02:00,2026-08-19,2026-08-20,1,2101668
30335,201,120,SUPN,2026-08-20T17:26:12.426778+02:00,2026-08-19,2026-08-20,1,2103172
30337,201,120,TRGP,2026-08-20T17:26:12.467753+02:00,2026-08-19,2026-08-20,1,2103178
30338,201,120,AXGN,2026-08-20T17:26:12.484752+02:00,2026-08-19,2026-08-20,1,2104682
30339,201,120,TILE,2026-08-20T17:26:12.547820+02:00,2026-08-19,2026-08-20,1,2104688
30340,201,120,MSI,2026-08-20T17:26:12.565819+02:00,2026-08-19,2026-08-20,1,2104694
30341,201,120,SAIC,2026-08-20T17:26:12.579815+02:00,2026-08-19,2026-08-20,1,2104700
30342,201,120,LMT,2026-08-20T17:26:12.598817+02:00,2026-08-19,2026-08-20,1,2104706
30343,201,120,UGI,2026-08-20T17:26:12.615816+02:00,2026-08-19,2026-08-20,1,2106210
30344,201,120,COP,2026-08-20T17:26:12.633344+02:00,2026-08-19,2026-08-20,1,2106216
30346,201,120,OVV,2026-08-20T17:26:12.667345+02:00,2026-08-19,2026-08-20,1,2106222
30347,201,120,LKNCY,2026-08-20T17:26:12.680345+02:00,2026-08-19,2026-08-20,1,2106228
30348,201,120,TARS,2026-08-20T17:26:12.692344+02:00,2026-08-19,2026-08-20,1,2107732
30350,201,120,DINO,2026-08-20T17:26:12.731348+02:00,2026-08-19,2026-08-20,1,2107738
30352,201,120,NHC,2026-08-20T17:26:12.771369+02:00,2026-08-19,2026-08-20,1,2107744
30356,201,120,SPOT,2026-08-20T17:26:12.855378+02:00,2026-08-19,2026-08-20,1,2109248
30357,201,120,BMY,2026-08-20T17:26:12.879346+02:00,2026-08-19,2026-08-20,1,2109254
30358,201,120,PK,2026-08-20T17:26:12.937355+02:00,2026-08-19,2026-08-20,1,2109260
30359,201,120,SLG,2026-08-20T17:26:12.953358+02:00,2026-08-19,2026-08-20,1,2109266
30360,201,120,SBLK,2026-08-20T17:26:12.978350+02:00,2026-08-19,2026-08-20,1,2109272
30361,201,120,OXY,2026-08-20T17:26:13.000351+02:00,2026-08-19,2026-08-20,1,2109278
30363,201,120,LPG,2026-08-20T17:26:13.042353+02:00,2026-08-19,2026-08-20,1,2109284
30364,201,120,PFE,2026-08-20T17:26:13.063905+02:00,2026-08-19,2026-08-20,1,2109290
30365,201,120,MTDR,2026-08-20T17:26:13.077944+02:00,2026-08-19,2026-08-20,1,2109296
30366,201,120,SRRK,2026-08-20T17:26:13.096502+02:00,2026-08-19,2026-08-20,1,2109302
30367,201,120,ICUI,2026-08-20T17:26:13.109501+02:00,2026-08-19,2026-08-20,1,2109308
30368,201,120,ICE,2026-08-20T17:26:13.124537+02:00,2026-08-19,2026-08-20,1,2109316
30369,201,120,ZBH,2026-08-20T17:26:13.141505+02:00,2026-08-19,2026-08-20,1,2109322
30371,201,120,DT,2026-08-20T17:26:13.171501+02:00,2026-08-19,2026-08-20,1,2109330
30372,201,120,MORN,2026-08-20T17:26:13.182500+02:00,2026-08-19,2026-08-20,1,2109336
30373,201,120,DXCM,2026-08-20T17:26:13.197105+02:00,2026-08-19,2026-08-20,1,2109342
30374,201,120,SOLV,2026-08-20T17:26:13.214095+02:00,2026-08-19,2026-08-20,1,2109348
30375,201,120,SPSC,2026-08-20T17:26:13.232093+02:00,2026-08-19,2026-08-20,1,2109354
30376,201,120,EAT,2026-08-20T17:26:13.249093+02:00,2026-08-19,2026-08-20,1,2109362
30377,201,120,ESNT,2026-08-20T17:26:13.268090+02:00,2026-08-19,2026-08-20,1,2109368
30378,201,120,KNTK,2026-08-20T17:26:13.283089+02:00,2026-08-19,2026-08-20,1,2109374
30379,201,120,MD,2026-08-20T17:26:13.302092+02:00,2026-08-19,2026-08-20,1,2109380
30380,201,120,IRON,2026-08-20T17:26:13.318090+02:00,2026-08-19,2026-08-20,1,2109386
30381,201,120,EXPO,2026-08-20T17:26:13.342098+02:00,2026-08-19,2026-08-20,1,2109394
30382,201,120,TNET,2026-08-20T17:26:13.357127+02:00,2026-08-19,2026-08-20,1,2109402
30384,201,120,NWS,2026-08-20T17:26:13.395116+02:00,2026-08-19,2026-08-20,1,2109408
30386,201,120,TVTX,2026-08-20T17:26:13.434092+02:00,2026-08-19,2026-08-20,1,2109414
30387,201,120,ADUS,2026-08-20T17:26:13.450094+02:00,2026-08-19,2026-08-20,1,2109422
30389,201,120,FRO,2026-08-20T17:26:13.491116+02:00,2026-08-19,2026-08-20,1,2109428
30391,201,120,PTEN,2026-08-20T17:26:13.527687+02:00,2026-08-19,2026-08-20,1,2109434
30392,201,120,PR,2026-08-20T17:26:13.548657+02:00,2026-08-19,2026-08-20,1,2109440
30393,201,120,CHRD,2026-08-20T17:26:13.563782+02:00,2026-08-19,2026-08-20,1,2109446
30394,201,120,TALO,2026-08-20T17:26:13.576179+02:00,2026-08-19,2026-08-20,1,2109452
30395,201,120,MTN,2026-08-20T17:26:13.586179+02:00,2026-08-19,2026-08-20,1,2109470
30396,201,120,FDS,2026-08-20T17:26:13.597180+02:00,2026-08-19,2026-08-20,1,2109476
30398,201,120,HRMY,2026-08-20T17:26:13.626211+02:00,2026-08-19,2026-08-20,1,2109482
30399,201,120,MTCH,2026-08-20T17:26:13.637200+02:00,2026-08-19,2026-08-20,1,2109506
30400,201,120,EXLS,2026-08-20T17:26:13.657183+02:00,2026-08-19,2026-08-20,1,2109512
30401,201,120,ROIV,2026-08-20T17:26:13.666175+02:00,2026-08-19,2026-08-20,1,2109518
30404,201,120,BLK,2026-08-20T17:26:13.700177+02:00,2026-08-19,2026-08-20,1,2109524
30405,201,120,ERIE,2026-08-20T17:26:13.715181+02:00,2026-08-19,2026-08-20,1,2111028
30406,201,120,LYB,2026-08-20T17:26:13.731182+02:00,2026-08-19,2026-08-20,1,2111034
30407,201,120,CAH,2026-08-20T17:26:13.749253+02:00,2026-08-19,2026-08-20,1,2111040
30408,201,120,JJSF,2026-08-20T17:26:13.768703+02:00,2026-08-19,2026-08-20,1,2111046
30410,201,120,TGT,2026-08-20T17:26:13.802226+02:00,2026-08-19,2026-08-20,1,2111052
30411,201,120,SM,2026-08-20T17:26:13.822243+02:00,2026-08-19,2026-08-20,1,2111058
30412,201,120,TRUP,2026-08-20T17:26:13.834223+02:00,2026-08-19,2026-08-20,1,2112562
30413,201,120,STRA,2026-08-20T17:26:13.856250+02:00,2026-08-19,2026-08-20,1,2112570
30415,201,120,MDLZ,2026-08-20T17:26:13.884220+02:00,2026-08-19,2026-08-20,1,2112578
30416,201,120,COO,2026-08-20T17:26:13.901223+02:00,2026-08-19,2026-08-20,1,2112584
30417,201,120,APD,2026-08-20T17:26:13.916220+02:00,2026-08-19,2026-08-20,1,2112592
30418,201,120,EHC,2026-08-20T17:26:13.932222+02:00,2026-08-19,2026-08-20,1,2112598
30420,201,120,AVY,2026-08-20T17:26:13.966223+02:00,2026-08-19,2026-08-20,1,2112604
30421,201,120,BBY,2026-08-20T17:26:13.982223+02:00,2026-08-19,2026-08-20,1,2112610
30422,201,120,RLI,2026-08-20T17:26:13.999224+02:00,2026-08-19,2026-08-20,1,2112618
30424,201,120,BBIO,2026-08-20T17:26:14.031761+02:00,2026-08-19,2026-08-20,1,2112630
30425,201,120,CGON,2026-08-20T17:26:14.045759+02:00,2026-08-19,2026-08-20,1,2112636
30427,201,120,MAN,2026-08-20T17:26:14.075352+02:00,2026-08-19,2026-08-20,1,2112642
30428,201,120,DLTR,2026-08-20T17:26:14.084342+02:00,2026-08-19,2026-08-20,1,2112648
30429,201,120,ABBV,2026-08-20T17:26:14.099897+02:00,2026-08-19,2026-08-20,1,2112654
30430,201,120,PCVX,2026-08-20T17:26:14.126908+02:00,2026-08-19,2026-08-20,1,2112660
30432,201,120,ADM,2026-08-20T17:26:14.157911+02:00,2026-08-19,2026-08-20,1,2112666
30433,201,120,IQV,2026-08-20T17:26:14.170437+02:00,2026-08-19,2026-08-20,1,2112672
30435,201,120,FAST,2026-08-20T17:26:14.197427+02:00,2026-08-19,2026-08-20,1,2112678
30436,201,120,TBBB,2026-08-20T17:26:14.215429+02:00,2026-08-19,2026-08-20,1,2112686
30438,201,120,FIVE,2026-08-20T17:26:14.258006+02:00,2026-08-19,2026-08-20,1,2112692
30439,201,120,KFY,2026-08-20T17:26:14.278955+02:00,2026-08-19,2026-08-20,1,2112698
30440,201,120,INSW,2026-08-20T17:26:14.298483+02:00,2026-08-19,2026-08-20,1,2112704
30441,201,120,AGYS,2026-08-20T17:26:14.315016+02:00,2026-08-19,2026-08-20,1,2112746
30443,201,120,VZ,2026-08-20T17:26:14.347530+02:00,2026-08-19,2026-08-20,1,2112752
30444,201,120,AMRX,2026-08-20T17:26:14.363054+02:00,2026-08-19,2026-08-20,1,2112758
30445,201,120,NDAQ,2026-08-20T17:26:14.381053+02:00,2026-08-19,2026-08-20,1,2112764
30446,201,120,ZD,2026-08-20T17:26:14.398055+02:00,2026-08-19,2026-08-20,1,2112770
30450,201,120,JXN,2026-08-20T17:26:14.469074+02:00,2026-08-19,2026-08-20,1,2112776
30451,201,120,ECL,2026-08-20T17:26:14.493638+02:00,2026-08-19,2026-08-20,1,2112788
30452,201,120,FDX,2026-08-20T17:26:14.513158+02:00,2026-08-19,2026-08-20,1,2112794
30453,201,120,TMO,2026-08-20T17:26:14.532161+02:00,2026-08-19,2026-08-20,1,2112800
30454,201,120,NEOG,2026-08-20T17:26:14.551158+02:00,2026-08-19,2026-08-20,1,2112806
30456,201,120,SDRL,2026-08-20T17:26:14.580163+02:00,2026-08-19,2026-08-20,1,2112812
30457,201,120,BMRN,2026-08-20T17:26:14.591183+02:00,2026-08-19,2026-08-20,1,2112818
30458,201,120,HPQ,2026-08-20T17:26:14.604185+02:00,2026-08-19,2026-08-20,1,2112830
30459,201,120,BKNG,2026-08-20T17:26:14.614158+02:00,2026-08-19,2026-08-20,1,2112836
30460,201,120,ALKT,2026-08-20T17:26:14.632154+02:00,2026-08-19,2026-08-20,1,2112842
30461,201,120,MCK,2026-08-20T17:26:14.650159+02:00,2026-08-19,2026-08-20,1,2112848
30464,201,120,TPG,2026-08-20T17:26:14.683158+02:00,2026-08-19,2026-08-20,1,2112854
30465,201,120,MCO,2026-08-20T17:26:14.695161+02:00,2026-08-19,2026-08-20,1,2112862
30467,201,120,LPLA,2026-08-20T17:26:14.730158+02:00,2026-08-19,2026-08-20,1,2112868
30468,201,120,WEX,2026-08-20T17:26:14.744161+02:00,2026-08-19,2026-08-20,1,2112874
30469,201,120,BDX,2026-08-20T17:26:14.762160+02:00,2026-08-19,2026-08-20,1,2112896
30470,201,120,VEEV,2026-08-20T17:26:14.779158+02:00,2026-08-19,2026-08-20,1,2112902
30472,201,120,VNOM,2026-08-20T17:26:14.815157+02:00,2026-08-19,2026-08-20,1,2112930
30474,201,120,ELVN,2026-08-20T17:26:14.849160+02:00,2026-08-19,2026-08-20,1,2112936
30475,201,120,BIIB,2026-08-20T17:26:14.866687+02:00,2026-08-19,2026-08-20,1,2112942
30476,201,120,RITM,2026-08-20T17:26:14.895700+02:00,2026-08-19,2026-08-20,1,2112948
30477,201,120,DAR,2026-08-20T17:26:14.910687+02:00,2026-08-19,2026-08-20,1,2112954
30478,201,120,NTNX,2026-08-20T17:26:14.924725+02:00,2026-08-19,2026-08-20,1,2112960
30479,201,120,GPN,2026-08-20T17:26:14.942695+02:00,2026-08-19,2026-08-20,1,2112966
30480,201,120,NTRA,2026-08-20T17:26:14.961692+02:00,2026-08-19,2026-08-20,1,2112972
30481,201,120,RYTM,2026-08-20T17:26:14.982691+02:00,2026-08-19,2026-08-20,1,2112978
30482,201,120,ZIM,2026-08-20T17:26:15.005727+02:00,2026-08-19,2026-08-20,1,2112984
30484,201,120,CLH,2026-08-20T17:26:15.038688+02:00,2026-08-19,2026-08-20,1,2112990
30486,201,120,TAL,2026-08-20T17:26:15.061687+02:00,2026-08-19,2026-08-20,1,2112996
30487,201,120,EXPE,2026-08-20T17:26:15.071689+02:00,2026-08-19,2026-08-20,1,2113002
30488,201,120,AAMI,2026-08-20T17:26:15.084686+02:00,2026-08-19,2026-08-20,1,2113008
30489,201,120,NCNO,2026-08-20T17:26:15.093690+02:00,2026-08-19,2026-08-20,1,2113014
30490,201,120,S,2026-08-20T17:26:15.111222+02:00,2026-08-19,2026-08-20,1,2113020
30491,201,120,HOG,2026-08-20T17:26:15.131220+02:00,2026-08-19,2026-08-20,1,2113026
30492,201,120,SLB,2026-08-20T17:26:15.158221+02:00,2026-08-19,2026-08-20,1,2113032
30493,201,120,BKR,2026-08-20T17:26:15.172759+02:00,2026-08-19,2026-08-20,1,2113038
30495,201,120,COF,2026-08-20T17:26:15.199264+02:00,2026-08-19,2026-08-20,1,2113044
30496,201,120,AZTA,2026-08-20T17:26:15.212266+02:00,2026-08-19,2026-08-20,1,2113064
30497,201,120,ALRM,2026-08-20T17:26:15.225270+02:00,2026-08-19,2026-08-20,1,2113070
30498,201,120,LOAR,2026-08-20T17:26:15.237803+02:00,2026-08-19,2026-08-20,1,2113076
30499,201,120,HTO,2026-08-20T17:26:15.257821+02:00,2026-08-19,2026-08-20,1,2113082
30503,201,120,JLL,2026-08-20T17:26:15.326795+02:00,2026-08-19,2026-08-20,1,2113088
30504,201,120,GNW,2026-08-20T17:26:15.342794+02:00,2026-08-19,2026-08-20,1,2113094
30505,201,120,SDGR,2026-08-20T17:26:15.355799+02:00,2026-08-19,2026-08-20,1,2114598
30508,201,120,MSGS,2026-08-20T17:26:15.398793+02:00,2026-08-19,2026-08-20,1,2114604
30509,201,120,WTW,2026-08-20T17:26:15.411793+02:00,2026-08-19,2026-08-20,1,2114610
30510,201,120,RDNT,2026-08-20T17:26:15.425795+02:00,2026-08-19,2026-08-20,1,2114616
30512,201,120,CLX,2026-08-20T17:26:15.456802+02:00,2026-08-19,2026-08-20,1,2114622
30513,201,120,HSIC,2026-08-20T17:26:15.471808+02:00,2026-08-19,2026-08-20,1,2114628
30514,201,120,IDCC,2026-08-20T17:26:15.486814+02:00,2026-08-19,2026-08-20,1,2114670
30517,201,120,ZM,2026-08-20T17:26:15.542347+02:00,2026-08-19,2026-08-20,1,2114676
30518,201,120,UFPT,2026-08-20T17:26:15.557350+02:00,2026-08-19,2026-08-20,1,2114682
30519,201,120,ROP,2026-08-20T17:26:15.573376+02:00,2026-08-19,2026-08-20,1,2114688
30520,201,120,BIO,2026-08-20T17:26:15.590968+02:00,2026-08-19,2026-08-20,1,2114694
30521,201,120,LH,2026-08-20T17:26:15.611885+02:00,2026-08-19,2026-08-20,1,2114700
30522,201,120,TOST,2026-08-20T17:26:15.623892+02:00,2026-08-19,2026-08-20,1,2114706
30524,201,120,WTRG,2026-08-20T17:26:15.655888+02:00,2026-08-19,2026-08-20,1,2114712
30525,201,120,UNP,2026-08-20T17:26:15.675889+02:00,2026-08-19,2026-08-20,1,2114718
30526,201,120,KNSA,2026-08-20T17:26:15.692882+02:00,2026-08-19,2026-08-20,1,2114724
30527,201,120,ARWR,2026-08-20T17:26:15.707913+02:00,2026-08-19,2026-08-20,1,2114730
30528,201,120,AWK,2026-08-20T17:26:15.722886+02:00,2026-08-19,2026-08-20,1,2114738
30529,201,120,MATX,2026-08-20T17:26:15.741898+02:00,2026-08-19,2026-08-20,1,2114744
30530,201,120,MANH,2026-08-20T17:26:15.755885+02:00,2026-08-19,2026-08-20,1,2116248
30532,201,120,C,2026-08-20T17:26:15.792436+02:00,2026-08-19,2026-08-20,1,2116254
30535,201,120,WT,2026-08-20T17:26:15.848424+02:00,2026-08-19,2026-08-20,1,2116260
30536,201,120,DV,2026-08-20T17:26:15.863427+02:00,2026-08-19,2026-08-20,1,2116266
30538,201,120,CON,2026-08-20T17:26:15.892440+02:00,2026-08-19,2026-08-20,1,2116276
30539,201,120,DYN,2026-08-20T17:26:15.907430+02:00,2026-08-19,2026-08-20,1,2117780
30540,201,120,BFH,2026-08-20T17:26:15.918450+02:00,2026-08-19,2026-08-20,1,2117786
30541,201,120,OII,2026-08-20T17:26:15.932425+02:00,2026-08-19,2026-08-20,1,2117792
30542,201,120,BILL,2026-08-20T17:26:15.947428+02:00,2026-08-19,2026-08-20,1,2117802
30544,201,120,DCO,2026-08-20T17:26:15.980426+02:00,2026-08-19,2026-08-20,1,2117808
30545,201,120,SSNC,2026-08-20T17:26:15.995439+02:00,2026-08-19,2026-08-20,1,2117814
30546,201,120,ECPG,2026-08-20T17:26:16.011426+02:00,2026-08-19,2026-08-20,1,2117820
30547,201,120,URGN,2026-08-20T17:26:16.026435+02:00,2026-08-19,2026-08-20,1,2119324
30548,201,120,LFST,2026-08-20T17:26:16.046427+02:00,2026-08-19,2026-08-20,1,2119330
30549,201,120,CBRL,2026-08-20T17:26:16.062951+02:00,2026-08-19,2026-08-20,1,2119336
30550,201,120,NE,2026-08-20T17:26:16.080951+02:00,2026-08-19,2026-08-20,1,2119342
30551,201,120,DNOW,2026-08-20T17:26:16.096951+02:00,2026-08-19,2026-08-20,1,2119348
30552,201,120,NSIT,2026-08-20T17:26:16.113472+02:00,2026-08-19,2026-08-20,1,2119354
30554,201,120,WFRD,2026-08-20T17:26:16.146474+02:00,2026-08-19,2026-08-20,1,2119360
30555,201,120,LYFT,2026-08-20T17:26:16.162474+02:00,2026-08-19,2026-08-20,1,2119366
30557,201,120,CLDX,2026-08-20T17:26:16.192478+02:00,2026-08-19,2026-08-20,1,2119372
30558,201,120,SN,2026-08-20T17:26:16.210474+02:00,2026-08-19,2026-08-20,1,2119378
30559,201,120,PANW,2026-08-20T17:26:16.225473+02:00,2026-08-19,2026-08-20,1,2119384
30560,201,120,KNSL,2026-08-20T17:26:16.242478+02:00,2026-08-19,2026-08-20,1,2119390
30562,201,120,TTEK,2026-08-20T17:26:16.274481+02:00,2026-08-19,2026-08-20,1,2119396
30563,201,120,BWA,2026-08-20T17:26:16.287482+02:00,2026-08-19,2026-08-20,1,2119402
30565,201,120,DRI,2026-08-20T17:26:16.322486+02:00,2026-08-19,2026-08-20,1,2119408
30566,201,120,BOX,2026-08-20T17:26:16.341487+02:00,2026-08-19,2026-08-20,1,2119414
30567,201,120,EMN,2026-08-20T17:26:16.353499+02:00,2026-08-19,2026-08-20,1,2119420
30568,201,120,DGII,2026-08-20T17:26:16.364467+02:00,2026-08-19,2026-08-20,1,2119426
30569,201,120,MAIN,2026-08-20T17:26:16.381033+02:00,2026-08-19,2026-08-20,1,2119432
30570,201,120,GO,2026-08-20T17:26:16.398031+02:00,2026-08-19,2026-08-20,1,2120936
30573,201,120,HCC,2026-08-20T17:26:16.431565+02:00,2026-08-19,2026-08-20,1,2120944
30577,201,120,SBH,2026-08-20T17:26:16.495598+02:00,2026-08-19,2026-08-20,1,2120950
30579,201,120,EXPD,2026-08-20T17:26:16.530567+02:00,2026-08-19,2026-08-20,1,2120956
30580,201,120,RGEN,2026-08-20T17:26:16.544567+02:00,2026-08-19,2026-08-20,1,2120968
30581,201,120,AVPT,2026-08-20T17:26:16.559110+02:00,2026-08-19,2026-08-20,1,2120974
30582,201,120,MRK,2026-08-20T17:26:16.573112+02:00,2026-08-19,2026-08-20,1,2120980
30583,201,120,PYPL,2026-08-20T17:26:16.585122+02:00,2026-08-19,2026-08-20,1,2120986
30584,201,120,KYMR,2026-08-20T17:26:16.599090+02:00,2026-08-19,2026-08-20,1,2120992
30585,201,120,IVZ,2026-08-20T17:26:16.613634+02:00,2026-08-19,2026-08-20,1,2120998
30586,201,120,ICFI,2026-08-20T17:26:16.628647+02:00,2026-08-19,2026-08-20,1,2121004
30587,201,120,ASH,2026-08-20T17:26:16.646641+02:00,2026-08-19,2026-08-20,1,2121010
30590,201,120,IRM,2026-08-20T17:26:16.688169+02:00,2026-08-19,2026-08-20,1,2121016
30592,201,120,GLBE,2026-08-20T17:26:16.716713+02:00,2026-08-19,2026-08-20,1,2121022
30593,201,120,OMF,2026-08-20T17:26:16.731711+02:00,2026-08-19,2026-08-20,1,2121028
30595,201,120,DAN,2026-08-20T17:26:16.760726+02:00,2026-08-19,2026-08-20,1,2121034
30596,201,120,DLB,2026-08-20T17:26:16.774727+02:00,2026-08-19,2026-08-20,1,2121040
30598,201,120,ENR,2026-08-20T17:26:16.799711+02:00,2026-08-19,2026-08-20,1,2121046
30599,201,120,VAL,2026-08-20T17:26:16.814709+02:00,2026-08-19,2026-08-20,1,2121052
30600,201,120,SE,2026-08-20T17:26:16.828716+02:00,2026-08-19,2026-08-20,1,2121058
30601,201,120,ADP,2026-08-20T17:26:16.845712+02:00,2026-08-19,2026-08-20,1,2121064
30604,201,120,BDC,2026-08-20T17:26:16.888234+02:00,2026-08-19,2026-08-20,1,2121086
30605,201,120,JCI,2026-08-20T17:26:16.897237+02:00,2026-08-19,2026-08-20,1,2121092
30606,201,120,IMAX,2026-08-20T17:26:16.910764+02:00,2026-08-19,2026-08-20,1,2121098
30607,201,120,IEX,2026-08-20T17:26:16.924765+02:00,2026-08-19,2026-08-20,1,2121104
30608,201,120,MHK,2026-08-20T17:26:16.936778+02:00,2026-08-19,2026-08-20,1,2121110
30610,201,120,EMR,2026-08-20T17:26:16.964760+02:00,2026-08-19,2026-08-20,1,2121116
30611,201,120,SWKS,2026-08-20T17:26:16.980763+02:00,2026-08-19,2026-08-20,1,2121122
30612,201,120,BX,2026-08-20T17:26:16.996285+02:00,2026-08-19,2026-08-20,1,2121128
30613,201,120,GFF,2026-08-20T17:26:17.012859+02:00,2026-08-19,2026-08-20,1,2121134
30614,201,120,KKR,2026-08-20T17:26:17.028871+02:00,2026-08-19,2026-08-20,1,2121140
30615,201,120,IRDM,2026-08-20T17:26:17.044859+02:00,2026-08-19,2026-08-20,1,2121146
30616,201,120,AVNT,2026-08-20T17:26:17.059857+02:00,2026-08-19,2026-08-20,1,2121152
30618,201,120,APO,2026-08-20T17:26:17.092857+02:00,2026-08-19,2026-08-20,1,2121158
30619,201,120,QRVO,2026-08-20T17:26:17.107871+02:00,2026-08-19,2026-08-20,1,2121164
30620,201,120,FLS,2026-08-20T17:26:17.119869+02:00,2026-08-19,2026-08-20,1,2121170
30621,201,120,PAYX,2026-08-20T17:26:17.131854+02:00,2026-08-19,2026-08-20,1,2121176
30622,201,120,SKY,2026-08-20T17:26:17.149418+02:00,2026-08-19,2026-08-20,1,2121182
30623,201,120,USFD,2026-08-20T17:26:17.169467+02:00,2026-08-19,2026-08-20,1,2121188
30625,201,120,CRWD,2026-08-20T17:26:17.201976+02:00,2026-08-19,2026-08-20,1,2121194
30627,201,120,OC,2026-08-20T17:26:17.237966+02:00,2026-08-19,2026-08-20,1,2121200
30628,201,120,ARES,2026-08-20T17:26:17.254958+02:00,2026-08-19,2026-08-20,1,2121206
30629,201,120,FERG,2026-08-20T17:26:17.272967+02:00,2026-08-19,2026-08-20,1,2121212
30630,201,120,QSR,2026-08-20T17:26:17.287951+02:00,2026-08-19,2026-08-20,1,2121218
30631,201,120,ENVA,2026-08-20T17:26:17.303972+02:00,2026-08-19,2026-08-20,1,2121224
30632,201,120,NOV,2026-08-20T17:26:17.318980+02:00,2026-08-19,2026-08-20,1,2121230
30633,201,120,STT,2026-08-20T17:26:17.333963+02:00,2026-08-19,2026-08-20,1,2121236
30634,201,120,SYF,2026-08-20T17:26:17.352961+02:00,2026-08-19,2026-08-20,1,2121242
30635,201,120,CHE,2026-08-20T17:26:17.365948+02:00,2026-08-19,2026-08-20,1,2121250
30636,201,120,ALL,2026-08-20T17:26:17.381941+02:00,2026-08-19,2026-08-20,1,2121258
30638,201,120,PCTY,2026-08-20T17:26:17.412943+02:00,2026-08-19,2026-08-20,1,2121264
30639,201,120,MSA,2026-08-20T17:26:17.427951+02:00,2026-08-19,2026-08-20,1,2121270
30640,201,120,NKTR,2026-08-20T17:26:17.443945+02:00,2026-08-19,2026-08-20,1,2121276
30642,201,120,ICLR,2026-08-20T17:26:17.471985+02:00,2026-08-19,2026-08-20,1,2121282
30644,201,120,KEX,2026-08-20T17:26:17.497945+02:00,2026-08-19,2026-08-20,1,2121288
30645,201,120,SNOW,2026-08-20T17:26:17.514042+02:00,2026-08-19,2026-08-20,1,2122792
30646,201,120,WSM,2026-08-20T17:26:17.529048+02:00,2026-08-19,2026-08-20,1,2122798
30647,201,120,BLTE,2026-08-20T17:26:17.548042+02:00,2026-08-19,2026-08-20,1,2122804
30649,201,120,NEO,2026-08-20T17:26:17.583071+02:00,2026-08-19,2026-08-20,1,2122810
30650,201,120,J,2026-08-20T17:26:17.605098+02:00,2026-08-19,2026-08-20,1,2122816
30654,201,120,DBX,2026-08-20T17:26:17.662049+02:00,2026-08-19,2026-08-20,1,2122822
30655,201,120,HQY,2026-08-20T17:26:17.678043+02:00,2026-08-19,2026-08-20,1,2122828
30656,201,120,MRP,2026-08-20T17:26:17.692045+02:00,2026-08-19,2026-08-20,1,2122834
30657,201,120,MOG.A,2026-08-20T17:26:17.704065+02:00,2026-08-19,2026-08-20,1,
30659,201,120,DOW,2026-08-20T17:26:17.743043+02:00,2026-08-19,2026-08-20,1,2122840
30661,201,120,MMM,2026-08-20T17:26:17.780044+02:00,2026-08-19,2026-08-20,1,2122846
30662,201,120,GPC,2026-08-20T17:26:17.796058+02:00,2026-08-19,2026-08-20,1,2122852
30663,201,120,AVTR,2026-08-20T17:26:17.811044+02:00,2026-08-19,2026-08-20,1,2122858
30665,201,120,MSFT,2026-08-20T17:26:17.846042+02:00,2026-08-19,2026-08-20,1,2122864
30666,201,120,HAL,2026-08-20T17:26:17.861043+02:00,2026-08-19,2026-08-20,1,2122870
30668,201,120,MTD,2026-08-20T17:26:17.893043+02:00,2026-08-19,2026-08-20,1,2122876
30669,201,120,KWR,2026-08-20T17:26:17.910047+02:00,2026-08-19,2026-08-20,1,2122882
30670,201,120,CFG,2026-08-20T17:26:17.929045+02:00,2026-08-19,2026-08-20,1,2122892
30671,201,120,CRBG,2026-08-20T17:26:17.947044+02:00,2026-08-19,2026-08-20,1,2122898
30672,201,120,GRMN,2026-08-20T17:26:17.962049+02:00,2026-08-19,2026-08-20,1,2122930
30673,201,120,CAKE,2026-08-20T17:26:17.981045+02:00,2026-08-19,2026-08-20,1,2122936
30674,201,120,LIND,2026-08-20T17:26:17.996047+02:00,2026-08-19,2026-08-20,1,2122942
30675,201,120,CNK,2026-08-20T17:26:18.014046+02:00,2026-08-19,2026-08-20,1,2122948
30676,201,120,HNI,2026-08-20T17:26:18.030057+02:00,2026-08-19,2026-08-20,1,2122954
30677,201,120,QTWO,2026-08-20T17:26:18.044045+02:00,2026-08-19,2026-08-20,1,2122960
30678,201,120,SMA,2026-08-20T17:26:18.060043+02:00,2026-08-19,2026-08-20,1,2122966
30679,201,120,EQH,2026-08-20T17:26:18.078045+02:00,2026-08-19,2026-08-20,1,2122972
30680,201,120,SWK,2026-08-20T17:26:18.092044+02:00,2026-08-19,2026-08-20,1,2122978
30681,201,120,APAM,2026-08-20T17:26:18.114673+02:00,2026-08-19,2026-08-20,1,2122984
30682,201,120,SLM,2026-08-20T17:26:18.131678+02:00,2026-08-19,2026-08-20,1,2122990
30683,201,120,AWI,2026-08-20T17:26:18.155678+02:00,2026-08-19,2026-08-20,1,2122996
30684,201,120,CSW,2026-08-20T17:26:18.172678+02:00,2026-08-19,2026-08-20,1,2123002
30685,201,120,VOYA,2026-08-20T17:26:18.184189+02:00,2026-08-19,2026-08-20,1,2123008
30687,201,120,AMCR,2026-08-20T17:26:18.205726+02:00,2026-08-19,2026-08-20,1,2123016
30688,201,120,VLTO,2026-08-20T17:26:18.215725+02:00,2026-08-19,2026-08-20,1,2123022
30689,201,120,MMYT,2026-08-20T17:26:18.224723+02:00,2026-08-19,2026-08-20,1,2123030
30690,201,120,TRU,2026-08-20T17:26:18.233723+02:00,2026-08-19,2026-08-20,1,2123038
30691,201,120,BAX,2026-08-20T17:26:18.243736+02:00,2026-08-19,2026-08-20,1,2123044
30692,201,120,LW,2026-08-20T17:26:18.262726+02:00,2026-08-19,2026-08-20,1,2123050
30693,201,120,BZH,2026-08-20T17:26:18.277726+02:00,2026-08-19,2026-08-20,1,2123056
30694,201,120,ALLE,2026-08-20T17:26:18.293726+02:00,2026-08-19,2026-08-20,1,2123062
32477,215,128,EVER,2026-08-25T18:24:43.345909+02:00,2026-08-24,2026-08-25,1,2180798
32481,215,128,BRC,2026-08-25T18:24:43.412965+02:00,2026-08-24,2026-08-25,1,2180806
32484,215,128,V,2026-08-25T18:24:43.444069+02:00,2026-08-24,2026-08-25,1,2180822
32486,215,128,AWR,2026-08-25T18:24:43.464608+02:00,2026-08-24,2026-08-25,1,2180826
32489,215,128,HIFS,2026-08-25T18:24:43.498608+02:00,2026-08-24,2026-08-25,1,2180834
32490,215,128,CNS,2026-08-25T18:24:43.506610+02:00,2026-08-24,2026-08-25,1,2180842
32494,215,128,MET,2026-08-25T18:24:43.549735+02:00,2026-08-24,2026-08-25,1,2180850
32496,215,128,ENVA,2026-08-25T18:24:43.575744+02:00,2026-08-24,2026-08-25,1,2180856
32498,215,128,HNGE,2026-08-25T18:24:43.597734+02:00,2026-08-24,2026-08-25,1,2180860
32499,215,128,JOE,2026-08-25T18:24:43.609325+02:00,2026-08-24,2026-08-25,1,2180864
32500,215,128,SPNT,2026-08-25T18:24:43.616830+02:00,2026-08-24,2026-08-25,1,2180906
32505,215,128,VTOL,2026-08-25T18:24:43.667916+02:00,2026-08-24,2026-08-25,1,2180912
32506,215,128,PAA,2026-08-25T18:24:43.678916+02:00,2026-08-24,2026-08-25,1,2180916
32507,215,128,TRIN,2026-08-25T18:24:43.685913+02:00,2026-08-24,2026-08-25,1,2180920
32508,215,128,FSUN,2026-08-25T18:24:43.711459+02:00,2026-08-24,2026-08-25,1,2180924
32510,215,128,JPM,2026-08-25T18:24:43.732531+02:00,2026-08-24,2026-08-25,1,2180932
32514,215,128,CSWC,2026-08-25T18:24:43.770089+02:00,2026-08-24,2026-08-25,1,2180936
32515,215,128,PRU,2026-08-25T18:24:43.782632+02:00,2026-08-24,2026-08-25,1,2180940
32516,215,128,PH,2026-08-25T18:24:43.796205+02:00,2026-08-24,2026-08-25,1,2180948
32519,215,128,ROST,2026-08-25T18:24:43.817718+02:00,2026-08-24,2026-08-25,1,2180962
32521,215,128,WTM,2026-08-25T18:24:43.839749+02:00,2026-08-24,2026-08-25,1,2180970
32526,215,128,BFC,2026-08-25T18:24:43.899715+02:00,2026-08-24,2026-08-25,1,2180974
32528,215,128,AGNC,2026-08-25T18:24:43.926719+02:00,2026-08-24,2026-08-25,1,2180978
32530,215,128,PRK,2026-08-25T18:24:43.946716+02:00,2026-08-24,2026-08-25,1,2180982
32531,215,128,HG,2026-08-25T18:24:43.957731+02:00,2026-08-24,2026-08-25,1,2180990
32536,215,128,KRP,2026-08-25T18:24:44.001718+02:00,2026-08-24,2026-08-25,1,2180994
32537,215,128,NLY,2026-08-25T18:24:44.010715+02:00,2026-08-24,2026-08-25,1,2180998
32542,215,128,GBTG,2026-08-25T18:24:44.063721+02:00,2026-08-24,2026-08-25,1,2181002
32543,215,128,DBRG,2026-08-25T18:24:44.074727+02:00,2026-08-24,2026-08-25,1,2181006
32545,215,128,EE,2026-08-25T18:24:44.096716+02:00,2026-08-24,2026-08-25,1,2181010
32548,215,128,AMN,2026-08-25T18:24:44.127774+02:00,2026-08-24,2026-08-25,1,2181014
32552,215,128,SSB,2026-08-25T18:24:44.175757+02:00,2026-08-24,2026-08-25,1,2181018
32559,215,128,AES,2026-08-25T18:24:44.246756+02:00,2026-08-24,2026-08-25,1,2181022
32560,215,128,NIC,2026-08-25T18:24:44.259309+02:00,2026-08-24,2026-08-25,1,2181026
32561,215,128,OPY,2026-08-25T18:24:44.266291+02:00,2026-08-24,2026-08-25,1,2181030
32562,215,128,ANET,2026-08-25T18:24:44.278293+02:00,2026-08-24,2026-08-25,1,2181034
32565,215,128,MSGE,2026-08-25T18:24:44.309818+02:00,2026-08-24,2026-08-25,1,2181038
32568,215,128,PEN,2026-08-25T18:24:44.344843+02:00,2026-08-24,2026-08-25,1,2181042
32569,215,128,AUPH,2026-08-25T18:24:44.363348+02:00,2026-08-24,2026-08-25,1,2181046
32572,215,128,ET,2026-08-25T18:24:44.401348+02:00,2026-08-24,2026-08-25,1,2181050
32575,215,128,OSCR,2026-08-25T18:24:44.442880+02:00,2026-08-24,2026-08-25,1,2181054
32581,215,128,GOLD,2026-08-25T18:24:44.528394+02:00,2026-08-24,2026-08-25,1,2181058
32582,215,128,CVX,2026-08-25T18:24:44.542957+02:00,2026-08-24,2026-08-25,1,2181062
32584,215,128,TWLO,2026-08-25T18:24:44.562477+02:00,2026-08-24,2026-08-25,1,2181066
32588,215,128,RDVT,2026-08-25T18:24:44.612988+02:00,2026-08-24,2026-08-25,1,2181070
32589,215,128,XPEL,2026-08-25T18:24:44.623011+02:00,2026-08-24,2026-08-25,1,2181074
32594,215,128,DXPE,2026-08-25T18:24:44.681507+02:00,2026-08-24,2026-08-25,1,2181078
32596,215,128,HPE,2026-08-25T18:24:44.710510+02:00,2026-08-24,2026-08-25,1,2181082
32599,215,128,SENEA,2026-08-25T18:24:44.748555+02:00,2026-08-24,2026-08-25,1,2181102
32600,215,128,VIRT,2026-08-25T18:24:44.763549+02:00,2026-08-24,2026-08-25,1,2181108
