technical_score_id,run_id,ticker,created_at,expected_latest_completed_session,actual_ticker_end_date,excess_trading_sessions
7224,57,JBS,2026-07-27T20:21:20.162483+02:00,2026-07-24,2026-07-27,1
7225,57,JANX,2026-07-27T20:21:20.162483+02:00,2026-07-24,2026-07-27,1
7226,57,NBN,2026-07-27T20:21:20.162483+02:00,2026-07-24,2026-07-27,1
7227,57,SNDA,2026-07-27T20:21:20.162483+02:00,2026-07-24,2026-07-27,1
7228,57,RYAN,2026-07-27T20:21:20.162483+02:00,2026-07-24,2026-07-27,1
7229,57,BZ,2026-07-27T20:21:20.162483+02:00,2026-07-24,2026-07-27,1
7230,57,DJCO,2026-07-27T20:21:20.162483+02:00,2026-07-24,2026-07-27,1
7233,57,ITIC,2026-07-27T20:21:20.162483+02:00,2026-07-24,2026-07-27,1
7628,60,WLTH,2026-07-28T18:06:04.847559+02:00,2026-07-27,2026-07-28,1
7720,60,PNFP,2026-07-28T18:06:04.847559+02:00,2026-07-27,2026-07-28,1
8758,68,SBUX,2026-07-30T19:46:29.019207+02:00,2026-07-29,2026-07-30,1
8759,68,MHK,2026-07-30T19:46:29.019207+02:00,2026-07-29,2026-07-30,1
8760,68,WHD,2026-07-30T19:46:29.019207+02:00,2026-07-29,2026-07-30,1
8761,68,AON,2026-07-30T19:46:29.019207+02:00,2026-07-29,2026-07-30,1
8762,68,PCG,2026-07-30T19:46:29.019207+02:00,2026-07-29,2026-07-30,1
8765,68,SHOO,2026-07-30T19:46:29.019207+02:00,2026-07-29,2026-07-30,1
8766,68,PBI,2026-07-30T19:46:29.019207+02:00,2026-07-29,2026-07-30,1
8767,68,NHC,2026-07-30T19:46:29.019207+02:00,2026-07-29,2026-07-30,1
8769,68,VCEL,2026-07-30T19:46:29.019207+02:00,2026-07-29,2026-07-30,1
8772,68,ES,2026-07-30T19:46:29.019207+02:00,2026-07-29,2026-07-30,1
8774,68,FSS,2026-07-30T19:46:29.019207+02:00,2026-07-29,2026-07-30,1
8775,68,WCC,2026-07-30T19:46:29.019207+02:00,2026-07-29,2026-07-30,1
8776,68,TBBK,2026-07-30T19:46:29.019207+02:00,2026-07-29,2026-07-30,1
8777,68,LAUR,2026-07-30T19:46:29.019207+02:00,2026-07-29,2026-07-30,1
8779,68,FLS,2026-07-30T19:46:29.019207+02:00,2026-07-29,2026-07-30,1
8780,68,JOYY,2026-07-30T19:46:29.019207+02:00,2026-07-29,2026-07-30,1
8781,68,ILMN,2026-07-30T19:46:29.019207+02:00,2026-07-29,2026-07-30,1
8782,68,APD,2026-07-30T19:46:29.019207+02:00,2026-07-29,2026-07-30,1
8783,68,AMRX,2026-07-30T19:46:29.019207+02:00,2026-07-29,2026-07-30,1
8786,68,SBLK,2026-07-30T19:46:29.019207+02:00,2026-07-29,2026-07-30,1
8787,68,JCI,2026-07-30T19:46:29.019207+02:00,2026-07-29,2026-07-30,1
8788,68,DJCO,2026-07-30T19:46:29.019207+02:00,2026-07-29,2026-07-30,1
8789,68,SFD,2026-07-30T19:46:29.019207+02:00,2026-07-29,2026-07-30,1
8790,68,EBC,2026-07-30T19:46:29.019207+02:00,2026-07-29,2026-07-30,1
8791,68,CBRE,2026-07-30T19:46:29.019207+02:00,2026-07-29,2026-07-30,1
8792,68,CSL,2026-07-30T19:46:29.019207+02:00,2026-07-29,2026-07-30,1
8793,68,AXTA,2026-07-30T19:46:29.019207+02:00,2026-07-29,2026-07-30,1
8795,68,V,2026-07-30T19:46:29.019207+02:00,2026-07-29,2026-07-30,1
8796,68,HPQ,2026-07-30T19:46:29.019207+02:00,2026-07-29,2026-07-30,1
8797,68,BKNG,2026-07-30T19:46:29.019207+02:00,2026-07-29,2026-07-30,1
8798,68,CTVA,2026-07-30T19:46:29.019207+02:00,2026-07-29,2026-07-30,1
8799,68,AAPL,2026-07-30T19:46:29.019207+02:00,2026-07-29,2026-07-30,1
8801,68,DBX,2026-07-30T19:46:29.019207+02:00,2026-07-29,2026-07-30,1
8803,68,LEA,2026-07-30T19:46:29.019207+02:00,2026-07-29,2026-07-30,1
8804,68,NTRA,2026-07-30T19:46:29.019207+02:00,2026-07-29,2026-07-30,1
8805,68,TDY,2026-07-30T19:46:29.019207+02:00,2026-07-29,2026-07-30,1
8808,68,BBIO,2026-07-30T19:46:29.019207+02:00,2026-07-29,2026-07-30,1
8809,68,GHC,2026-07-30T19:46:29.019207+02:00,2026-07-29,2026-07-30,1
8810,68,FRO,2026-07-30T19:46:29.019207+02:00,2026-07-29,2026-07-30,1
8811,68,TTWO,2026-07-30T19:46:29.019207+02:00,2026-07-29,2026-07-30,1
8814,68,AER,2026-07-30T19:46:29.019207+02:00,2026-07-29,2026-07-30,1
8815,68,YUM,2026-07-30T19:46:29.019207+02:00,2026-07-29,2026-07-30,1
8816,68,BRKR,2026-07-30T19:46:29.019207+02:00,2026-07-29,2026-07-30,1
8817,68,BLTE,2026-07-30T19:46:29.019207+02:00,2026-07-29,2026-07-30,1
8819,68,PLUS,2026-07-30T19:46:29.019207+02:00,2026-07-29,2026-07-30,1
8820,68,BGC,2026-07-30T19:46:29.019207+02:00,2026-07-29,2026-07-30,1
8821,68,NTES,2026-07-30T19:46:29.019207+02:00,2026-07-29,2026-07-30,1
8822,68,CRBG,2026-07-30T19:46:29.019207+02:00,2026-07-29,2026-07-30,1
8825,68,IP,2026-07-30T19:46:29.019207+02:00,2026-07-29,2026-07-30,1
8827,68,WLY,2026-07-30T19:46:29.019207+02:00,2026-07-29,2026-07-30,1
8828,68,AAMI,2026-07-30T19:46:29.019207+02:00,2026-07-29,2026-07-30,1
8830,68,SWK,2026-07-30T19:46:29.019207+02:00,2026-07-29,2026-07-30,1
8831,68,BBT,2026-07-30T19:46:29.019207+02:00,2026-07-29,2026-07-30,1
8832,68,BAP,2026-07-30T19:46:29.019207+02:00,2026-07-29,2026-07-30,1
8834,68,ATR,2026-07-30T19:46:29.019207+02:00,2026-07-29,2026-07-30,1
8835,68,UFPT,2026-07-30T19:46:29.019207+02:00,2026-07-29,2026-07-30,1
8836,68,RVMD,2026-07-30T19:46:29.019207+02:00,2026-07-29,2026-07-30,1
8837,68,DRI,2026-07-30T19:46:29.019207+02:00,2026-07-29,2026-07-30,1
8838,68,ABBV,2026-07-30T19:46:29.019207+02:00,2026-07-29,2026-07-30,1
8839,68,TRV,2026-07-30T19:46:29.019207+02:00,2026-07-29,2026-07-30,1
8841,68,TIGO,2026-07-30T19:46:29.019207+02:00,2026-07-29,2026-07-30,1
8842,68,LMT,2026-07-30T19:46:29.019207+02:00,2026-07-29,2026-07-30,1
8843,68,MNST,2026-07-30T19:46:29.019207+02:00,2026-07-29,2026-07-30,1
8844,68,SYK,2026-07-30T19:46:29.019207+02:00,2026-07-29,2026-07-30,1
8846,68,AJG,2026-07-30T19:46:29.019207+02:00,2026-07-29,2026-07-30,1
8847,68,CTAS,2026-07-30T19:46:29.019207+02:00,2026-07-29,2026-07-30,1
8848,68,PM,2026-07-30T19:46:29.019207+02:00,2026-07-29,2026-07-30,1
8849,68,INDB,2026-07-30T19:46:29.019207+02:00,2026-07-29,2026-07-30,1
8851,68,RNST,2026-07-30T19:46:29.019207+02:00,2026-07-29,2026-07-30,1
8852,68,PRG,2026-07-30T19:46:29.019207+02:00,2026-07-29,2026-07-30,1
8854,68,TFC,2026-07-30T19:46:29.019207+02:00,2026-07-29,2026-07-30,1
8855,68,DHT,2026-07-30T19:46:29.019207+02:00,2026-07-29,2026-07-30,1
8857,68,NWS,2026-07-30T19:46:29.019207+02:00,2026-07-29,2026-07-30,1
8858,68,APA,2026-07-30T19:46:29.019207+02:00,2026-07-29,2026-07-30,1
8862,68,BDX,2026-07-30T19:46:29.019207+02:00,2026-07-29,2026-07-30,1
8863,68,TNK,2026-07-30T19:46:29.019207+02:00,2026-07-29,2026-07-30,1
8864,68,INCY,2026-07-30T19:46:29.019207+02:00,2026-07-29,2026-07-30,1
8865,68,CPK,2026-07-30T19:46:29.019207+02:00,2026-07-29,2026-07-30,1
8866,68,EQH,2026-07-30T19:46:29.019207+02:00,2026-07-29,2026-07-30,1
8867,68,ACAD,2026-07-30T19:46:29.019207+02:00,2026-07-29,2026-07-30,1
8868,68,IRON,2026-07-30T19:46:29.019207+02:00,2026-07-29,2026-07-30,1
8869,68,TROW,2026-07-30T19:46:29.019207+02:00,2026-07-29,2026-07-30,1
8870,68,CWT,2026-07-30T19:46:29.019207+02:00,2026-07-29,2026-07-30,1
8871,68,FHI,2026-07-30T19:46:29.019207+02:00,2026-07-29,2026-07-30,1
8873,68,DASH,2026-07-30T19:46:29.019207+02:00,2026-07-29,2026-07-30,1
8874,68,VLO,2026-07-30T19:46:29.019207+02:00,2026-07-29,2026-07-30,1
8875,68,KMB,2026-07-30T19:46:29.019207+02:00,2026-07-29,2026-07-30,1
8876,68,KO,2026-07-30T19:46:29.019207+02:00,2026-07-29,2026-07-30,1
8878,68,EMR,2026-07-30T19:46:29.019207+02:00,2026-07-29,2026-07-30,1
8879,68,OHI,2026-07-30T19:46:29.019207+02:00,2026-07-29,2026-07-30,1
8880,68,DRH,2026-07-30T19:46:29.019207+02:00,2026-07-29,2026-07-30,1
8881,68,RHP,2026-07-30T19:46:29.019207+02:00,2026-07-29,2026-07-30,1
8882,68,GD,2026-07-30T19:46:29.019207+02:00,2026-07-29,2026-07-30,1
8883,68,SKT,2026-07-30T19:46:29.019207+02:00,2026-07-29,2026-07-30,1
8884,68,ALL,2026-07-30T19:46:29.019207+02:00,2026-07-29,2026-07-30,1
8885,68,LAMR,2026-07-30T19:46:29.019207+02:00,2026-07-29,2026-07-30,1
8886,68,MPC,2026-07-30T19:46:29.019207+02:00,2026-07-29,2026-07-30,1
8887,68,DNOW,2026-07-30T19:46:29.019207+02:00,2026-07-29,2026-07-30,1
8888,68,WTRG,2026-07-30T19:46:29.019207+02:00,2026-07-29,2026-07-30,1
8889,68,CFR,2026-07-30T19:46:29.019207+02:00,2026-07-29,2026-07-30,1
8890,68,SUN,2026-07-30T19:46:29.019207+02:00,2026-07-29,2026-07-30,1
8891,68,LPLA,2026-07-30T19:46:29.019207+02:00,2026-07-29,2026-07-30,1
8892,68,AS,2026-07-30T19:46:29.019207+02:00,2026-07-29,2026-07-30,1
8893,68,CVX,2026-07-30T19:46:29.019207+02:00,2026-07-29,2026-07-30,1
8894,68,DAL,2026-07-30T19:46:29.019207+02:00,2026-07-29,2026-07-30,1
8895,68,KHC,2026-07-30T19:46:29.019207+02:00,2026-07-29,2026-07-30,1
8896,68,PR,2026-07-30T19:46:29.019207+02:00,2026-07-29,2026-07-30,1
8897,68,ACT,2026-07-30T19:46:29.019207+02:00,2026-07-29,2026-07-30,1
8898,68,HALO,2026-07-30T19:46:29.019207+02:00,2026-07-29,2026-07-30,1
8899,68,BA,2026-07-30T19:46:29.019207+02:00,2026-07-29,2026-07-30,1
8901,68,PCAR,2026-07-30T19:46:29.019207+02:00,2026-07-29,2026-07-30,1
8902,68,MTD,2026-07-30T19:46:29.019207+02:00,2026-07-29,2026-07-30,1
8903,68,RTX,2026-07-30T19:46:29.019207+02:00,2026-07-29,2026-07-30,1
8904,68,COP,2026-07-30T19:46:29.019207+02:00,2026-07-29,2026-07-30,1
8905,68,SKWD,2026-07-30T19:46:29.019207+02:00,2026-07-29,2026-07-30,1
8907,68,DLR,2026-07-30T19:46:29.019207+02:00,2026-07-29,2026-07-30,1
8908,68,GPN,2026-07-30T19:46:29.019207+02:00,2026-07-29,2026-07-30,1
8909,68,SW,2026-07-30T19:46:29.019207+02:00,2026-07-29,2026-07-30,1
8910,68,SIG,2026-07-30T19:46:29.019207+02:00,2026-07-29,2026-07-30,1
8911,68,HCI,2026-07-30T19:46:29.019207+02:00,2026-07-29,2026-07-30,1
8912,68,LIVN,2026-07-30T19:46:29.019207+02:00,2026-07-29,2026-07-30,1
8913,68,A,2026-07-30T19:46:29.019207+02:00,2026-07-29,2026-07-30,1
8914,68,ESQ,2026-07-30T19:46:29.019207+02:00,2026-07-29,2026-07-30,1
8915,68,JAZZ,2026-07-30T19:46:29.019207+02:00,2026-07-29,2026-07-30,1
8916,68,ITRI,2026-07-30T19:46:29.019207+02:00,2026-07-29,2026-07-30,1
8918,68,PFGC,2026-07-30T19:46:29.019207+02:00,2026-07-29,2026-07-30,1
8919,68,AMGN,2026-07-30T19:46:29.019207+02:00,2026-07-29,2026-07-30,1
8920,68,ORI,2026-07-30T19:46:29.019207+02:00,2026-07-29,2026-07-30,1
8921,68,STT,2026-07-30T19:46:29.019207+02:00,2026-07-29,2026-07-30,1
8922,68,SYY,2026-07-30T19:46:29.019207+02:00,2026-07-29,2026-07-30,1
8923,68,TJX,2026-07-30T19:46:29.019207+02:00,2026-07-29,2026-07-30,1
8924,68,NDAQ,2026-07-30T19:46:29.019207+02:00,2026-07-29,2026-07-30,1
8925,68,HEI,2026-07-30T19:46:29.019207+02:00,2026-07-29,2026-07-30,1
8926,68,RCL,2026-07-30T19:46:29.019207+02:00,2026-07-29,2026-07-30,1
8927,68,VZ,2026-07-30T19:46:29.019207+02:00,2026-07-29,2026-07-30,1
8928,68,VOYA,2026-07-30T19:46:29.019207+02:00,2026-07-29,2026-07-30,1
8929,68,PLMR,2026-07-30T19:46:29.019207+02:00,2026-07-29,2026-07-30,1
8930,68,ITW,2026-07-30T19:46:29.019207+02:00,2026-07-29,2026-07-30,1
8931,68,WAB,2026-07-30T19:46:29.019207+02:00,2026-07-29,2026-07-30,1
8932,68,ESTA,2026-07-30T19:46:29.019207+02:00,2026-07-29,2026-07-30,1
8935,68,MSI,2026-07-30T19:46:29.019207+02:00,2026-07-29,2026-07-30,1
8936,68,EIX,2026-07-30T19:46:29.019207+02:00,2026-07-29,2026-07-30,1
8937,68,AMCR,2026-07-30T19:46:29.019207+02:00,2026-07-29,2026-07-30,1
8938,68,M,2026-07-30T19:46:29.019207+02:00,2026-07-29,2026-07-30,1
8940,68,GL,2026-07-30T19:46:29.019207+02:00,2026-07-29,2026-07-30,1
8941,68,INSW,2026-07-30T19:46:29.019207+02:00,2026-07-29,2026-07-30,1
8942,68,BOX,2026-07-30T19:46:29.019207+02:00,2026-07-29,2026-07-30,1
8943,68,MRK,2026-07-30T19:46:29.019207+02:00,2026-07-29,2026-07-30,1
8944,68,NBIX,2026-07-30T19:46:29.019207+02:00,2026-07-29,2026-07-30,1
8945,68,COGT,2026-07-30T19:46:29.019207+02:00,2026-07-29,2026-07-30,1
8946,68,BLK,2026-07-30T19:46:29.019207+02:00,2026-07-29,2026-07-30,1
8947,68,IVZ,2026-07-30T19:46:29.019207+02:00,2026-07-29,2026-07-30,1
8948,68,PINS,2026-07-30T19:46:29.019207+02:00,2026-07-29,2026-07-30,1
8949,68,SON,2026-07-30T19:46:29.019207+02:00,2026-07-29,2026-07-30,1
8950,68,RPRX,2026-07-30T19:46:29.019207+02:00,2026-07-29,2026-07-30,1
8951,68,XYZ,2026-07-30T19:46:29.019207+02:00,2026-07-29,2026-07-30,1
8952,68,DCO,2026-07-30T19:46:29.019207+02:00,2026-07-29,2026-07-30,1
8953,68,TOST,2026-07-30T19:46:29.019207+02:00,2026-07-29,2026-07-30,1
8954,68,IR,2026-07-30T19:46:29.019207+02:00,2026-07-29,2026-07-30,1
8955,68,FBK,2026-07-30T19:46:29.019207+02:00,2026-07-29,2026-07-30,1
8956,68,AX,2026-07-30T19:46:29.019207+02:00,2026-07-29,2026-07-30,1
8957,68,DT,2026-07-30T19:46:29.019207+02:00,2026-07-29,2026-07-30,1
8958,68,ELS,2026-07-30T19:46:29.019207+02:00,2026-07-29,2026-07-30,1
8959,68,RLI,2026-07-30T19:46:29.019207+02:00,2026-07-29,2026-07-30,1
8960,68,VRSN,2026-07-30T19:46:29.019207+02:00,2026-07-29,2026-07-30,1
8962,68,JPM,2026-07-30T19:46:29.019207+02:00,2026-07-29,2026-07-30,1
8963,68,CRL,2026-07-30T19:46:29.019207+02:00,2026-07-29,2026-07-30,1
8964,68,ROK,2026-07-30T19:46:29.019207+02:00,2026-07-29,2026-07-30,1
8965,68,ARE,2026-07-30T19:46:29.019207+02:00,2026-07-29,2026-07-30,1
8966,68,OXY,2026-07-30T19:46:29.019207+02:00,2026-07-29,2026-07-30,1
8967,68,CALM,2026-07-30T19:46:29.019207+02:00,2026-07-29,2026-07-30,1
8968,68,MGNI,2026-07-30T19:46:29.019207+02:00,2026-07-29,2026-07-30,1
8969,68,CARG,2026-07-30T19:46:29.019207+02:00,2026-07-29,2026-07-30,1
8970,68,HQY,2026-07-30T19:46:29.019207+02:00,2026-07-29,2026-07-30,1
8971,68,VNO,2026-07-30T19:46:29.019207+02:00,2026-07-29,2026-07-30,1
8972,68,CASY,2026-07-30T19:46:29.019207+02:00,2026-07-29,2026-07-30,1
8974,68,COF,2026-07-30T19:46:29.019207+02:00,2026-07-29,2026-07-30,1
8975,68,AHR,2026-07-30T19:46:29.019207+02:00,2026-07-29,2026-07-30,1
8977,68,TMO,2026-07-30T19:46:29.019207+02:00,2026-07-29,2026-07-30,1
8978,68,SMG,2026-07-30T19:46:29.019207+02:00,2026-07-29,2026-07-30,1
8980,68,AMG,2026-07-30T19:46:29.019207+02:00,2026-07-29,2026-07-30,1
8981,68,ETSY,2026-07-30T19:46:29.019207+02:00,2026-07-29,2026-07-30,1
8982,68,PTGX,2026-07-30T19:46:29.019207+02:00,2026-07-29,2026-07-30,1
8983,68,DDS,2026-07-30T19:46:29.019207+02:00,2026-07-29,2026-07-30,1
8984,68,FULT,2026-07-30T19:46:29.019207+02:00,2026-07-29,2026-07-30,1
8986,68,HST,2026-07-30T19:46:29.019207+02:00,2026-07-29,2026-07-30,1
8987,68,MUSA,2026-07-30T19:46:29.019207+02:00,2026-07-29,2026-07-30,1
8988,68,TGT,2026-07-30T19:46:29.019207+02:00,2026-07-29,2026-07-30,1
8990,68,GM,2026-07-30T19:46:29.019207+02:00,2026-07-29,2026-07-30,1
8991,68,PACS,2026-07-30T19:46:29.019207+02:00,2026-07-29,2026-07-30,1
8992,68,KNTK,2026-07-30T19:46:29.019207+02:00,2026-07-29,2026-07-30,1
8993,68,XOM,2026-07-30T19:46:29.019207+02:00,2026-07-29,2026-07-30,1
8994,68,ALRM,2026-07-30T19:46:29.019207+02:00,2026-07-29,2026-07-30,1
8995,68,ECL,2026-07-30T19:46:29.019207+02:00,2026-07-29,2026-07-30,1
8996,68,MTN,2026-07-30T19:46:29.019207+02:00,2026-07-29,2026-07-30,1
8997,68,DG,2026-07-30T19:46:29.019207+02:00,2026-07-29,2026-07-30,1
8999,68,USFD,2026-07-30T19:46:29.019207+02:00,2026-07-29,2026-07-30,1
9000,68,SFNC,2026-07-30T19:46:29.019207+02:00,2026-07-29,2026-07-30,1
9001,68,BURL,2026-07-30T19:46:29.019207+02:00,2026-07-29,2026-07-30,1
9002,68,FIBK,2026-07-30T19:46:29.019207+02:00,2026-07-29,2026-07-30,1
9003,68,TXRH,2026-07-30T19:46:29.019207+02:00,2026-07-29,2026-07-30,1
9004,68,BBY,2026-07-30T19:46:29.019207+02:00,2026-07-29,2026-07-30,1
9005,68,CFG,2026-07-30T19:46:29.019207+02:00,2026-07-29,2026-07-30,1
9006,68,ALV,2026-07-30T19:46:29.019207+02:00,2026-07-29,2026-07-30,1
9007,68,TVTX,2026-07-30T19:46:29.019207+02:00,2026-07-29,2026-07-30,1
9008,68,UNF,2026-07-30T19:46:29.019207+02:00,2026-07-29,2026-07-30,1
9009,68,WAT,2026-07-30T19:46:29.019207+02:00,2026-07-29,2026-07-30,1
9010,68,APAM,2026-07-30T19:46:29.019207+02:00,2026-07-29,2026-07-30,1
9011,68,ACIW,2026-07-30T19:46:29.019207+02:00,2026-07-29,2026-07-30,1
9012,68,NIC,2026-07-30T19:46:29.019207+02:00,2026-07-29,2026-07-30,1
9013,68,CXT,2026-07-30T19:46:29.019207+02:00,2026-07-29,2026-07-30,1
9014,68,INGM,2026-07-30T19:46:29.019207+02:00,2026-07-29,2026-07-30,1
9015,68,DD,2026-07-30T19:46:29.019207+02:00,2026-07-29,2026-07-30,1
9016,68,SF,2026-07-30T19:46:29.019207+02:00,2026-07-29,2026-07-30,1
9017,68,OPLN,2026-07-30T19:46:29.019207+02:00,2026-07-29,2026-07-30,1
9018,68,PGNY,2026-07-30T19:46:29.019207+02:00,2026-07-29,2026-07-30,1
9019,68,HSIC,2026-07-30T19:46:29.019207+02:00,2026-07-29,2026-07-30,1
9020,68,CHRD,2026-07-30T19:46:29.019207+02:00,2026-07-29,2026-07-30,1
9021,68,LPG,2026-07-30T19:46:29.019207+02:00,2026-07-29,2026-07-30,1
9022,68,COKE,2026-07-30T19:46:29.019207+02:00,2026-07-29,2026-07-30,1
9023,68,ALLE,2026-07-30T19:46:29.019207+02:00,2026-07-29,2026-07-30,1
9024,68,DCI,2026-07-30T19:46:29.019207+02:00,2026-07-29,2026-07-30,1
9025,68,ONB,2026-07-30T19:46:29.019207+02:00,2026-07-29,2026-07-30,1
9026,68,MCK,2026-07-30T19:46:29.019207+02:00,2026-07-29,2026-07-30,1
9027,68,PVH,2026-07-30T19:46:29.019207+02:00,2026-07-29,2026-07-30,1
9029,68,CALY,2026-07-30T19:46:29.019207+02:00,2026-07-29,2026-07-30,1
9030,68,KRC,2026-07-30T19:46:29.019207+02:00,2026-07-29,2026-07-30,1
9031,68,SYF,2026-07-30T19:46:29.019207+02:00,2026-07-29,2026-07-30,1
9032,68,SPB,2026-07-30T19:46:29.019207+02:00,2026-07-29,2026-07-30,1
9033,68,RELY,2026-07-30T19:46:29.019207+02:00,2026-07-29,2026-07-30,1
9034,68,VAC,2026-07-30T19:46:29.019207+02:00,2026-07-29,2026-07-30,1
9035,68,AWR,2026-07-30T19:46:29.019207+02:00,2026-07-29,2026-07-30,1
9036,68,DOC,2026-07-30T19:46:29.019207+02:00,2026-07-29,2026-07-30,1
9038,68,VIK,2026-07-30T19:46:29.019207+02:00,2026-07-29,2026-07-30,1
9039,68,MAC,2026-07-30T19:46:29.019207+02:00,2026-07-29,2026-07-30,1
9040,68,JBTM,2026-07-30T19:46:29.019207+02:00,2026-07-29,2026-07-30,1
9041,68,RDN,2026-07-30T19:46:29.019207+02:00,2026-07-29,2026-07-30,1
9042,68,MSGS,2026-07-30T19:46:29.019207+02:00,2026-07-29,2026-07-30,1
9043,68,BMRN,2026-07-30T19:46:29.019207+02:00,2026-07-29,2026-07-30,1
9044,68,RGA,2026-07-30T19:46:29.019207+02:00,2026-07-29,2026-07-30,1
9045,68,MEDP,2026-07-30T19:46:29.019207+02:00,2026-07-29,2026-07-30,1
9046,68,ZD,2026-07-30T19:46:29.019207+02:00,2026-07-29,2026-07-30,1
9047,68,CNA,2026-07-30T19:46:29.019207+02:00,2026-07-29,2026-07-30,1
9048,68,UAL,2026-07-30T19:46:29.019207+02:00,2026-07-29,2026-07-30,1
9049,68,KTB,2026-07-30T19:46:29.019207+02:00,2026-07-29,2026-07-30,1
9050,68,MSGE,2026-07-30T19:46:29.019207+02:00,2026-07-29,2026-07-30,1
9051,68,PHM,2026-07-30T19:46:29.019207+02:00,2026-07-29,2026-07-30,1
9052,68,AGM,2026-07-30T19:46:29.019207+02:00,2026-07-29,2026-07-30,1
9053,68,SCHW,2026-07-30T19:46:29.019207+02:00,2026-07-29,2026-07-30,1
9054,68,HIG,2026-07-30T19:46:29.019207+02:00,2026-07-29,2026-07-30,1
9055,68,ABNB,2026-07-30T19:46:29.019207+02:00,2026-07-29,2026-07-30,1
9056,68,GEO,2026-07-30T19:46:29.019207+02:00,2026-07-29,2026-07-30,1
9057,68,MLI,2026-07-30T19:46:29.019207+02:00,2026-07-29,2026-07-30,1
9058,68,HON,2026-07-30T19:46:29.019207+02:00,2026-07-29,2026-07-30,1
9059,68,SHW,2026-07-30T19:46:29.019207+02:00,2026-07-29,2026-07-30,1
9060,68,URBN,2026-07-30T19:46:29.019207+02:00,2026-07-29,2026-07-30,1
9061,68,TSN,2026-07-30T19:46:29.019207+02:00,2026-07-29,2026-07-30,1
9062,68,UNH,2026-07-30T19:46:29.019207+02:00,2026-07-29,2026-07-30,1
9063,68,SKYW,2026-07-30T19:46:29.019207+02:00,2026-07-29,2026-07-30,1
9064,68,RJF,2026-07-30T19:46:29.019207+02:00,2026-07-29,2026-07-30,1
9065,68,USB,2026-07-30T19:46:29.019207+02:00,2026-07-29,2026-07-30,1
9066,68,CHH,2026-07-30T19:46:29.019207+02:00,2026-07-29,2026-07-30,1
9067,68,WSM,2026-07-30T19:46:29.019207+02:00,2026-07-29,2026-07-30,1
9068,68,AME,2026-07-30T19:46:29.019207+02:00,2026-07-29,2026-07-30,1
9069,68,ANF,2026-07-30T19:46:29.019207+02:00,2026-07-29,2026-07-30,1
9070,68,BALL,2026-07-30T19:46:29.019207+02:00,2026-07-29,2026-07-30,1
9072,68,NDSN,2026-07-30T19:46:29.019207+02:00,2026-07-29,2026-07-30,1
9073,68,HWC,2026-07-30T19:46:29.019207+02:00,2026-07-29,2026-07-30,1
9074,68,IFF,2026-07-30T19:46:29.019207+02:00,2026-07-29,2026-07-30,1
9075,68,MSA,2026-07-30T19:46:29.019207+02:00,2026-07-29,2026-07-30,1
9076,68,JXN,2026-07-30T19:46:29.019207+02:00,2026-07-29,2026-07-30,1
9077,68,ESNT,2026-07-30T19:46:29.019207+02:00,2026-07-29,2026-07-30,1
9078,68,VCTR,2026-07-30T19:46:29.019207+02:00,2026-07-29,2026-07-30,1
9079,68,ASB,2026-07-30T19:46:29.019207+02:00,2026-07-29,2026-07-30,1
9080,68,KFY,2026-07-30T19:46:29.019207+02:00,2026-07-29,2026-07-30,1
9081,68,SJM,2026-07-30T19:46:29.019207+02:00,2026-07-29,2026-07-30,1
9082,68,AVPT,2026-07-30T19:46:29.019207+02:00,2026-07-29,2026-07-30,1
9083,68,PK,2026-07-30T19:46:29.019207+02:00,2026-07-29,2026-07-30,1
9085,68,FANG,2026-07-30T19:46:29.019207+02:00,2026-07-29,2026-07-30,1
9086,68,FFIN,2026-07-30T19:46:29.019207+02:00,2026-07-29,2026-07-30,1
9087,68,SAIC,2026-07-30T19:46:29.019207+02:00,2026-07-29,2026-07-30,1
9088,68,SM,2026-07-30T19:46:29.019207+02:00,2026-07-29,2026-07-30,1
9089,68,CON,2026-07-30T19:46:29.019207+02:00,2026-07-29,2026-07-30,1
9090,68,AYI,2026-07-30T19:46:29.019207+02:00,2026-07-29,2026-07-30,1
9091,68,OVV,2026-07-30T19:46:29.019207+02:00,2026-07-29,2026-07-30,1
9092,68,MUR,2026-07-30T19:46:29.019207+02:00,2026-07-29,2026-07-30,1
9093,68,FAF,2026-07-30T19:46:29.019207+02:00,2026-07-29,2026-07-30,1
9094,68,VTRS,2026-07-30T19:46:29.019207+02:00,2026-07-29,2026-07-30,1
9095,68,MMM,2026-07-30T19:46:29.019207+02:00,2026-07-29,2026-07-30,1
9096,68,RRC,2026-07-30T19:46:29.019207+02:00,2026-07-29,2026-07-30,1
9097,68,CNS,2026-07-30T19:46:29.019207+02:00,2026-07-29,2026-07-30,1
9098,68,PSMT,2026-07-30T19:46:29.019207+02:00,2026-07-29,2026-07-30,1
9099,68,BJ,2026-07-30T19:46:29.019207+02:00,2026-07-29,2026-07-30,1
9100,68,CF,2026-07-30T19:46:29.019207+02:00,2026-07-29,2026-07-30,1
9101,68,BPOP,2026-07-30T19:46:29.019207+02:00,2026-07-29,2026-07-30,1
9102,68,SLG,2026-07-30T19:46:29.019207+02:00,2026-07-29,2026-07-30,1
9103,68,OZK,2026-07-30T19:46:29.019207+02:00,2026-07-29,2026-07-30,1
9104,68,SLM,2026-07-30T19:46:29.019207+02:00,2026-07-29,2026-07-30,1
9105,68,TRNO,2026-07-30T19:46:29.019207+02:00,2026-07-29,2026-07-30,1
9107,68,MTCH,2026-07-30T19:46:29.019207+02:00,2026-07-29,2026-07-30,1
9108,68,NJR,2026-07-30T19:46:29.019207+02:00,2026-07-29,2026-07-30,1
9109,68,BNY,2026-07-30T19:46:29.019207+02:00,2026-07-29,2026-07-30,1
9110,68,FHN,2026-07-30T19:46:29.019207+02:00,2026-07-29,2026-07-30,1
9111,68,EOG,2026-07-30T19:46:29.019207+02:00,2026-07-29,2026-07-30,1
9112,68,PFG,2026-07-30T19:46:29.019207+02:00,2026-07-29,2026-07-30,1
9113,68,SNA,2026-07-30T19:46:29.019207+02:00,2026-07-29,2026-07-30,1
9114,68,FNF,2026-07-30T19:46:29.019207+02:00,2026-07-29,2026-07-30,1
9115,68,WRB,2026-07-30T19:46:29.019207+02:00,2026-07-29,2026-07-30,1
9116,68,LEVI,2026-07-30T19:46:29.019207+02:00,2026-07-29,2026-07-30,1
9117,68,SFBS,2026-07-30T19:46:29.019207+02:00,2026-07-29,2026-07-30,1
9118,68,LMAT,2026-07-30T19:46:29.019207+02:00,2026-07-29,2026-07-30,1
9119,68,AIT,2026-07-30T19:46:29.019207+02:00,2026-07-29,2026-07-30,1
9120,68,GPC,2026-07-30T19:46:29.019207+02:00,2026-07-29,2026-07-30,1
9121,68,FCNCA,2026-07-30T19:46:29.019207+02:00,2026-07-29,2026-07-30,1
9122,68,SEIC,2026-07-30T19:46:29.019207+02:00,2026-07-29,2026-07-30,1
9123,68,MIAX,2026-07-30T19:46:29.019207+02:00,2026-07-29,2026-07-30,1
9124,68,RF,2026-07-30T19:46:29.019207+02:00,2026-07-29,2026-07-30,1
9125,68,DLO,2026-07-30T19:46:29.019207+02:00,2026-07-29,2026-07-30,1
9126,68,ITGR,2026-07-30T19:46:29.019207+02:00,2026-07-29,2026-07-30,1
9127,68,ENVA,2026-07-30T19:46:29.019207+02:00,2026-07-29,2026-07-30,1
9128,68,VVX,2026-07-30T19:46:29.019207+02:00,2026-07-29,2026-07-30,1
9129,68,TPR,2026-07-30T19:46:29.019207+02:00,2026-07-29,2026-07-30,1
9130,68,SBRA,2026-07-30T19:46:29.019207+02:00,2026-07-29,2026-07-30,1
9131,68,DVA,2026-07-30T19:46:29.019207+02:00,2026-07-29,2026-07-30,1
9132,68,BTSG,2026-07-30T19:46:29.019207+02:00,2026-07-29,2026-07-30,1
9133,68,PKG,2026-07-30T19:46:29.019207+02:00,2026-07-29,2026-07-30,1
9134,68,ECPG,2026-07-30T19:46:29.019207+02:00,2026-07-29,2026-07-30,1
9135,68,ARQT,2026-07-30T19:46:29.019207+02:00,2026-07-29,2026-07-30,1
9136,68,SARO,2026-07-30T19:46:29.019207+02:00,2026-07-29,2026-07-30,1
9137,68,NTRS,2026-07-30T19:46:29.019207+02:00,2026-07-29,2026-07-30,1
9138,68,CCK,2026-07-30T19:46:29.019207+02:00,2026-07-29,2026-07-30,1
9139,68,YETI,2026-07-30T19:46:29.019207+02:00,2026-07-29,2026-07-30,1
9140,68,CCS,2026-07-30T19:46:29.019207+02:00,2026-07-29,2026-07-30,1
9141,68,FRME,2026-07-30T19:46:29.019207+02:00,2026-07-29,2026-07-30,1
9142,68,EHC,2026-07-30T19:46:29.019207+02:00,2026-07-29,2026-07-30,1
9143,68,BIO,2026-07-30T19:46:29.019207+02:00,2026-07-29,2026-07-30,1
9144,68,LW,2026-07-30T19:46:29.019207+02:00,2026-07-29,2026-07-30,1
9145,68,WSFS,2026-07-30T19:46:29.019207+02:00,2026-07-29,2026-07-30,1
9146,68,WSBC,2026-07-30T19:46:29.019207+02:00,2026-07-29,2026-07-30,1
9147,68,CUBI,2026-07-30T19:46:29.019207+02:00,2026-07-29,2026-07-30,1
9148,68,SXT,2026-07-30T19:46:29.019207+02:00,2026-07-29,2026-07-30,1
9149,68,REXR,2026-07-30T19:46:29.019207+02:00,2026-07-29,2026-07-30,1
9150,68,KRYS,2026-07-30T19:46:29.019207+02:00,2026-07-29,2026-07-30,1
9151,68,CASH,2026-07-30T19:46:29.019207+02:00,2026-07-29,2026-07-30,1
9152,68,TCBK,2026-07-30T19:46:29.019207+02:00,2026-07-29,2026-07-30,1
9153,68,DLTR,2026-07-30T19:46:29.019207+02:00,2026-07-29,2026-07-30,1
9154,68,HAS,2026-07-30T19:46:29.019207+02:00,2026-07-29,2026-07-30,1
9155,68,BANR,2026-07-30T19:46:29.019207+02:00,2026-07-29,2026-07-30,1
9156,68,SHC,2026-07-30T19:46:29.019207+02:00,2026-07-29,2026-07-30,1
9157,68,AUB,2026-07-30T19:46:29.019207+02:00,2026-07-29,2026-07-30,1
9158,68,BLFS,2026-07-30T19:46:29.019207+02:00,2026-07-29,2026-07-30,1
12270,72,MIAX,2026-08-03T18:33:45.163791+02:00,2026-07-31,2026-08-03,1
12593,73,MIAX,2026-08-03T18:51:41.946992+02:00,2026-07-31,2026-08-03,1
13893,77,FERG,2026-08-04T18:47:46.325976+02:00,2026-08-03,2026-08-04,1
13894,77,SYY,2026-08-04T18:47:46.325976+02:00,2026-08-03,2026-08-04,1
13895,77,WT,2026-08-04T18:47:46.325976+02:00,2026-08-03,2026-08-04,1
13896,77,BCC,2026-08-04T18:47:46.325976+02:00,2026-08-03,2026-08-04,1
13897,77,TFX,2026-08-04T18:47:46.325976+02:00,2026-08-03,2026-08-04,1
13898,77,ROK,2026-08-04T18:47:46.325976+02:00,2026-08-03,2026-08-04,1
13899,77,SBH,2026-08-04T18:47:46.325976+02:00,2026-08-03,2026-08-04,1
13900,77,DVA,2026-08-04T18:47:46.325976+02:00,2026-08-03,2026-08-04,1
13901,77,JAZZ,2026-08-04T18:47:46.325976+02:00,2026-08-03,2026-08-04,1
13902,77,TFSL,2026-08-04T18:47:46.325976+02:00,2026-08-03,2026-08-04,1
13903,77,KMT,2026-08-04T18:47:46.325976+02:00,2026-08-03,2026-08-04,1
13904,77,TDG,2026-08-04T18:47:46.325976+02:00,2026-08-03,2026-08-04,1
13905,77,MTCH,2026-08-04T18:47:46.325976+02:00,2026-08-03,2026-08-04,1
13906,77,HESM,2026-08-04T18:47:46.325976+02:00,2026-08-03,2026-08-04,1
13907,77,PBI,2026-08-04T18:47:46.325976+02:00,2026-08-03,2026-08-04,1
13908,77,ESTA,2026-08-04T18:47:46.325976+02:00,2026-08-03,2026-08-04,1
13909,77,ZIM,2026-08-04T18:47:46.325976+02:00,2026-08-03,2026-08-04,1
13910,77,OPLN,2026-08-04T18:47:46.325976+02:00,2026-08-03,2026-08-04,1
13911,77,RVLV,2026-08-04T18:47:46.325976+02:00,2026-08-03,2026-08-04,1
13912,77,PK,2026-08-04T18:47:46.325976+02:00,2026-08-03,2026-08-04,1
13913,77,JXN,2026-08-04T18:47:46.325976+02:00,2026-08-03,2026-08-04,1
13914,77,HCI,2026-08-04T18:47:46.325976+02:00,2026-08-03,2026-08-04,1
13915,77,VEEV,2026-08-04T18:47:46.325976+02:00,2026-08-03,2026-08-04,1
13916,77,MGRC,2026-08-04T18:47:46.325976+02:00,2026-08-03,2026-08-04,1
13917,77,TRIP,2026-08-04T18:47:46.325976+02:00,2026-08-03,2026-08-04,1
13918,77,CUZ,2026-08-04T18:47:46.325976+02:00,2026-08-03,2026-08-04,1
13919,77,ZBRA,2026-08-04T18:47:46.325976+02:00,2026-08-03,2026-08-04,1
13920,77,EHC,2026-08-04T18:47:46.325976+02:00,2026-08-03,2026-08-04,1
13921,77,RVTY,2026-08-04T18:47:46.325976+02:00,2026-08-03,2026-08-04,1
13922,77,CLDX,2026-08-04T18:47:46.325976+02:00,2026-08-03,2026-08-04,1
13923,77,BA,2026-08-04T18:47:46.325976+02:00,2026-08-03,2026-08-04,1
13924,77,HAYW,2026-08-04T18:47:46.325976+02:00,2026-08-03,2026-08-04,1
13925,77,AER,2026-08-04T18:47:46.325976+02:00,2026-08-03,2026-08-04,1
13926,77,VRTS,2026-08-04T18:47:46.325976+02:00,2026-08-03,2026-08-04,1
13927,77,TKR,2026-08-04T18:47:46.325976+02:00,2026-08-03,2026-08-04,1
13928,77,TBBK,2026-08-04T18:47:46.325976+02:00,2026-08-03,2026-08-04,1
13929,77,SN,2026-08-04T18:47:46.325976+02:00,2026-08-03,2026-08-04,1
13930,77,AME,2026-08-04T18:47:46.325976+02:00,2026-08-03,2026-08-04,1
13931,77,ARE,2026-08-04T18:47:46.325976+02:00,2026-08-03,2026-08-04,1
13932,77,XRAY,2026-08-04T18:47:46.325976+02:00,2026-08-03,2026-08-04,1
13933,77,RRR,2026-08-04T18:47:46.325976+02:00,2026-08-03,2026-08-04,1
13934,77,BEN,2026-08-04T18:47:46.325976+02:00,2026-08-03,2026-08-04,1
13935,77,EXPE,2026-08-04T18:47:46.325976+02:00,2026-08-03,2026-08-04,1
13936,77,PJT,2026-08-04T18:47:46.325976+02:00,2026-08-03,2026-08-04,1
13937,77,COO,2026-08-04T18:47:46.325976+02:00,2026-08-03,2026-08-04,1
13938,77,CBT,2026-08-04T18:47:46.325976+02:00,2026-08-03,2026-08-04,1
13939,77,AN,2026-08-04T18:47:46.325976+02:00,2026-08-03,2026-08-04,1
13940,77,MRK,2026-08-04T18:47:46.325976+02:00,2026-08-03,2026-08-04,1
13941,77,CNA,2026-08-04T18:47:46.325976+02:00,2026-08-03,2026-08-04,1
13942,77,HSIC,2026-08-04T18:47:46.325976+02:00,2026-08-03,2026-08-04,1
13943,77,LYV,2026-08-04T18:47:46.325976+02:00,2026-08-03,2026-08-04,1
13944,77,AMRX,2026-08-04T18:47:46.325976+02:00,2026-08-03,2026-08-04,1
13945,77,PCAR,2026-08-04T18:47:46.325976+02:00,2026-08-03,2026-08-04,1
13946,77,SON,2026-08-04T18:47:46.325976+02:00,2026-08-03,2026-08-04,1
13947,77,MELI,2026-08-04T18:47:46.325976+02:00,2026-08-03,2026-08-04,1
13948,77,CLMT,2026-08-04T18:47:46.325976+02:00,2026-08-03,2026-08-04,1
13949,77,BBY,2026-08-04T18:47:46.325976+02:00,2026-08-03,2026-08-04,1
13950,77,ILMN,2026-08-04T18:47:46.325976+02:00,2026-08-03,2026-08-04,1
13951,77,DK,2026-08-04T18:47:46.325976+02:00,2026-08-03,2026-08-04,1
13952,77,RELY,2026-08-04T18:47:46.325976+02:00,2026-08-03,2026-08-04,1
13953,77,FRO,2026-08-04T18:47:46.325976+02:00,2026-08-03,2026-08-04,1
13954,77,VLO,2026-08-04T18:47:46.325976+02:00,2026-08-03,2026-08-04,1
13955,77,SPB,2026-08-04T18:47:46.325976+02:00,2026-08-03,2026-08-04,1
13956,77,KO,2026-08-04T18:47:46.325976+02:00,2026-08-03,2026-08-04,1
13957,77,IRT,2026-08-04T18:47:46.325976+02:00,2026-08-03,2026-08-04,1
13958,77,AMGN,2026-08-04T18:47:46.325976+02:00,2026-08-03,2026-08-04,1
13959,77,ATR,2026-08-04T18:47:46.325976+02:00,2026-08-03,2026-08-04,1
13960,77,HQY,2026-08-04T18:47:46.325976+02:00,2026-08-03,2026-08-04,1
13961,77,RDNT,2026-08-04T18:47:46.325976+02:00,2026-08-03,2026-08-04,1
13962,77,BCPC,2026-08-04T18:47:46.325976+02:00,2026-08-03,2026-08-04,1
13963,77,BILL,2026-08-04T18:47:46.325976+02:00,2026-08-03,2026-08-04,1
13964,77,PRI,2026-08-04T18:47:46.325976+02:00,2026-08-03,2026-08-04,1
13965,77,PINS,2026-08-04T18:47:46.325976+02:00,2026-08-03,2026-08-04,1
13966,77,HTGC,2026-08-04T18:47:46.325976+02:00,2026-08-03,2026-08-04,1
13967,77,EQH,2026-08-04T18:47:46.325976+02:00,2026-08-03,2026-08-04,1
13968,77,JBTM,2026-08-04T18:47:46.325976+02:00,2026-08-03,2026-08-04,1
13969,77,USFD,2026-08-04T18:47:46.325976+02:00,2026-08-03,2026-08-04,1
13970,77,IPAR,2026-08-04T18:47:46.325976+02:00,2026-08-03,2026-08-04,1
13971,77,FBIN,2026-08-04T18:47:46.325976+02:00,2026-08-03,2026-08-04,1
13972,77,GTES,2026-08-04T18:47:46.325976+02:00,2026-08-03,2026-08-04,1
13973,77,CRBG,2026-08-04T18:47:46.325976+02:00,2026-08-03,2026-08-04,1
13974,77,MUR,2026-08-04T18:47:46.325976+02:00,2026-08-03,2026-08-04,1
13975,77,CVX,2026-08-04T18:47:46.325976+02:00,2026-08-03,2026-08-04,1
13976,77,UNM,2026-08-04T18:47:46.325976+02:00,2026-08-03,2026-08-04,1
13977,77,RLJ,2026-08-04T18:47:46.325976+02:00,2026-08-03,2026-08-04,1
13978,77,LIVN,2026-08-04T18:47:46.325976+02:00,2026-08-03,2026-08-04,1
13979,77,IR,2026-08-04T18:47:46.325976+02:00,2026-08-03,2026-08-04,1
13980,77,ENR,2026-08-04T18:47:46.325976+02:00,2026-08-03,2026-08-04,1
13981,77,NTRA,2026-08-04T18:47:46.325976+02:00,2026-08-03,2026-08-04,1
13982,77,BKNG,2026-08-04T18:47:46.325976+02:00,2026-08-03,2026-08-04,1
13983,77,PANW,2026-08-04T18:47:46.325976+02:00,2026-08-03,2026-08-04,1
13984,77,LMAT,2026-08-04T18:47:46.325976+02:00,2026-08-03,2026-08-04,1
13985,77,BJ,2026-08-04T18:47:46.325976+02:00,2026-08-03,2026-08-04,1
13986,77,BJRI,2026-08-04T18:47:46.325976+02:00,2026-08-03,2026-08-04,1
13987,77,HIG,2026-08-04T18:47:46.325976+02:00,2026-08-03,2026-08-04,1
13988,77,TTC,2026-08-04T18:47:46.325976+02:00,2026-08-03,2026-08-04,1
13989,77,GWW,2026-08-04T18:47:46.325976+02:00,2026-08-03,2026-08-04,1
13990,77,CALY,2026-08-04T18:47:46.325976+02:00,2026-08-03,2026-08-04,1
13991,77,FANG,2026-08-04T18:47:46.325976+02:00,2026-08-03,2026-08-04,1
13992,77,FTDR,2026-08-04T18:47:46.325976+02:00,2026-08-03,2026-08-04,1
13993,77,WY,2026-08-04T18:47:46.325976+02:00,2026-08-03,2026-08-04,1
13994,77,ACIW,2026-08-04T18:47:46.325976+02:00,2026-08-03,2026-08-04,1
13995,77,MSI,2026-08-04T18:47:46.325976+02:00,2026-08-03,2026-08-04,1
13996,77,ECL,2026-08-04T18:47:46.325976+02:00,2026-08-03,2026-08-04,1
13997,77,CUBI,2026-08-04T18:47:46.325976+02:00,2026-08-03,2026-08-04,1
13998,77,DINO,2026-08-04T18:47:46.325976+02:00,2026-08-03,2026-08-04,1
13999,77,EMR,2026-08-04T18:47:46.325976+02:00,2026-08-03,2026-08-04,1
14000,77,OSK,2026-08-04T18:47:46.325976+02:00,2026-08-03,2026-08-04,1
14001,77,GOOG,2026-08-04T18:47:46.325976+02:00,2026-08-03,2026-08-04,1
14002,77,BALL,2026-08-04T18:47:46.325976+02:00,2026-08-03,2026-08-04,1
14003,77,PRG,2026-08-04T18:47:46.325976+02:00,2026-08-03,2026-08-04,1
14004,77,VOYA,2026-08-04T18:47:46.325976+02:00,2026-08-03,2026-08-04,1
14005,77,SOLV,2026-08-04T18:47:46.325976+02:00,2026-08-03,2026-08-04,1
14006,77,ADP,2026-08-04T18:47:46.325976+02:00,2026-08-03,2026-08-04,1
14007,77,VIK,2026-08-04T18:47:46.325976+02:00,2026-08-03,2026-08-04,1
14008,77,NVST,2026-08-04T18:47:46.325976+02:00,2026-08-03,2026-08-04,1
14009,77,NWS,2026-08-04T18:47:46.325976+02:00,2026-08-03,2026-08-04,1
14010,77,NYT,2026-08-04T18:47:46.325976+02:00,2026-08-03,2026-08-04,1
14011,77,MATX,2026-08-04T18:47:46.325976+02:00,2026-08-03,2026-08-04,1
14012,77,ARW,2026-08-04T18:47:46.325976+02:00,2026-08-03,2026-08-04,1
14013,77,CDW,2026-08-04T18:47:46.325976+02:00,2026-08-03,2026-08-04,1
14014,77,OC,2026-08-04T18:47:46.325976+02:00,2026-08-03,2026-08-04,1
14015,77,AMG,2026-08-04T18:47:46.325976+02:00,2026-08-03,2026-08-04,1
14016,77,SE,2026-08-04T18:47:46.325976+02:00,2026-08-03,2026-08-04,1
14017,77,CVBF,2026-08-04T18:47:46.325976+02:00,2026-08-03,2026-08-04,1
14018,77,FULT,2026-08-04T18:47:46.325976+02:00,2026-08-03,2026-08-04,1
14019,77,EMN,2026-08-04T18:47:46.325976+02:00,2026-08-03,2026-08-04,1
14020,77,NDSN,2026-08-04T18:47:46.325976+02:00,2026-08-03,2026-08-04,1
14021,77,DJCO,2026-08-04T18:47:46.325976+02:00,2026-08-03,2026-08-04,1
14022,77,SHOO,2026-08-04T18:47:46.325976+02:00,2026-08-03,2026-08-04,1
14023,77,NBTB,2026-08-04T18:47:46.325976+02:00,2026-08-03,2026-08-04,1
14024,77,MA,2026-08-04T18:47:46.325976+02:00,2026-08-03,2026-08-04,1
14025,77,MSM,2026-08-04T18:47:46.325976+02:00,2026-08-03,2026-08-04,1
14026,77,LPG,2026-08-04T18:47:46.325976+02:00,2026-08-03,2026-08-04,1
14027,77,CAH,2026-08-04T18:47:46.325976+02:00,2026-08-03,2026-08-04,1
14028,77,WSM,2026-08-04T18:47:46.325976+02:00,2026-08-03,2026-08-04,1
14029,77,ORI,2026-08-04T18:47:46.325976+02:00,2026-08-03,2026-08-04,1
14030,77,DHT,2026-08-04T18:47:46.325976+02:00,2026-08-03,2026-08-04,1
14031,77,NHC,2026-08-04T18:47:46.325976+02:00,2026-08-03,2026-08-04,1
14032,77,ZD,2026-08-04T18:47:46.325976+02:00,2026-08-03,2026-08-04,1
14033,77,HST,2026-08-04T18:47:46.325976+02:00,2026-08-03,2026-08-04,1
14034,77,CCEP,2026-08-04T18:47:46.325976+02:00,2026-08-03,2026-08-04,1
14035,77,OXY,2026-08-04T18:47:46.325976+02:00,2026-08-03,2026-08-04,1
14036,77,TFC,2026-08-04T18:47:46.325976+02:00,2026-08-03,2026-08-04,1
14037,77,ABNB,2026-08-04T18:47:46.325976+02:00,2026-08-03,2026-08-04,1
14038,77,UFPT,2026-08-04T18:47:46.325976+02:00,2026-08-03,2026-08-04,1
14039,77,DV,2026-08-04T18:47:46.325976+02:00,2026-08-03,2026-08-04,1
14040,77,RHP,2026-08-04T18:47:46.325976+02:00,2026-08-03,2026-08-04,1
14041,77,SBLK,2026-08-04T18:47:46.325976+02:00,2026-08-03,2026-08-04,1
14042,77,ADUS,2026-08-04T18:47:46.325976+02:00,2026-08-03,2026-08-04,1
14043,77,ABG,2026-08-04T18:47:46.325976+02:00,2026-08-03,2026-08-04,1
14044,77,COP,2026-08-04T18:47:46.325976+02:00,2026-08-03,2026-08-04,1
14045,77,LTH,2026-08-04T18:47:46.325976+02:00,2026-08-03,2026-08-04,1
14046,77,J,2026-08-04T18:47:46.325976+02:00,2026-08-03,2026-08-04,1
14047,77,APO,2026-08-04T18:47:46.325976+02:00,2026-08-03,2026-08-04,1
14048,77,DD,2026-08-04T18:47:46.325976+02:00,2026-08-03,2026-08-04,1
14049,77,RUSHA,2026-08-04T18:47:46.325976+02:00,2026-08-03,2026-08-04,1
14050,77,DNOW,2026-08-04T18:47:46.325976+02:00,2026-08-03,2026-08-04,1
14051,77,KAI,2026-08-04T18:47:46.325976+02:00,2026-08-03,2026-08-04,1
14052,77,HAPN,2026-08-04T18:47:46.325976+02:00,2026-08-03,2026-08-04,1
14053,77,NDAQ,2026-08-04T18:47:46.325976+02:00,2026-08-03,2026-08-04,1
14054,77,ELAN,2026-08-04T18:47:46.325976+02:00,2026-08-03,2026-08-04,1
14055,77,CRGY,2026-08-04T18:47:46.325976+02:00,2026-08-03,2026-08-04,1
14056,77,TNK,2026-08-04T18:47:46.325976+02:00,2026-08-03,2026-08-04,1
14057,77,KWR,2026-08-04T18:47:46.325976+02:00,2026-08-03,2026-08-04,1
14058,77,MPC,2026-08-04T18:47:46.325976+02:00,2026-08-03,2026-08-04,1
14059,77,CPK,2026-08-04T18:47:46.325976+02:00,2026-08-03,2026-08-04,1
14060,77,UAL,2026-08-04T18:47:46.325976+02:00,2026-08-03,2026-08-04,1
14061,77,BMRN,2026-08-04T18:47:46.325976+02:00,2026-08-03,2026-08-04,1
14062,77,BBT,2026-08-04T18:47:46.325976+02:00,2026-08-03,2026-08-04,1
14063,77,XOM,2026-08-04T18:47:46.325976+02:00,2026-08-03,2026-08-04,1
14064,77,ZM,2026-08-04T18:47:46.325976+02:00,2026-08-03,2026-08-04,1
14065,77,ACAD,2026-08-04T18:47:46.325976+02:00,2026-08-03,2026-08-04,1
14066,77,BBWI,2026-08-04T18:47:46.325976+02:00,2026-08-03,2026-08-04,1
14067,77,EXR,2026-08-04T18:47:46.325976+02:00,2026-08-03,2026-08-04,1
14068,77,EOG,2026-08-04T18:47:46.325976+02:00,2026-08-03,2026-08-04,1
14069,77,DCI,2026-08-04T18:47:46.325976+02:00,2026-08-03,2026-08-04,1
14070,77,DLO,2026-08-04T18:47:46.325976+02:00,2026-08-03,2026-08-04,1
14071,77,BAM,2026-08-04T18:47:46.325976+02:00,2026-08-03,2026-08-04,1
14072,77,GPN,2026-08-04T18:47:46.325976+02:00,2026-08-03,2026-08-04,1
14073,77,PLUS,2026-08-04T18:47:46.325976+02:00,2026-08-03,2026-08-04,1
14074,77,CARG,2026-08-04T18:47:46.325976+02:00,2026-08-03,2026-08-04,1
14075,77,ZBH,2026-08-04T18:47:46.325976+02:00,2026-08-03,2026-08-04,1
14076,77,NVDA,2026-08-04T18:47:46.325976+02:00,2026-08-03,2026-08-04,1
14077,77,BANR,2026-08-04T18:47:46.325976+02:00,2026-08-03,2026-08-04,1
14078,77,BLK,2026-08-04T18:47:46.325976+02:00,2026-08-03,2026-08-04,1
14079,77,ETSY,2026-08-04T18:47:46.325976+02:00,2026-08-03,2026-08-04,1
14080,77,M,2026-08-04T18:47:46.325976+02:00,2026-08-03,2026-08-04,1
14081,77,ELS,2026-08-04T18:47:46.325976+02:00,2026-08-03,2026-08-04,1
14082,77,WTS,2026-08-04T18:47:46.325976+02:00,2026-08-03,2026-08-04,1
14083,77,UNF,2026-08-04T18:47:46.325976+02:00,2026-08-03,2026-08-04,1
14084,77,CDP,2026-08-04T18:47:46.325976+02:00,2026-08-03,2026-08-04,1
14085,77,XYZ,2026-08-04T18:47:46.325976+02:00,2026-08-03,2026-08-04,1
14086,77,MCY,2026-08-04T18:47:46.325976+02:00,2026-08-03,2026-08-04,1
14087,77,CNS,2026-08-04T18:47:46.325976+02:00,2026-08-03,2026-08-04,1
14088,77,CHRD,2026-08-04T18:47:46.325976+02:00,2026-08-03,2026-08-04,1
14089,77,SBCF,2026-08-04T18:47:46.325976+02:00,2026-08-03,2026-08-04,1
14090,77,KTB,2026-08-04T18:47:46.325976+02:00,2026-08-03,2026-08-04,1
14091,77,USPH,2026-08-04T18:47:46.325976+02:00,2026-08-03,2026-08-04,1
14092,77,PR,2026-08-04T18:47:46.325976+02:00,2026-08-03,2026-08-04,1
14093,77,CHD,2026-08-04T18:47:46.325976+02:00,2026-08-03,2026-08-04,1
14094,77,AVNT,2026-08-04T18:47:46.325976+02:00,2026-08-03,2026-08-04,1
14095,77,MSGE,2026-08-04T18:47:46.325976+02:00,2026-08-03,2026-08-04,1
14096,77,GEN,2026-08-04T18:47:46.325976+02:00,2026-08-03,2026-08-04,1
14097,77,TRV,2026-08-04T18:47:46.325976+02:00,2026-08-03,2026-08-04,1
14098,77,BXP,2026-08-04T18:47:46.325976+02:00,2026-08-03,2026-08-04,1
14099,77,DG,2026-08-04T18:47:46.325976+02:00,2026-08-03,2026-08-04,1
14100,77,NTAP,2026-08-04T18:47:46.325976+02:00,2026-08-03,2026-08-04,1
14101,77,DASH,2026-08-04T18:47:46.325976+02:00,2026-08-03,2026-08-04,1
14102,77,KHC,2026-08-04T18:47:46.325976+02:00,2026-08-03,2026-08-04,1
14103,77,FTNT,2026-08-04T18:47:46.325976+02:00,2026-08-03,2026-08-04,1
14104,77,PGNY,2026-08-04T18:47:46.325976+02:00,2026-08-03,2026-08-04,1
14105,77,CW,2026-08-04T18:47:46.325976+02:00,2026-08-03,2026-08-04,1
14106,77,IFF,2026-08-04T18:47:46.325976+02:00,2026-08-03,2026-08-04,1
14107,77,MC,2026-08-04T18:47:46.325976+02:00,2026-08-03,2026-08-04,1
14108,77,CASY,2026-08-04T18:47:46.325976+02:00,2026-08-03,2026-08-04,1
14109,77,FAST,2026-08-04T18:47:46.325976+02:00,2026-08-03,2026-08-04,1
14110,77,AXTA,2026-08-04T18:47:46.325976+02:00,2026-08-03,2026-08-04,1
14111,77,DCO,2026-08-04T18:47:46.325976+02:00,2026-08-03,2026-08-04,1
14112,77,BX,2026-08-04T18:47:46.325976+02:00,2026-08-03,2026-08-04,1
14113,77,ALRM,2026-08-04T18:47:46.325976+02:00,2026-08-03,2026-08-04,1
14114,77,AKR,2026-08-04T18:47:46.325976+02:00,2026-08-03,2026-08-04,1
14115,77,CBOE,2026-08-04T18:47:46.325976+02:00,2026-08-03,2026-08-04,1
14116,77,TTWO,2026-08-04T18:47:46.325976+02:00,2026-08-03,2026-08-04,1
14117,77,MIAX,2026-08-04T18:47:46.325976+02:00,2026-08-03,2026-08-04,1
14118,77,HRB,2026-08-04T18:47:46.325976+02:00,2026-08-03,2026-08-04,1
14119,77,BAP,2026-08-04T18:47:46.325976+02:00,2026-08-03,2026-08-04,1
14120,77,APA,2026-08-04T18:47:46.325976+02:00,2026-08-03,2026-08-04,1
14121,77,SM,2026-08-04T18:47:46.325976+02:00,2026-08-03,2026-08-04,1
14122,77,TRNO,2026-08-04T18:47:46.325976+02:00,2026-08-03,2026-08-04,1
14123,77,GE,2026-08-04T18:47:46.325976+02:00,2026-08-03,2026-08-04,1
14124,77,CROX,2026-08-04T18:47:46.325976+02:00,2026-08-03,2026-08-04,1
14125,77,SIG,2026-08-04T18:47:46.325976+02:00,2026-08-03,2026-08-04,1
14126,77,DLTR,2026-08-04T18:47:46.325976+02:00,2026-08-03,2026-08-04,1
14127,77,IQV,2026-08-04T18:47:46.325976+02:00,2026-08-03,2026-08-04,1
14128,77,PLMR,2026-08-04T18:47:46.325976+02:00,2026-08-03,2026-08-04,1
14129,77,ALL,2026-08-04T18:47:46.325976+02:00,2026-08-03,2026-08-04,1
14130,77,ABM,2026-08-04T18:47:46.325976+02:00,2026-08-03,2026-08-04,1
14131,77,PH,2026-08-04T18:47:46.325976+02:00,2026-08-03,2026-08-04,1
14132,77,VCEL,2026-08-04T18:47:46.325976+02:00,2026-08-03,2026-08-04,1
14133,77,DAL,2026-08-04T18:47:46.325976+02:00,2026-08-03,2026-08-04,1
14134,77,CVSA,2026-08-04T18:47:46.325976+02:00,2026-08-03,2026-08-04,1
14135,77,FSS,2026-08-04T18:47:46.325976+02:00,2026-08-03,2026-08-04,1
14136,77,HON,2026-08-04T18:47:46.325976+02:00,2026-08-03,2026-08-04,1
14137,77,AZZ,2026-08-04T18:47:46.325976+02:00,2026-08-03,2026-08-04,1
14138,77,HEI,2026-08-04T18:47:46.325976+02:00,2026-08-03,2026-08-04,1
14139,77,ESNT,2026-08-04T18:47:46.325976+02:00,2026-08-03,2026-08-04,1
14140,77,VTRS,2026-08-04T18:47:46.325976+02:00,2026-08-03,2026-08-04,1
14141,77,GHC,2026-08-04T18:47:46.325976+02:00,2026-08-03,2026-08-04,1
14142,77,INSW,2026-08-04T18:47:46.325976+02:00,2026-08-03,2026-08-04,1
14143,77,MDLZ,2026-08-04T18:47:46.325976+02:00,2026-08-03,2026-08-04,1
14144,77,IVZ,2026-08-04T18:47:46.325976+02:00,2026-08-03,2026-08-04,1
14145,77,COF,2026-08-04T18:47:46.325976+02:00,2026-08-03,2026-08-04,1
14146,77,FLS,2026-08-04T18:47:46.325976+02:00,2026-08-03,2026-08-04,1
14147,77,RNST,2026-08-04T18:47:46.325976+02:00,2026-08-03,2026-08-04,1
14148,77,BUSE,2026-08-04T18:47:46.325976+02:00,2026-08-03,2026-08-04,1
14149,77,DT,2026-08-04T18:47:46.325976+02:00,2026-08-03,2026-08-04,1
14150,77,PEB,2026-08-04T18:47:46.325976+02:00,2026-08-03,2026-08-04,1
14151,77,MAC,2026-08-04T18:47:46.325976+02:00,2026-08-03,2026-08-04,1
14152,77,BURL,2026-08-04T18:47:46.325976+02:00,2026-08-03,2026-08-04,1
14153,77,JCI,2026-08-04T18:47:46.325976+02:00,2026-08-03,2026-08-04,1
14154,77,DVN,2026-08-04T18:47:46.325976+02:00,2026-08-03,2026-08-04,1
14155,77,SWK,2026-08-04T18:47:46.325976+02:00,2026-08-03,2026-08-04,1
14156,77,SHW,2026-08-04T18:47:46.325976+02:00,2026-08-03,2026-08-04,1
14157,77,AMCR,2026-08-04T18:47:46.325976+02:00,2026-08-03,2026-08-04,1
14158,77,INDB,2026-08-04T18:47:46.325976+02:00,2026-08-03,2026-08-04,1
14159,77,TNL,2026-08-04T18:47:46.325976+02:00,2026-08-03,2026-08-04,1
14160,77,SAIC,2026-08-04T18:47:46.325976+02:00,2026-08-03,2026-08-04,1
14161,77,TPR,2026-08-04T18:47:46.325976+02:00,2026-08-03,2026-08-04,1
14162,77,VRSN,2026-08-04T18:47:46.325976+02:00,2026-08-03,2026-08-04,1
14163,77,CXT,2026-08-04T18:47:46.325976+02:00,2026-08-03,2026-08-04,1
14164,77,CMG,2026-08-04T18:47:46.325976+02:00,2026-08-03,2026-08-04,1
14165,77,TOST,2026-08-04T18:47:46.325976+02:00,2026-08-03,2026-08-04,1
14166,77,JEF,2026-08-04T18:47:46.325976+02:00,2026-08-03,2026-08-04,1
14167,77,FITB,2026-08-04T18:47:46.325976+02:00,2026-08-03,2026-08-04,1
14168,77,PVH,2026-08-04T18:47:46.325976+02:00,2026-08-03,2026-08-04,1
14169,77,ITT,2026-08-04T18:47:46.325976+02:00,2026-08-03,2026-08-04,1
14170,77,HRL,2026-08-04T18:47:46.325976+02:00,2026-08-03,2026-08-04,1
14171,77,AR,2026-08-04T18:47:46.325976+02:00,2026-08-03,2026-08-04,1
14172,77,DRI,2026-08-04T18:47:46.325976+02:00,2026-08-03,2026-08-04,1
14173,77,AXP,2026-08-04T18:47:46.325976+02:00,2026-08-03,2026-08-04,1
14174,77,WES,2026-08-04T18:47:46.325976+02:00,2026-08-03,2026-08-04,1
14175,77,PSX,2026-08-04T18:47:46.325976+02:00,2026-08-03,2026-08-04,1
14176,77,BNY,2026-08-04T18:47:46.325976+02:00,2026-08-03,2026-08-04,1
14177,77,BCO,2026-08-04T18:47:46.325976+02:00,2026-08-03,2026-08-04,1
14178,77,LOAR,2026-08-04T18:47:46.325976+02:00,2026-08-03,2026-08-04,1
14179,77,CUBE,2026-08-04T18:47:46.325976+02:00,2026-08-03,2026-08-04,1
14180,77,JPM,2026-08-04T18:47:46.325976+02:00,2026-08-03,2026-08-04,1
14181,77,A,2026-08-04T18:47:46.325976+02:00,2026-08-03,2026-08-04,1
14182,77,IRON,2026-08-04T18:47:46.325976+02:00,2026-08-03,2026-08-04,1
14183,77,URBN,2026-08-04T18:47:46.325976+02:00,2026-08-03,2026-08-04,1
14184,77,SKWD,2026-08-04T18:47:46.325976+02:00,2026-08-03,2026-08-04,1
14185,77,AVT,2026-08-04T18:47:46.325976+02:00,2026-08-03,2026-08-04,1
14186,77,SJM,2026-08-04T18:47:46.325976+02:00,2026-08-03,2026-08-04,1
14187,77,KFY,2026-08-04T18:47:46.325976+02:00,2026-08-03,2026-08-04,1
14188,77,LECO,2026-08-04T18:47:46.325976+02:00,2026-08-03,2026-08-04,1
14189,77,WLY,2026-08-04T18:47:46.325976+02:00,2026-08-03,2026-08-04,1
14190,77,FIBK,2026-08-04T18:47:46.325976+02:00,2026-08-03,2026-08-04,1
14191,77,CCL,2026-08-04T18:47:46.325976+02:00,2026-08-03,2026-08-04,1
14192,77,SFNC,2026-08-04T18:47:46.325976+02:00,2026-08-03,2026-08-04,1
14193,77,VZ,2026-08-04T18:47:46.325976+02:00,2026-08-03,2026-08-04,1
14194,77,DBX,2026-08-04T18:47:46.325976+02:00,2026-08-03,2026-08-04,1
14195,77,RGA,2026-08-04T18:47:46.325976+02:00,2026-08-03,2026-08-04,1
14196,77,CTAS,2026-08-04T18:47:46.325976+02:00,2026-08-03,2026-08-04,1
14197,77,HALO,2026-08-04T18:47:46.325976+02:00,2026-08-03,2026-08-04,1
14198,77,ECPG,2026-08-04T18:47:46.325976+02:00,2026-08-03,2026-08-04,1
14199,77,BOX,2026-08-04T18:47:46.325976+02:00,2026-08-03,2026-08-04,1
14200,77,PAYX,2026-08-04T18:47:46.325976+02:00,2026-08-03,2026-08-04,1
14201,77,BDC,2026-08-04T18:47:46.325976+02:00,2026-08-03,2026-08-04,1
14202,77,HWC,2026-08-04T18:47:46.325976+02:00,2026-08-03,2026-08-04,1
14203,77,ZWS,2026-08-04T18:47:46.325976+02:00,2026-08-03,2026-08-04,1
14204,77,VNO,2026-08-04T18:47:46.325976+02:00,2026-08-03,2026-08-04,1
14205,77,STRA,2026-08-04T18:47:46.325976+02:00,2026-08-03,2026-08-04,1
14206,77,GL,2026-08-04T18:47:46.325976+02:00,2026-08-03,2026-08-04,1
14207,77,CON,2026-08-04T18:47:46.325976+02:00,2026-08-03,2026-08-04,1
14208,77,SFBS,2026-08-04T18:47:46.325976+02:00,2026-08-03,2026-08-04,1
14209,77,BPOP,2026-08-04T18:47:46.325976+02:00,2026-08-03,2026-08-04,1
14210,77,WCC,2026-08-04T18:47:46.325976+02:00,2026-08-03,2026-08-04,1
14211,77,GEO,2026-08-04T18:47:46.325976+02:00,2026-08-03,2026-08-04,1
14212,77,ROP,2026-08-04T18:47:46.325976+02:00,2026-08-03,2026-08-04,1
14213,77,SNA,2026-08-04T18:47:46.325976+02:00,2026-08-03,2026-08-04,1
14214,77,V,2026-08-04T18:47:46.325976+02:00,2026-08-03,2026-08-04,1
14215,77,ACGL,2026-08-04T18:47:46.325976+02:00,2026-08-03,2026-08-04,1
14216,77,BRO,2026-08-04T18:47:46.325976+02:00,2026-08-03,2026-08-04,1
14217,77,AS,2026-08-04T18:47:46.325976+02:00,2026-08-03,2026-08-04,1
14218,77,NTRS,2026-08-04T18:47:46.325976+02:00,2026-08-03,2026-08-04,1
14219,77,URI,2026-08-04T18:47:46.325976+02:00,2026-08-03,2026-08-04,1
14220,77,PFGC,2026-08-04T18:47:46.325976+02:00,2026-08-03,2026-08-04,1
14221,77,RRC,2026-08-04T18:47:46.325976+02:00,2026-08-03,2026-08-04,1
14222,77,YETI,2026-08-04T18:47:46.325976+02:00,2026-08-03,2026-08-04,1
14223,77,ALV,2026-08-04T18:47:46.325976+02:00,2026-08-03,2026-08-04,1
14224,77,HPQ,2026-08-04T18:47:46.325976+02:00,2026-08-03,2026-08-04,1
14225,77,WFC,2026-08-04T18:47:46.325976+02:00,2026-08-03,2026-08-04,1
14226,77,CR,2026-08-04T18:47:46.325976+02:00,2026-08-03,2026-08-04,1
14227,77,TTEK,2026-08-04T18:47:46.325976+02:00,2026-08-03,2026-08-04,1
14228,77,VLTO,2026-08-04T18:47:46.325976+02:00,2026-08-03,2026-08-04,1
14229,77,MIDD,2026-08-04T18:47:46.325976+02:00,2026-08-03,2026-08-04,1
14230,77,AVPT,2026-08-04T18:47:46.325976+02:00,2026-08-03,2026-08-04,1
14231,77,CSL,2026-08-04T18:47:46.325976+02:00,2026-08-03,2026-08-04,1
14232,77,SW,2026-08-04T18:47:46.325976+02:00,2026-08-03,2026-08-04,1
14233,77,CLH,2026-08-04T18:47:46.325976+02:00,2026-08-03,2026-08-04,1
14234,77,DDS,2026-08-04T18:47:46.325976+02:00,2026-08-03,2026-08-04,1
14235,77,CBRE,2026-08-04T18:47:46.325976+02:00,2026-08-03,2026-08-04,1
14236,77,SCHW,2026-08-04T18:47:46.325976+02:00,2026-08-03,2026-08-04,1
14237,77,CPA,2026-08-04T18:47:46.325976+02:00,2026-08-03,2026-08-04,1
14238,77,FRME,2026-08-04T18:47:46.325976+02:00,2026-08-03,2026-08-04,1
14239,77,HIW,2026-08-04T18:47:46.325976+02:00,2026-08-03,2026-08-04,1
14240,77,MRSH,2026-08-04T18:47:46.325976+02:00,2026-08-03,2026-08-04,1
14241,77,MLI,2026-08-04T18:47:46.325976+02:00,2026-08-03,2026-08-04,1
14242,77,WSFS,2026-08-04T18:47:46.325976+02:00,2026-08-03,2026-08-04,1
14243,77,CCK,2026-08-04T18:47:46.325976+02:00,2026-08-03,2026-08-04,1
14244,77,CRL,2026-08-04T18:47:46.325976+02:00,2026-08-03,2026-08-04,1
14245,77,PSMT,2026-08-04T18:47:46.325976+02:00,2026-08-03,2026-08-04,1
14246,77,RCL,2026-08-04T18:47:46.325976+02:00,2026-08-03,2026-08-04,1
14247,77,HWM,2026-08-04T18:47:46.325976+02:00,2026-08-03,2026-08-04,1
14248,77,DLR,2026-08-04T18:47:46.325976+02:00,2026-08-03,2026-08-04,1
14249,77,LH,2026-08-04T18:47:46.325976+02:00,2026-08-03,2026-08-04,1
14250,77,AUB,2026-08-04T18:47:46.325976+02:00,2026-08-03,2026-08-04,1
14251,77,RPM,2026-08-04T18:47:46.325976+02:00,2026-08-03,2026-08-04,1
14252,77,JOYY,2026-08-04T18:47:46.325976+02:00,2026-08-03,2026-08-04,1
14253,77,CPAY,2026-08-04T18:47:46.325976+02:00,2026-08-03,2026-08-04,1
14254,77,WAL,2026-08-04T18:47:46.325976+02:00,2026-08-03,2026-08-04,1
14255,77,BFH,2026-08-04T18:47:46.325976+02:00,2026-08-03,2026-08-04,1
14256,77,REXR,2026-08-04T18:47:46.325976+02:00,2026-08-03,2026-08-04,1
14257,77,EW,2026-08-04T18:47:46.325976+02:00,2026-08-03,2026-08-04,1
14258,77,SKYW,2026-08-04T18:47:46.325976+02:00,2026-08-03,2026-08-04,1
14259,77,CCS,2026-08-04T18:47:46.325976+02:00,2026-08-03,2026-08-04,1
14260,77,WSBC,2026-08-04T18:47:46.325976+02:00,2026-08-03,2026-08-04,1
14261,77,OVV,2026-08-04T18:47:46.325976+02:00,2026-08-03,2026-08-04,1
14262,77,GD,2026-08-04T18:47:46.325976+02:00,2026-08-03,2026-08-04,1
14263,77,PKG,2026-08-04T18:47:46.325976+02:00,2026-08-03,2026-08-04,1
14264,77,AIT,2026-08-04T18:47:46.325976+02:00,2026-08-03,2026-08-04,1
14265,77,RLI,2026-08-04T18:47:46.325976+02:00,2026-08-03,2026-08-04,1
14266,77,LEVI,2026-08-04T18:47:46.325976+02:00,2026-08-03,2026-08-04,1
14267,77,CFG,2026-08-04T18:47:46.325976+02:00,2026-08-03,2026-08-04,1
14268,77,FELE,2026-08-04T18:47:46.325976+02:00,2026-08-03,2026-08-04,1
14269,77,PAG,2026-08-04T18:47:46.325976+02:00,2026-08-03,2026-08-04,1
14270,77,NIC,2026-08-04T18:47:46.325976+02:00,2026-08-03,2026-08-04,1
14271,77,ACT,2026-08-04T18:47:46.325976+02:00,2026-08-03,2026-08-04,1
14272,77,NTES,2026-08-04T18:47:46.325976+02:00,2026-08-03,2026-08-04,1
14273,77,GLBE,2026-08-04T18:47:46.325976+02:00,2026-08-03,2026-08-04,1
14274,77,SARO,2026-08-04T18:47:46.325976+02:00,2026-08-03,2026-08-04,1
14275,77,TCBK,2026-08-04T18:47:46.325976+02:00,2026-08-03,2026-08-04,1
14276,77,FFBC,2026-08-04T18:47:46.325976+02:00,2026-08-03,2026-08-04,1
14277,77,PHM,2026-08-04T18:47:46.325976+02:00,2026-08-03,2026-08-04,1
14278,77,ASH,2026-08-04T18:47:46.325976+02:00,2026-08-03,2026-08-04,1
14279,77,FHN,2026-08-04T18:47:46.325976+02:00,2026-08-03,2026-08-04,1
14280,77,INCY,2026-08-04T18:47:46.325976+02:00,2026-08-03,2026-08-04,1
14281,77,ITW,2026-08-04T18:47:46.325976+02:00,2026-08-03,2026-08-04,1
14282,77,IP,2026-08-04T18:47:46.325976+02:00,2026-08-03,2026-08-04,1
14283,77,FCNCA,2026-08-04T18:47:46.325976+02:00,2026-08-03,2026-08-04,1
14284,77,GPC,2026-08-04T18:47:46.325976+02:00,2026-08-03,2026-08-04,1
14285,77,MTN,2026-08-04T18:47:46.325976+02:00,2026-08-03,2026-08-04,1
14286,77,SLG,2026-08-04T18:47:46.325976+02:00,2026-08-03,2026-08-04,1
14287,77,BKR,2026-08-04T18:47:46.325976+02:00,2026-08-03,2026-08-04,1
14288,77,WST,2026-08-04T18:47:46.325976+02:00,2026-08-03,2026-08-04,1
14289,77,UNP,2026-08-04T18:47:46.325976+02:00,2026-08-03,2026-08-04,1
14290,77,KRC,2026-08-04T18:47:46.325976+02:00,2026-08-03,2026-08-04,1
14291,77,RNR,2026-08-04T18:47:46.325976+02:00,2026-08-03,2026-08-04,1
14292,77,OZK,2026-08-04T18:47:46.325976+02:00,2026-08-03,2026-08-04,1
14293,77,FAF,2026-08-04T18:47:46.325976+02:00,2026-08-03,2026-08-04,1
14294,77,STT,2026-08-04T18:47:46.325976+02:00,2026-08-03,2026-08-04,1
14295,77,HAS,2026-08-04T18:47:46.325976+02:00,2026-08-03,2026-08-04,1
14296,77,RDN,2026-08-04T18:47:46.325976+02:00,2026-08-03,2026-08-04,1
14297,77,TDY,2026-08-04T18:47:46.325976+02:00,2026-08-03,2026-08-04,1
14298,77,PFG,2026-08-04T18:47:46.325976+02:00,2026-08-03,2026-08-04,1
14299,77,CASH,2026-08-04T18:47:46.325976+02:00,2026-08-03,2026-08-04,1
14300,77,EBC,2026-08-04T18:47:46.325976+02:00,2026-08-03,2026-08-04,1
14301,77,UMBF,2026-08-04T18:47:46.325976+02:00,2026-08-03,2026-08-04,1
14302,77,MMM,2026-08-04T18:47:46.325976+02:00,2026-08-03,2026-08-04,1
14303,77,MGNI,2026-08-04T18:47:46.325976+02:00,2026-08-03,2026-08-04,1
14304,77,SHC,2026-08-04T18:47:46.325976+02:00,2026-08-03,2026-08-04,1
14305,77,SYF,2026-08-04T18:47:46.325976+02:00,2026-08-03,2026-08-04,1
14306,77,NSC,2026-08-04T18:47:46.325976+02:00,2026-08-03,2026-08-04,1
14307,77,TRU,2026-08-04T18:47:46.325976+02:00,2026-08-03,2026-08-04,1
14308,77,GM,2026-08-04T18:47:46.325976+02:00,2026-08-03,2026-08-04,1
14309,77,IEX,2026-08-04T18:47:46.325976+02:00,2026-08-03,2026-08-04,1
14310,77,STC,2026-08-04T18:47:46.325976+02:00,2026-08-03,2026-08-04,1
14311,77,WAB,2026-08-04T18:47:46.325976+02:00,2026-08-03,2026-08-04,1
14312,77,PSA,2026-08-04T18:47:46.325976+02:00,2026-08-03,2026-08-04,1
14313,77,MEDP,2026-08-04T18:47:46.325976+02:00,2026-08-03,2026-08-04,1
14314,77,BIP,2026-08-04T18:47:46.325976+02:00,2026-08-03,2026-08-04,1
14315,77,KMX,2026-08-04T18:47:46.325976+02:00,2026-08-03,2026-08-04,1
14317,77,SXT,2026-08-04T18:47:46.325976+02:00,2026-08-03,2026-08-04,1
14318,77,BLFS,2026-08-04T18:47:46.325976+02:00,2026-08-03,2026-08-04,1
26992,120,CVX,2026-08-20T17:14:11.735598+02:00,2026-08-19,2026-08-20,1
26993,120,CORT,2026-08-20T17:14:11.735598+02:00,2026-08-19,2026-08-20,1
26994,120,CRGY,2026-08-20T17:14:11.735598+02:00,2026-08-19,2026-08-20,1
26995,120,IDYA,2026-08-20T17:14:11.735598+02:00,2026-08-19,2026-08-20,1
26996,120,GILD,2026-08-20T17:14:11.735598+02:00,2026-08-19,2026-08-20,1
26997,120,DASH,2026-08-20T17:14:11.735598+02:00,2026-08-19,2026-08-20,1
26998,120,ELV,2026-08-20T17:14:11.735598+02:00,2026-08-19,2026-08-20,1
26999,120,AM,2026-08-20T17:14:11.735598+02:00,2026-08-19,2026-08-20,1
27002,120,PCG,2026-08-20T17:14:11.735598+02:00,2026-08-19,2026-08-20,1
27003,120,SUPN,2026-08-20T17:14:11.735598+02:00,2026-08-19,2026-08-20,1
27005,120,TRGP,2026-08-20T17:14:11.735598+02:00,2026-08-19,2026-08-20,1
27006,120,AXGN,2026-08-20T17:14:11.735598+02:00,2026-08-19,2026-08-20,1
27007,120,TILE,2026-08-20T17:14:11.735598+02:00,2026-08-19,2026-08-20,1
27008,120,MSI,2026-08-20T17:14:11.735598+02:00,2026-08-19,2026-08-20,1
27009,120,SAIC,2026-08-20T17:14:11.735598+02:00,2026-08-19,2026-08-20,1
27010,120,LMT,2026-08-20T17:14:11.735598+02:00,2026-08-19,2026-08-20,1
27011,120,UGI,2026-08-20T17:14:11.735598+02:00,2026-08-19,2026-08-20,1
27012,120,COP,2026-08-20T17:14:11.735598+02:00,2026-08-19,2026-08-20,1
27014,120,OVV,2026-08-20T17:14:11.735598+02:00,2026-08-19,2026-08-20,1
27015,120,LKNCY,2026-08-20T17:14:11.735598+02:00,2026-08-19,2026-08-20,1
27016,120,TARS,2026-08-20T17:14:11.735598+02:00,2026-08-19,2026-08-20,1
27018,120,DINO,2026-08-20T17:14:11.735598+02:00,2026-08-19,2026-08-20,1
27020,120,NHC,2026-08-20T17:14:11.735598+02:00,2026-08-19,2026-08-20,1
27024,120,SPOT,2026-08-20T17:14:11.735598+02:00,2026-08-19,2026-08-20,1
27025,120,BMY,2026-08-20T17:14:11.735598+02:00,2026-08-19,2026-08-20,1
27026,120,PK,2026-08-20T17:14:11.735598+02:00,2026-08-19,2026-08-20,1
27027,120,SLG,2026-08-20T17:14:11.735598+02:00,2026-08-19,2026-08-20,1
27028,120,SBLK,2026-08-20T17:14:11.735598+02:00,2026-08-19,2026-08-20,1
27029,120,OXY,2026-08-20T17:14:11.735598+02:00,2026-08-19,2026-08-20,1
27031,120,LPG,2026-08-20T17:14:11.735598+02:00,2026-08-19,2026-08-20,1
27032,120,PFE,2026-08-20T17:14:11.735598+02:00,2026-08-19,2026-08-20,1
27033,120,MTDR,2026-08-20T17:14:11.735598+02:00,2026-08-19,2026-08-20,1
27034,120,SRRK,2026-08-20T17:14:11.735598+02:00,2026-08-19,2026-08-20,1
27035,120,ICUI,2026-08-20T17:14:11.735598+02:00,2026-08-19,2026-08-20,1
27036,120,ICE,2026-08-20T17:14:11.735598+02:00,2026-08-19,2026-08-20,1
27037,120,ZBH,2026-08-20T17:14:11.735598+02:00,2026-08-19,2026-08-20,1
27039,120,DT,2026-08-20T17:14:11.735598+02:00,2026-08-19,2026-08-20,1
27040,120,MORN,2026-08-20T17:14:11.735598+02:00,2026-08-19,2026-08-20,1
27041,120,DXCM,2026-08-20T17:14:11.735598+02:00,2026-08-19,2026-08-20,1
27042,120,SOLV,2026-08-20T17:14:11.735598+02:00,2026-08-19,2026-08-20,1
27043,120,SPSC,2026-08-20T17:14:11.735598+02:00,2026-08-19,2026-08-20,1
27044,120,EAT,2026-08-20T17:14:11.735598+02:00,2026-08-19,2026-08-20,1
27045,120,ESNT,2026-08-20T17:14:11.735598+02:00,2026-08-19,2026-08-20,1
27046,120,KNTK,2026-08-20T17:14:11.735598+02:00,2026-08-19,2026-08-20,1
27047,120,MD,2026-08-20T17:14:11.735598+02:00,2026-08-19,2026-08-20,1
27048,120,IRON,2026-08-20T17:14:11.735598+02:00,2026-08-19,2026-08-20,1
27049,120,EXPO,2026-08-20T17:14:11.735598+02:00,2026-08-19,2026-08-20,1
27050,120,TNET,2026-08-20T17:14:11.735598+02:00,2026-08-19,2026-08-20,1
27052,120,NWS,2026-08-20T17:14:11.735598+02:00,2026-08-19,2026-08-20,1
27054,120,TVTX,2026-08-20T17:14:11.735598+02:00,2026-08-19,2026-08-20,1
27055,120,ADUS,2026-08-20T17:14:11.735598+02:00,2026-08-19,2026-08-20,1
27057,120,FRO,2026-08-20T17:14:11.735598+02:00,2026-08-19,2026-08-20,1
27059,120,PTEN,2026-08-20T17:14:11.735598+02:00,2026-08-19,2026-08-20,1
27060,120,PR,2026-08-20T17:14:11.735598+02:00,2026-08-19,2026-08-20,1
27061,120,CHRD,2026-08-20T17:14:11.735598+02:00,2026-08-19,2026-08-20,1
27062,120,TALO,2026-08-20T17:14:11.735598+02:00,2026-08-19,2026-08-20,1
27063,120,MTN,2026-08-20T17:14:11.735598+02:00,2026-08-19,2026-08-20,1
27064,120,FDS,2026-08-20T17:14:11.735598+02:00,2026-08-19,2026-08-20,1
27066,120,HRMY,2026-08-20T17:14:11.735598+02:00,2026-08-19,2026-08-20,1
27067,120,MTCH,2026-08-20T17:14:11.735598+02:00,2026-08-19,2026-08-20,1
27068,120,EXLS,2026-08-20T17:14:11.735598+02:00,2026-08-19,2026-08-20,1
27069,120,ROIV,2026-08-20T17:14:11.735598+02:00,2026-08-19,2026-08-20,1
27072,120,BLK,2026-08-20T17:14:11.735598+02:00,2026-08-19,2026-08-20,1
27073,120,ERIE,2026-08-20T17:14:11.735598+02:00,2026-08-19,2026-08-20,1
27074,120,LYB,2026-08-20T17:14:11.735598+02:00,2026-08-19,2026-08-20,1
27075,120,CAH,2026-08-20T17:14:11.735598+02:00,2026-08-19,2026-08-20,1
27076,120,JJSF,2026-08-20T17:14:11.735598+02:00,2026-08-19,2026-08-20,1
27078,120,TGT,2026-08-20T17:14:11.735598+02:00,2026-08-19,2026-08-20,1
27079,120,SM,2026-08-20T17:14:11.735598+02:00,2026-08-19,2026-08-20,1
27080,120,TRUP,2026-08-20T17:14:11.735598+02:00,2026-08-19,2026-08-20,1
27081,120,STRA,2026-08-20T17:14:11.735598+02:00,2026-08-19,2026-08-20,1
27083,120,MDLZ,2026-08-20T17:14:11.735598+02:00,2026-08-19,2026-08-20,1
27084,120,COO,2026-08-20T17:14:11.735598+02:00,2026-08-19,2026-08-20,1
27085,120,APD,2026-08-20T17:14:11.735598+02:00,2026-08-19,2026-08-20,1
27086,120,EHC,2026-08-20T17:14:11.735598+02:00,2026-08-19,2026-08-20,1
27088,120,AVY,2026-08-20T17:14:11.735598+02:00,2026-08-19,2026-08-20,1
27089,120,BBY,2026-08-20T17:14:11.735598+02:00,2026-08-19,2026-08-20,1
27090,120,RLI,2026-08-20T17:14:11.735598+02:00,2026-08-19,2026-08-20,1
27092,120,BBIO,2026-08-20T17:14:11.735598+02:00,2026-08-19,2026-08-20,1
27093,120,CGON,2026-08-20T17:14:11.735598+02:00,2026-08-19,2026-08-20,1
27095,120,MAN,2026-08-20T17:14:11.735598+02:00,2026-08-19,2026-08-20,1
27096,120,DLTR,2026-08-20T17:14:11.735598+02:00,2026-08-19,2026-08-20,1
27097,120,ABBV,2026-08-20T17:14:11.735598+02:00,2026-08-19,2026-08-20,1
27098,120,PCVX,2026-08-20T17:14:11.735598+02:00,2026-08-19,2026-08-20,1
27100,120,ADM,2026-08-20T17:14:11.735598+02:00,2026-08-19,2026-08-20,1
27101,120,IQV,2026-08-20T17:14:11.735598+02:00,2026-08-19,2026-08-20,1
27103,120,FAST,2026-08-20T17:14:11.735598+02:00,2026-08-19,2026-08-20,1
27104,120,TBBB,2026-08-20T17:14:11.735598+02:00,2026-08-19,2026-08-20,1
27106,120,FIVE,2026-08-20T17:14:11.735598+02:00,2026-08-19,2026-08-20,1
27107,120,KFY,2026-08-20T17:14:11.735598+02:00,2026-08-19,2026-08-20,1
27108,120,INSW,2026-08-20T17:14:11.735598+02:00,2026-08-19,2026-08-20,1
27109,120,AGYS,2026-08-20T17:14:11.735598+02:00,2026-08-19,2026-08-20,1
27111,120,VZ,2026-08-20T17:14:11.735598+02:00,2026-08-19,2026-08-20,1
27112,120,AMRX,2026-08-20T17:14:11.735598+02:00,2026-08-19,2026-08-20,1
27113,120,NDAQ,2026-08-20T17:14:11.735598+02:00,2026-08-19,2026-08-20,1
27114,120,ZD,2026-08-20T17:14:11.735598+02:00,2026-08-19,2026-08-20,1
27118,120,JXN,2026-08-20T17:14:11.735598+02:00,2026-08-19,2026-08-20,1
27119,120,ECL,2026-08-20T17:14:11.735598+02:00,2026-08-19,2026-08-20,1
27120,120,FDX,2026-08-20T17:14:11.735598+02:00,2026-08-19,2026-08-20,1
27121,120,TMO,2026-08-20T17:14:11.735598+02:00,2026-08-19,2026-08-20,1
27122,120,NEOG,2026-08-20T17:14:11.735598+02:00,2026-08-19,2026-08-20,1
27124,120,SDRL,2026-08-20T17:14:11.735598+02:00,2026-08-19,2026-08-20,1
27125,120,BMRN,2026-08-20T17:14:11.735598+02:00,2026-08-19,2026-08-20,1
27126,120,HPQ,2026-08-20T17:14:11.735598+02:00,2026-08-19,2026-08-20,1
27127,120,BKNG,2026-08-20T17:14:11.735598+02:00,2026-08-19,2026-08-20,1
27128,120,ALKT,2026-08-20T17:14:11.735598+02:00,2026-08-19,2026-08-20,1
27129,120,MCK,2026-08-20T17:14:11.735598+02:00,2026-08-19,2026-08-20,1
27132,120,TPG,2026-08-20T17:14:11.735598+02:00,2026-08-19,2026-08-20,1
27133,120,MCO,2026-08-20T17:14:11.735598+02:00,2026-08-19,2026-08-20,1
27135,120,LPLA,2026-08-20T17:14:11.735598+02:00,2026-08-19,2026-08-20,1
27136,120,WEX,2026-08-20T17:14:11.735598+02:00,2026-08-19,2026-08-20,1
27137,120,BDX,2026-08-20T17:14:11.735598+02:00,2026-08-19,2026-08-20,1
27138,120,VEEV,2026-08-20T17:14:11.735598+02:00,2026-08-19,2026-08-20,1
27140,120,VNOM,2026-08-20T17:14:11.735598+02:00,2026-08-19,2026-08-20,1
27142,120,ELVN,2026-08-20T17:14:11.735598+02:00,2026-08-19,2026-08-20,1
27143,120,BIIB,2026-08-20T17:14:11.735598+02:00,2026-08-19,2026-08-20,1
27144,120,RITM,2026-08-20T17:14:11.735598+02:00,2026-08-19,2026-08-20,1
27145,120,DAR,2026-08-20T17:14:11.735598+02:00,2026-08-19,2026-08-20,1
27146,120,NTNX,2026-08-20T17:14:11.735598+02:00,2026-08-19,2026-08-20,1
27147,120,GPN,2026-08-20T17:14:11.735598+02:00,2026-08-19,2026-08-20,1
27148,120,NTRA,2026-08-20T17:14:11.735598+02:00,2026-08-19,2026-08-20,1
27149,120,RYTM,2026-08-20T17:14:11.735598+02:00,2026-08-19,2026-08-20,1
27150,120,ZIM,2026-08-20T17:14:11.735598+02:00,2026-08-19,2026-08-20,1
27152,120,CLH,2026-08-20T17:14:11.735598+02:00,2026-08-19,2026-08-20,1
27154,120,TAL,2026-08-20T17:14:11.735598+02:00,2026-08-19,2026-08-20,1
27155,120,EXPE,2026-08-20T17:14:11.735598+02:00,2026-08-19,2026-08-20,1
27156,120,AAMI,2026-08-20T17:14:11.735598+02:00,2026-08-19,2026-08-20,1
27157,120,NCNO,2026-08-20T17:14:11.735598+02:00,2026-08-19,2026-08-20,1
27158,120,S,2026-08-20T17:14:11.735598+02:00,2026-08-19,2026-08-20,1
27159,120,HOG,2026-08-20T17:14:11.735598+02:00,2026-08-19,2026-08-20,1
27160,120,SLB,2026-08-20T17:14:11.735598+02:00,2026-08-19,2026-08-20,1
27161,120,BKR,2026-08-20T17:14:11.735598+02:00,2026-08-19,2026-08-20,1
27163,120,COF,2026-08-20T17:14:11.735598+02:00,2026-08-19,2026-08-20,1
27164,120,AZTA,2026-08-20T17:14:11.735598+02:00,2026-08-19,2026-08-20,1
27165,120,ALRM,2026-08-20T17:14:11.735598+02:00,2026-08-19,2026-08-20,1
27166,120,LOAR,2026-08-20T17:14:11.735598+02:00,2026-08-19,2026-08-20,1
27167,120,HTO,2026-08-20T17:14:11.735598+02:00,2026-08-19,2026-08-20,1
27171,120,JLL,2026-08-20T17:14:11.735598+02:00,2026-08-19,2026-08-20,1
27172,120,GNW,2026-08-20T17:14:11.735598+02:00,2026-08-19,2026-08-20,1
27173,120,SDGR,2026-08-20T17:14:11.735598+02:00,2026-08-19,2026-08-20,1
27176,120,MSGS,2026-08-20T17:14:11.735598+02:00,2026-08-19,2026-08-20,1
27177,120,WTW,2026-08-20T17:14:11.735598+02:00,2026-08-19,2026-08-20,1
27178,120,RDNT,2026-08-20T17:14:11.735598+02:00,2026-08-19,2026-08-20,1
27180,120,CLX,2026-08-20T17:14:11.735598+02:00,2026-08-19,2026-08-20,1
27181,120,HSIC,2026-08-20T17:14:11.735598+02:00,2026-08-19,2026-08-20,1
27182,120,IDCC,2026-08-20T17:14:11.735598+02:00,2026-08-19,2026-08-20,1
27185,120,ZM,2026-08-20T17:14:11.735598+02:00,2026-08-19,2026-08-20,1
27186,120,UFPT,2026-08-20T17:14:11.735598+02:00,2026-08-19,2026-08-20,1
27187,120,ROP,2026-08-20T17:14:11.735598+02:00,2026-08-19,2026-08-20,1
27188,120,BIO,2026-08-20T17:14:11.735598+02:00,2026-08-19,2026-08-20,1
27189,120,LH,2026-08-20T17:14:11.735598+02:00,2026-08-19,2026-08-20,1
27190,120,TOST,2026-08-20T17:14:11.735598+02:00,2026-08-19,2026-08-20,1
27192,120,WTRG,2026-08-20T17:14:11.735598+02:00,2026-08-19,2026-08-20,1
27193,120,UNP,2026-08-20T17:14:11.735598+02:00,2026-08-19,2026-08-20,1
27194,120,KNSA,2026-08-20T17:14:11.735598+02:00,2026-08-19,2026-08-20,1
27195,120,ARWR,2026-08-20T17:14:11.735598+02:00,2026-08-19,2026-08-20,1
27196,120,AWK,2026-08-20T17:14:11.735598+02:00,2026-08-19,2026-08-20,1
27197,120,MATX,2026-08-20T17:14:11.735598+02:00,2026-08-19,2026-08-20,1
27198,120,MANH,2026-08-20T17:14:11.735598+02:00,2026-08-19,2026-08-20,1
27200,120,C,2026-08-20T17:14:11.735598+02:00,2026-08-19,2026-08-20,1
27203,120,WT,2026-08-20T17:14:11.735598+02:00,2026-08-19,2026-08-20,1
27204,120,DV,2026-08-20T17:14:11.735598+02:00,2026-08-19,2026-08-20,1
27206,120,CON,2026-08-20T17:14:11.735598+02:00,2026-08-19,2026-08-20,1
27207,120,DYN,2026-08-20T17:14:11.735598+02:00,2026-08-19,2026-08-20,1
27208,120,BFH,2026-08-20T17:14:11.735598+02:00,2026-08-19,2026-08-20,1
27209,120,OII,2026-08-20T17:14:11.735598+02:00,2026-08-19,2026-08-20,1
27210,120,BILL,2026-08-20T17:14:11.735598+02:00,2026-08-19,2026-08-20,1
27212,120,DCO,2026-08-20T17:14:11.735598+02:00,2026-08-19,2026-08-20,1
27213,120,SSNC,2026-08-20T17:14:11.735598+02:00,2026-08-19,2026-08-20,1
27214,120,ECPG,2026-08-20T17:14:11.735598+02:00,2026-08-19,2026-08-20,1
27215,120,URGN,2026-08-20T17:14:11.735598+02:00,2026-08-19,2026-08-20,1
27216,120,LFST,2026-08-20T17:14:11.735598+02:00,2026-08-19,2026-08-20,1
27217,120,CBRL,2026-08-20T17:14:11.735598+02:00,2026-08-19,2026-08-20,1
27218,120,NE,2026-08-20T17:14:11.735598+02:00,2026-08-19,2026-08-20,1
27219,120,DNOW,2026-08-20T17:14:11.735598+02:00,2026-08-19,2026-08-20,1
27220,120,NSIT,2026-08-20T17:14:11.735598+02:00,2026-08-19,2026-08-20,1
27222,120,WFRD,2026-08-20T17:14:11.735598+02:00,2026-08-19,2026-08-20,1
27223,120,LYFT,2026-08-20T17:14:11.735598+02:00,2026-08-19,2026-08-20,1
27225,120,CLDX,2026-08-20T17:14:11.735598+02:00,2026-08-19,2026-08-20,1
27226,120,SN,2026-08-20T17:14:11.735598+02:00,2026-08-19,2026-08-20,1
27227,120,PANW,2026-08-20T17:14:11.735598+02:00,2026-08-19,2026-08-20,1
27228,120,KNSL,2026-08-20T17:14:11.735598+02:00,2026-08-19,2026-08-20,1
27230,120,TTEK,2026-08-20T17:14:11.735598+02:00,2026-08-19,2026-08-20,1
27231,120,BWA,2026-08-20T17:14:11.735598+02:00,2026-08-19,2026-08-20,1
27233,120,DRI,2026-08-20T17:14:11.735598+02:00,2026-08-19,2026-08-20,1
27234,120,BOX,2026-08-20T17:14:11.735598+02:00,2026-08-19,2026-08-20,1
27235,120,EMN,2026-08-20T17:14:11.735598+02:00,2026-08-19,2026-08-20,1
27236,120,DGII,2026-08-20T17:14:11.735598+02:00,2026-08-19,2026-08-20,1
27237,120,MAIN,2026-08-20T17:14:11.735598+02:00,2026-08-19,2026-08-20,1
27238,120,GO,2026-08-20T17:14:11.735598+02:00,2026-08-19,2026-08-20,1
27241,120,HCC,2026-08-20T17:14:11.735598+02:00,2026-08-19,2026-08-20,1
27245,120,SBH,2026-08-20T17:14:11.735598+02:00,2026-08-19,2026-08-20,1
27247,120,EXPD,2026-08-20T17:14:11.735598+02:00,2026-08-19,2026-08-20,1
27248,120,RGEN,2026-08-20T17:14:11.735598+02:00,2026-08-19,2026-08-20,1
27249,120,AVPT,2026-08-20T17:14:11.735598+02:00,2026-08-19,2026-08-20,1
27250,120,MRK,2026-08-20T17:14:11.735598+02:00,2026-08-19,2026-08-20,1
27251,120,PYPL,2026-08-20T17:14:11.735598+02:00,2026-08-19,2026-08-20,1
27252,120,KYMR,2026-08-20T17:14:11.735598+02:00,2026-08-19,2026-08-20,1
27253,120,IVZ,2026-08-20T17:14:11.735598+02:00,2026-08-19,2026-08-20,1
27254,120,ICFI,2026-08-20T17:14:11.735598+02:00,2026-08-19,2026-08-20,1
27255,120,ASH,2026-08-20T17:14:11.735598+02:00,2026-08-19,2026-08-20,1
27258,120,IRM,2026-08-20T17:14:11.735598+02:00,2026-08-19,2026-08-20,1
27260,120,GLBE,2026-08-20T17:14:11.735598+02:00,2026-08-19,2026-08-20,1
27261,120,OMF,2026-08-20T17:14:11.735598+02:00,2026-08-19,2026-08-20,1
27263,120,DAN,2026-08-20T17:14:11.735598+02:00,2026-08-19,2026-08-20,1
27264,120,DLB,2026-08-20T17:14:11.735598+02:00,2026-08-19,2026-08-20,1
27266,120,ENR,2026-08-20T17:14:11.735598+02:00,2026-08-19,2026-08-20,1
27267,120,VAL,2026-08-20T17:14:11.735598+02:00,2026-08-19,2026-08-20,1
27268,120,SE,2026-08-20T17:14:11.735598+02:00,2026-08-19,2026-08-20,1
27269,120,ADP,2026-08-20T17:14:11.735598+02:00,2026-08-19,2026-08-20,1
27272,120,BDC,2026-08-20T17:14:11.735598+02:00,2026-08-19,2026-08-20,1
27273,120,JCI,2026-08-20T17:14:11.735598+02:00,2026-08-19,2026-08-20,1
27274,120,IMAX,2026-08-20T17:14:11.735598+02:00,2026-08-19,2026-08-20,1
27275,120,IEX,2026-08-20T17:14:11.735598+02:00,2026-08-19,2026-08-20,1
27276,120,MHK,2026-08-20T17:14:11.735598+02:00,2026-08-19,2026-08-20,1
27278,120,EMR,2026-08-20T17:14:11.735598+02:00,2026-08-19,2026-08-20,1
27279,120,SWKS,2026-08-20T17:14:11.735598+02:00,2026-08-19,2026-08-20,1
27280,120,BX,2026-08-20T17:14:11.735598+02:00,2026-08-19,2026-08-20,1
27281,120,GFF,2026-08-20T17:14:11.735598+02:00,2026-08-19,2026-08-20,1
27282,120,KKR,2026-08-20T17:14:11.735598+02:00,2026-08-19,2026-08-20,1
27283,120,IRDM,2026-08-20T17:14:11.735598+02:00,2026-08-19,2026-08-20,1
27284,120,AVNT,2026-08-20T17:14:11.735598+02:00,2026-08-19,2026-08-20,1
27286,120,APO,2026-08-20T17:14:11.735598+02:00,2026-08-19,2026-08-20,1
27287,120,QRVO,2026-08-20T17:14:11.735598+02:00,2026-08-19,2026-08-20,1
27288,120,FLS,2026-08-20T17:14:11.735598+02:00,2026-08-19,2026-08-20,1
27289,120,PAYX,2026-08-20T17:14:11.735598+02:00,2026-08-19,2026-08-20,1
27290,120,SKY,2026-08-20T17:14:11.735598+02:00,2026-08-19,2026-08-20,1
27291,120,USFD,2026-08-20T17:14:11.735598+02:00,2026-08-19,2026-08-20,1
27293,120,CRWD,2026-08-20T17:14:11.735598+02:00,2026-08-19,2026-08-20,1
27295,120,OC,2026-08-20T17:14:11.735598+02:00,2026-08-19,2026-08-20,1
27296,120,ARES,2026-08-20T17:14:11.735598+02:00,2026-08-19,2026-08-20,1
27297,120,FERG,2026-08-20T17:14:11.735598+02:00,2026-08-19,2026-08-20,1
27298,120,QSR,2026-08-20T17:14:11.735598+02:00,2026-08-19,2026-08-20,1
27299,120,ENVA,2026-08-20T17:14:11.735598+02:00,2026-08-19,2026-08-20,1
27300,120,NOV,2026-08-20T17:14:11.735598+02:00,2026-08-19,2026-08-20,1
27301,120,STT,2026-08-20T17:14:11.735598+02:00,2026-08-19,2026-08-20,1
27302,120,SYF,2026-08-20T17:14:11.735598+02:00,2026-08-19,2026-08-20,1
27303,120,CHE,2026-08-20T17:14:11.735598+02:00,2026-08-19,2026-08-20,1
27304,120,ALL,2026-08-20T17:14:11.735598+02:00,2026-08-19,2026-08-20,1
27306,120,PCTY,2026-08-20T17:14:11.735598+02:00,2026-08-19,2026-08-20,1
27307,120,MSA,2026-08-20T17:14:11.735598+02:00,2026-08-19,2026-08-20,1
27308,120,NKTR,2026-08-20T17:14:11.735598+02:00,2026-08-19,2026-08-20,1
27310,120,ICLR,2026-08-20T17:14:11.735598+02:00,2026-08-19,2026-08-20,1
27312,120,KEX,2026-08-20T17:14:11.735598+02:00,2026-08-19,2026-08-20,1
27313,120,SNOW,2026-08-20T17:14:11.735598+02:00,2026-08-19,2026-08-20,1
27314,120,WSM,2026-08-20T17:14:11.735598+02:00,2026-08-19,2026-08-20,1
27315,120,BLTE,2026-08-20T17:14:11.735598+02:00,2026-08-19,2026-08-20,1
27317,120,NEO,2026-08-20T17:14:11.735598+02:00,2026-08-19,2026-08-20,1
27318,120,J,2026-08-20T17:14:11.735598+02:00,2026-08-19,2026-08-20,1
27322,120,DBX,2026-08-20T17:14:11.735598+02:00,2026-08-19,2026-08-20,1
27323,120,HQY,2026-08-20T17:14:11.735598+02:00,2026-08-19,2026-08-20,1
27324,120,MRP,2026-08-20T17:14:11.735598+02:00,2026-08-19,2026-08-20,1
27327,120,DOW,2026-08-20T17:14:11.735598+02:00,2026-08-19,2026-08-20,1
27329,120,MMM,2026-08-20T17:14:11.735598+02:00,2026-08-19,2026-08-20,1
27330,120,GPC,2026-08-20T17:14:11.735598+02:00,2026-08-19,2026-08-20,1
27331,120,AVTR,2026-08-20T17:14:11.735598+02:00,2026-08-19,2026-08-20,1
27333,120,MSFT,2026-08-20T17:14:11.735598+02:00,2026-08-19,2026-08-20,1
27334,120,HAL,2026-08-20T17:14:11.735598+02:00,2026-08-19,2026-08-20,1
27336,120,MTD,2026-08-20T17:14:11.735598+02:00,2026-08-19,2026-08-20,1
27337,120,KWR,2026-08-20T17:14:11.735598+02:00,2026-08-19,2026-08-20,1
27338,120,CFG,2026-08-20T17:14:11.735598+02:00,2026-08-19,2026-08-20,1
27339,120,CRBG,2026-08-20T17:14:11.735598+02:00,2026-08-19,2026-08-20,1
27340,120,GRMN,2026-08-20T17:14:11.735598+02:00,2026-08-19,2026-08-20,1
27341,120,CAKE,2026-08-20T17:14:11.735598+02:00,2026-08-19,2026-08-20,1
27342,120,LIND,2026-08-20T17:14:11.735598+02:00,2026-08-19,2026-08-20,1
27343,120,CNK,2026-08-20T17:14:11.735598+02:00,2026-08-19,2026-08-20,1
27344,120,HNI,2026-08-20T17:14:11.735598+02:00,2026-08-19,2026-08-20,1
27345,120,QTWO,2026-08-20T17:14:11.735598+02:00,2026-08-19,2026-08-20,1
27346,120,SMA,2026-08-20T17:14:11.735598+02:00,2026-08-19,2026-08-20,1
27347,120,EQH,2026-08-20T17:14:11.735598+02:00,2026-08-19,2026-08-20,1
27348,120,SWK,2026-08-20T17:14:11.735598+02:00,2026-08-19,2026-08-20,1
27349,120,APAM,2026-08-20T17:14:11.735598+02:00,2026-08-19,2026-08-20,1
27350,120,SLM,2026-08-20T17:14:11.735598+02:00,2026-08-19,2026-08-20,1
27351,120,AWI,2026-08-20T17:14:11.735598+02:00,2026-08-19,2026-08-20,1
27352,120,CSW,2026-08-20T17:14:11.735598+02:00,2026-08-19,2026-08-20,1
27353,120,VOYA,2026-08-20T17:14:11.735598+02:00,2026-08-19,2026-08-20,1
27355,120,AMCR,2026-08-20T17:14:11.735598+02:00,2026-08-19,2026-08-20,1
27356,120,VLTO,2026-08-20T17:14:11.735598+02:00,2026-08-19,2026-08-20,1
27357,120,MMYT,2026-08-20T17:14:11.735598+02:00,2026-08-19,2026-08-20,1
27358,120,TRU,2026-08-20T17:14:11.735598+02:00,2026-08-19,2026-08-20,1
27359,120,BAX,2026-08-20T17:14:11.735598+02:00,2026-08-19,2026-08-20,1
27360,120,LW,2026-08-20T17:14:11.735598+02:00,2026-08-19,2026-08-20,1
27361,120,BZH,2026-08-20T17:14:11.735598+02:00,2026-08-19,2026-08-20,1
27362,120,ALLE,2026-08-20T17:14:11.735598+02:00,2026-08-19,2026-08-20,1
29145,128,EVER,2026-08-25T18:20:39.103285+02:00,2026-08-24,2026-08-25,1
29149,128,BRC,2026-08-25T18:20:39.103285+02:00,2026-08-24,2026-08-25,1
29152,128,V,2026-08-25T18:20:39.103285+02:00,2026-08-24,2026-08-25,1
29154,128,AWR,2026-08-25T18:20:39.103285+02:00,2026-08-24,2026-08-25,1
29157,128,HIFS,2026-08-25T18:20:39.103285+02:00,2026-08-24,2026-08-25,1
29158,128,CNS,2026-08-25T18:20:39.103285+02:00,2026-08-24,2026-08-25,1
29162,128,MET,2026-08-25T18:20:39.103285+02:00,2026-08-24,2026-08-25,1
29164,128,ENVA,2026-08-25T18:20:39.103285+02:00,2026-08-24,2026-08-25,1
29166,128,HNGE,2026-08-25T18:20:39.103285+02:00,2026-08-24,2026-08-25,1
29167,128,JOE,2026-08-25T18:20:39.103285+02:00,2026-08-24,2026-08-25,1
29168,128,SPNT,2026-08-25T18:20:39.103285+02:00,2026-08-24,2026-08-25,1
29173,128,VTOL,2026-08-25T18:20:39.103285+02:00,2026-08-24,2026-08-25,1
29174,128,PAA,2026-08-25T18:20:39.103285+02:00,2026-08-24,2026-08-25,1
29175,128,TRIN,2026-08-25T18:20:39.103285+02:00,2026-08-24,2026-08-25,1
29176,128,FSUN,2026-08-25T18:20:39.103285+02:00,2026-08-24,2026-08-25,1
29178,128,JPM,2026-08-25T18:20:39.103285+02:00,2026-08-24,2026-08-25,1
29182,128,CSWC,2026-08-25T18:20:39.103285+02:00,2026-08-24,2026-08-25,1
29183,128,PRU,2026-08-25T18:20:39.103285+02:00,2026-08-24,2026-08-25,1
29184,128,PH,2026-08-25T18:20:39.103285+02:00,2026-08-24,2026-08-25,1
29187,128,ROST,2026-08-25T18:20:39.103285+02:00,2026-08-24,2026-08-25,1
29189,128,WTM,2026-08-25T18:20:39.103285+02:00,2026-08-24,2026-08-25,1
29194,128,BFC,2026-08-25T18:20:39.103285+02:00,2026-08-24,2026-08-25,1
29196,128,AGNC,2026-08-25T18:20:39.103285+02:00,2026-08-24,2026-08-25,1
29198,128,PRK,2026-08-25T18:20:39.103285+02:00,2026-08-24,2026-08-25,1
29199,128,HG,2026-08-25T18:20:39.103285+02:00,2026-08-24,2026-08-25,1
29204,128,KRP,2026-08-25T18:20:39.103285+02:00,2026-08-24,2026-08-25,1
29205,128,NLY,2026-08-25T18:20:39.103285+02:00,2026-08-24,2026-08-25,1
29210,128,GBTG,2026-08-25T18:20:39.103285+02:00,2026-08-24,2026-08-25,1
29211,128,DBRG,2026-08-25T18:20:39.103285+02:00,2026-08-24,2026-08-25,1
29213,128,EE,2026-08-25T18:20:39.103285+02:00,2026-08-24,2026-08-25,1
29216,128,AMN,2026-08-25T18:20:39.103285+02:00,2026-08-24,2026-08-25,1
29220,128,SSB,2026-08-25T18:20:39.103285+02:00,2026-08-24,2026-08-25,1
29227,128,AES,2026-08-25T18:20:39.103285+02:00,2026-08-24,2026-08-25,1
29228,128,NIC,2026-08-25T18:20:39.103285+02:00,2026-08-24,2026-08-25,1
29229,128,OPY,2026-08-25T18:20:39.103285+02:00,2026-08-24,2026-08-25,1
29230,128,ANET,2026-08-25T18:20:39.103285+02:00,2026-08-24,2026-08-25,1
29233,128,MSGE,2026-08-25T18:20:39.103285+02:00,2026-08-24,2026-08-25,1
29236,128,PEN,2026-08-25T18:20:39.103285+02:00,2026-08-24,2026-08-25,1
29237,128,AUPH,2026-08-25T18:20:39.103285+02:00,2026-08-24,2026-08-25,1
29240,128,ET,2026-08-25T18:20:39.103285+02:00,2026-08-24,2026-08-25,1
29243,128,OSCR,2026-08-25T18:20:39.103285+02:00,2026-08-24,2026-08-25,1
29249,128,GOLD,2026-08-25T18:20:39.103285+02:00,2026-08-24,2026-08-25,1
29250,128,CVX,2026-08-25T18:20:39.103285+02:00,2026-08-24,2026-08-25,1
29252,128,TWLO,2026-08-25T18:20:39.103285+02:00,2026-08-24,2026-08-25,1
29256,128,RDVT,2026-08-25T18:20:39.103285+02:00,2026-08-24,2026-08-25,1
29257,128,XPEL,2026-08-25T18:20:39.103285+02:00,2026-08-24,2026-08-25,1
29262,128,DXPE,2026-08-25T18:20:39.103285+02:00,2026-08-24,2026-08-25,1
29264,128,HPE,2026-08-25T18:20:39.103285+02:00,2026-08-24,2026-08-25,1
29267,128,SENEA,2026-08-25T18:20:39.103285+02:00,2026-08-24,2026-08-25,1
29268,128,VIRT,2026-08-25T18:20:39.103285+02:00,2026-08-24,2026-08-25,1
