candidate_id,from_action,to_action,action_changed,count,percentage,independent_dates,N,N_1d,mean_return_1d,median_return_1d,mean_MFE_1d,median_MFE_1d,mean_MAE_1d,median_MAE_1d,hit_rate_1d,N_3d,mean_return_3d,median_return_3d,mean_MFE_3d,median_MFE_3d,mean_MAE_3d,median_MAE_3d,hit_rate_3d,N_5d,mean_return_5d,median_return_5d,mean_MFE_5d,median_MFE_5d,mean_MAE_5d,median_MAE_5d,hit_rate_5d,N_10d,mean_return_10d,median_return_10d,mean_MFE_10d,median_MFE_10d,mean_MAE_10d,median_MAE_10d,hit_rate_10d,target_before_stop_rate_10d,mean_time_to_target,mean_time_to_MFE_5d,mean_time_to_MFE_10d,bootstrap_clusters_1d,mean_return_1d_ci_low,mean_return_1d_ci_high,bootstrap_clusters_3d,mean_return_3d_ci_low,mean_return_3d_ci_high,bootstrap_clusters_5d,mean_return_5d_ci_low,mean_return_5d_ci_high,bootstrap_clusters_10d,mean_return_10d_ci_low,mean_return_10d_ci_high
M1A_V4_FILTER_EXTREME,AVOID,AVOID,False,1729,0.295656634746922,9,1729,1430,0.41513633699076646,0.21618143278842034,2.0118670676195576,1.503464913262309,-1.139971606558128,-0.9528636594019368,0.5587412587412588,1223,1.1359568435101484,0.6056018168054456,3.722866570876986,2.492911153119093,-2.160945693621321,-1.807701059338096,0.5674570727718724,1131,1.7003613932813084,0.894919168591235,4.844497191562991,3.6177806619078767,-2.58588420430599,-2.1741499564080224,0.6038903625110522,784,3.219858986687386,2.3387182787553695,7.068626547016867,5.41176470588236,-2.982186128585078,-2.579791632214324,0.6875,0.6582809224318659,4.102777777777778,3.145888594164456,6.192602040816326,8,0.08645873628959666,0.786388966073401,7,0.7989599299536627,1.5303793506526198,7,1.5063998683746627,1.9580654305257728,6,3.0595279348598847,3.5950286044471187
M1A_V4_FILTER_EXTREME,AVOID,FILTERED,True,46,0.00786593707250342,8,46,29,0.29543031814099163,0.2046245140167713,1.599159364153802,1.461632155907422,-1.3779470971168364,-1.3980868285504044,0.5862068965517241,21,0.33253076573033014,0.8739985433357633,2.53361956439895,2.112163146394752,-2.529532251689527,-2.1167132147581924,0.7142857142857143,21,0.38105148000017197,-0.228529303354219,2.8282488865857016,3.1162722328384573,-2.6284173124815857,-2.1167132147581924,0.47619047619047616,11,-0.968492824410914,0.1175951785976847,3.3952240873033848,3.1162722328384573,-4.099522640947135,-4.020285168308102,0.6363636363636364,0.5,3.0,2.857142857142857,3.3636363636363638,7,-0.15439248417154805,0.9714223285872984,6,-1.0551888732555144,1.606169755510485,6,-1.453701001751575,1.5439933396373033,5,-3.450237254721716,0.18907604927627972
M1A_V4_FILTER_EXTREME,DEFENSIVE,DEFENSIVE,False,516,0.08823529411764706,9,516,440,-0.16046320126729957,-0.3781611912077598,1.4782896928476927,1.1470090365806596,-1.5814425551699567,-1.273182430725317,0.42727272727272725,380,-0.41893620318729313,-0.3198499955687828,2.308848693911145,1.6183339585899903,-2.893886174614328,-2.506532468789324,0.45526315789473687,360,-0.39503989789212307,-0.29706099594414836,2.8147762874691518,2.0208701810749075,-3.2594183715970555,-2.861635220125791,0.44722222222222224,225,0.27514390156135166,0.3996346197762124,4.080420156548775,3.532748839608036,-3.9974915116433505,-3.187819674081116,0.5288888888888889,0.38823529411764707,5.25,2.8694444444444445,5.928888888888889,8,-0.4336080565899872,0.4282328308439591,7,-0.9592229810010086,0.22821921928508174,7,-1.1050808590204235,0.28874662816493646,6,-0.6465611019331204,1.6708706600963388
M1A_V4_FILTER_EXTREME,DEFENSIVE,FILTERED,True,31,0.005300957592339261,7,31,16,0.3154762068436352,0.8348457350272342,1.1734130749523985,1.5245009074410063,-1.7733562606658606,-1.551139427472864,0.625,14,-0.312456122619282,-0.9529309846953438,2.261344492808656,1.7059891107078062,-2.667651537911003,-2.7852083033686137,0.35714285714285715,13,-1.335536235537067,-1.7518529213591316,2.6020018839740535,1.7059891107078062,-3.3681683946592855,-2.984642132715154,0.3076923076923077,8,-3.3574096982527726,-3.72509384926365,2.162968660905723,1.7059891107078062,-5.80636223952825,-6.533575317604356,0.0,0.0,,2.4615384615384617,3.25,5,-0.07119216270899645,0.7981561371801171,4,-1.8389283870111148,1.5064684125264411,3,-2.364129727467224,0.07546769878078197,2,-4.058554184159957,-1.2539762405312183
M1A_V4_FILTER_EXTREME,ENTER,ENTER,False,38,0.006497948016415869,6,38,36,-0.31032323025206154,-0.011811094236152703,1.148179611303701,0.9389269277752188,-1.0951874010412521,-0.91618394609293,0.5,31,-0.04372289176448894,0.4534679995877644,1.792733678737132,2.151554557276269,-1.8189964987416871,-1.193994562004974,0.5161290322580645,30,0.1861097324789122,-0.4100366599193605,2.356211070813058,2.256675675663799,-2.1736814962226236,-1.8406968404581558,0.43333333333333335,5,2.4068371502475694,5.0920485703094265,5.232036721991036,6.311901964075872,-2.1255130030019154,-1.079961949527175,0.6,0.6,4.75,2.966666666666667,5.6,5,-0.8859560787192906,0.5299184644678524,4,-1.1442057266831058,0.4505459511390602,4,-1.4002118518840867,0.8957617387968669,2,-1.6209799798452162,5.0920485703094265
M1A_V4_FILTER_EXTREME,NO_TRADE,FILTERED,True,13,0.002222982216142271,6,13,6,1.3099231308773736,1.228836040638126,2.1047515023484453,1.9296628729817966,-0.46809147684973756,-0.5685407454200986,1.0,4,-0.7574281265326775,-0.8302157767985541,2.7325135980192092,2.980201278970962,-3.2504394351103194,-3.0757519618495213,0.5,4,0.7588633652173132,1.4375626673928221,3.3605582496777253,3.392050150186088,-3.2504394351103194,-3.0757519618495213,0.75,2,-4.006119386057799,-4.006119386057799,3.392050150186088,3.392050150186088,-5.755556561926046,-5.755556561926046,0.0,,,3.5,4.0,4,0.6390062166510427,2.0313436836949275,3,-3.5906804342070386,1.6581592171459494,3,-3.895937459951304,2.727032036007415,2,-5.79083929044214,-2.2213994816734584
M1A_V4_FILTER_EXTREME,NO_TRADE,NO_TRADE,False,1283,0.21939124487004105,9,1283,1115,0.23533026936862975,0.1984192598961653,1.7356925335139133,1.4341590612777066,-1.1565303569434429,-0.957250081583827,0.5560538116591929,960,0.8918717420770296,0.5126373305695875,3.3745047396177466,2.412353923205335,-2.0742289076680454,-1.6267247639796478,0.5739583333333333,874,1.3718940757467823,1.127364930758712,4.283921063992992,3.2621828433346822,-2.538138153732204,-2.043118918526737,0.6247139588100686,568,3.4353749666251674,2.376143054974078,6.781591871688091,5.276574050471572,-2.950048897280499,-2.215705441511895,0.7376760563380281,0.659942363112392,4.053639846743295,3.1178489702517163,6.251760563380282,8,-0.1177137959105493,0.7126527094721525,7,0.25216581665282406,1.837290659348264,7,0.804460924527351,2.05906547268692,6,2.7882756759792935,4.0365874823373575
M1A_V4_FILTER_EXTREME,WAIT_FOR_TRIGGER,FILTERED,True,91,0.015560875512995896,8,91,73,0.277913176135311,0.5159071367153878,1.3221015807678238,1.2324546388223112,-1.2302698865547936,-1.1240236235473433,0.547945205479452,59,1.207376043683571,0.7578628268283261,2.8560992014793687,2.1109271523178874,-1.9820090100460421,-2.1794221996958907,0.559322033898305,56,2.3555217774084265,1.9267588137797942,4.697544059475265,3.9330638357004566,-2.0953924348652726,-2.3463700642503915,0.7321428571428571,44,1.956629699753378,1.6486301397161451,6.568773893591598,6.659898888557903,-2.620502095984881,-2.3664788083026633,0.6818181818181818,0.5333333333333333,4.481481481481482,3.8035714285714284,5.840909090909091,7,-0.11494664173280653,0.915055462417539,6,0.28029408689522745,2.270454869413207,6,0.8908459555265004,3.3325689025345437,5,0.6720555189211656,3.4340505962088343
M1A_V4_FILTER_EXTREME,WAIT_FOR_TRIGGER,WAIT_FOR_TRIGGER,False,2101,0.3592681258549932,9,2101,1839,0.16294083332262174,0.0,1.5722402825814552,1.1956521739130643,-1.2886957434314128,-1.1293380595169489,0.4980967917346384,1576,0.6097058724615582,0.2076192987081393,3.0584927639454276,2.08711359996544,-2.1919231405623694,-1.9505684119228817,0.5266497461928934,1465,1.1225442695203829,0.6951616747437939,4.1703693224819585,2.8489595214559182,-2.593455785287486,-2.272417751318123,0.5877133105802048,940,2.4528579434339757,2.0552458804895197,6.067379789481934,4.711049682335833,-3.0356043928549297,-2.6493119591431302,0.7031914893617022,0.593939393939394,4.4880239520958085,3.0293515358361773,5.975531914893617,8,-0.051271945000597806,0.5204031027636975,7,0.3193591221607902,1.1282060808431498,7,0.5858800686600306,1.4838108662657012,6,1.617888846820189,3.2239274012554917
M1B_V4_FILTER_EXTENDED_EXTREME,AVOID,AVOID,False,1223,0.2091313269493844,9,1223,1000,0.39046225014570246,0.21446901013940645,1.9942675413223843,1.4639639639639768,-1.0860817282221478,-0.8823246164172571,0.561,845,1.1575007723100477,0.557702266661364,3.7729584239466236,2.4052760894866188,-2.138044027337977,-1.740365111561859,0.5526627218934911,769,1.7757915136998377,0.855342136854742,4.90939632242943,3.518356643356646,-2.611794166110203,-2.208365809301116,0.5955786736020806,521,3.6986357699410006,2.5954579485899743,7.266437651269649,5.685510071474975,-2.8200089697977853,-2.329959990586028,0.744721689059501,0.7025316455696202,4.111111111111111,3.1599479843953184,6.207293666026872,8,0.13280071113746406,0.7335596389548252,7,0.7694007709697576,1.5955196765779074,7,1.5278931171438885,2.143220138485128,6,3.2413292183426523,4.366939748891093
M1B_V4_FILTER_EXTENDED_EXTREME,AVOID,FILTERED,True,552,0.09439124487004104,9,552,459,0.46132939210715124,0.22095959595958,2.024135047786588,1.6513982642237357,-1.2724142374125567,-1.0796804145972838,0.5555555555555556,399,1.048045646845258,0.727272727272732,3.5541903729324194,2.567693744164324,-2.2288460087312414,-1.9454679439940947,0.606516290726817,383,1.4765721745326064,0.830653804930348,4.603639107905509,3.7186946622818073,-2.5361934331421447,-2.085747392815762,0.6135770234986945,274,2.141338643631859,0.8549715009499748,6.545024312080561,4.856234730873332,-3.3354160605710725,-3.230456164151263,0.5766423357664233,0.5696969696969697,4.0636363636363635,3.101827676240209,6.0510948905109485,8,-0.08686659390343324,0.9548263244197218,7,0.4553619947960563,1.5783378399211903,7,0.9037337025856091,2.092444033355757,6,1.6666541276190037,3.1135844343098484
M1B_V4_FILTER_EXTENDED_EXTREME,DEFENSIVE,DEFENSIVE,False,265,0.045314637482900134,9,265,221,0.08816934680264402,-0.1085776330076226,1.560535419657015,1.1494252873563315,-1.4232105549431207,-1.0388349514563022,0.4751131221719457,176,-0.03068768937222691,0.1721349955662088,2.619673458278875,1.8355363354025434,-2.7764458267678496,-2.37836626323229,0.5340909090909091,163,-0.12272620243666861,-0.2841918294848922,3.1059028516276035,2.46631651061886,-2.9663747081425,-2.194174757281553,0.4539877300613497,104,1.1902658980721808,1.11238454796736,4.536187222164205,3.712335228555941,-3.7788039719855346,-2.945351312987932,0.625,0.5882352941176471,5.7407407407407405,2.8282208588957056,6.1923076923076925,8,-0.30313459106188057,0.8954262171900369,7,-0.8101239935677019,1.1405075504471525,7,-1.1157270011390088,0.7810549296760451,6,-0.20948400713211404,3.2475543496254704
M1B_V4_FILTER_EXTENDED_EXTREME,DEFENSIVE,FILTERED,True,282,0.048221614227086186,9,282,235,-0.3618792123042467,-0.6249999999999978,1.3801861545022251,1.282730214769057,-1.743314433204277,-1.5182307232516568,0.39574468085106385,218,-0.7255463743042633,-0.7574793125397772,2.0548568712315327,1.5547139724935155,-2.97417157051861,-2.6314909552947463,0.3853211009174312,210,-0.6646283966950913,-0.6513424404370138,2.5756348722155145,1.7801586951554538,-3.493608216563253,-3.097834676782052,0.43333333333333335,129,-0.6879035126684098,-0.6776958341638495,3.5940683209739754,2.857688999330988,-4.285975774802203,-3.941229028094906,0.4186046511627907,0.24074074074074073,4.230769230769231,2.876190476190476,5.550387596899225,7,-0.6148553575563181,-0.03605259204265161,6,-1.280803190469283,-0.1652282419602122,6,-1.1771318177056915,0.065993115430326,5,-1.393145624076912,0.5339056018874443
M1B_V4_FILTER_EXTENDED_EXTREME,ENTER,ENTER,False,38,0.006497948016415869,6,38,36,-0.31032323025206154,-0.011811094236152703,1.148179611303701,0.9389269277752188,-1.0951874010412521,-0.91618394609293,0.5,31,-0.04372289176448894,0.4534679995877644,1.792733678737132,2.151554557276269,-1.8189964987416871,-1.193994562004974,0.5161290322580645,30,0.1861097324789122,-0.4100366599193605,2.356211070813058,2.256675675663799,-2.1736814962226236,-1.8406968404581558,0.43333333333333335,5,2.4068371502475694,5.0920485703094265,5.232036721991036,6.311901964075872,-2.1255130030019154,-1.079961949527175,0.6,0.6,4.75,2.966666666666667,5.6,5,-0.8859560787192906,0.5299184644678524,4,-1.1442057266831058,0.4505459511390602,4,-1.4002118518840867,0.8957617387968669,2,-1.6209799798452162,5.0920485703094265
M1B_V4_FILTER_EXTENDED_EXTREME,NO_TRADE,FILTERED,True,186,0.03180574555403557,8,186,158,0.36764461180806374,0.3385657125269281,1.8549124661666103,1.5899319714065663,-1.3653997803923354,-0.9753924478785314,0.5822784810126582,134,0.07309356716187572,0.377200335289185,2.89116599745722,2.547764673579722,-2.7291617995126254,-2.0279369108049283,0.5746268656716418,128,0.8005605972387494,1.5225334957368997,3.785469167973644,3.270594574415542,-3.1050011450198753,-2.1793722086012823,0.59375,80,2.0427541298387006,0.8468680462839329,6.314824566140021,5.4939981532779125,-4.0976533971128895,-3.4519196900317017,0.6,0.5,4.233333333333333,3.3203125,5.9875,7,-0.07605516676340388,0.7880715887812976,6,-0.6200348236439363,0.6444290873620775,6,-0.19674007650459246,1.4864634253875904,5,1.1394187538184122,2.7566386113303496
M1B_V4_FILTER_EXTENDED_EXTREME,NO_TRADE,NO_TRADE,False,1110,0.18980848153214774,9,1110,963,0.22031665676595258,0.17572875749432,1.7184314789488886,1.367560547024227,-1.1179716838536324,-0.9394572025052116,0.5545171339563862,830,1.0161115926362967,0.573963861710558,3.4494438081516217,2.4037107495503696,-1.974161238514546,-1.5258787474129951,0.5734939759036145,750,1.4661321589559964,1.0896104868976408,4.364065585903946,3.2621828433346822,-2.4451924767197912,-2.018606284009128,0.6306666666666667,490,3.632368187518129,2.5546603809758928,6.843963914546951,5.12770350071583,-2.7741359490002946,-2.1301327277800484,0.7571428571428571,0.68561872909699,4.03030303030303,3.0853333333333333,6.285714285714286,8,-0.1454329327709523,0.6995529301353169,7,0.33042078939484837,2.052318393481708,7,0.747946792850137,2.3117395471040703,6,2.9161287553840785,4.3030947492379745
M1B_V4_FILTER_EXTENDED_EXTREME,WAIT_FOR_TRIGGER,FILTERED,True,689,0.11781805745554036,9,689,616,0.2642722123962874,0.0251631887296266,1.6838282859369365,1.2726945958276836,-1.3393401325116505,-1.1716870109121036,0.5064935064935064,554,0.5786524965535117,0.2969121140142583,3.0846750968502796,2.14791189076049,-2.3580245454390316,-2.0088449604094394,0.5541516245487365,534,1.048384539814585,0.7552543917033194,4.062052250391792,2.9030265596046823,-2.6888732948881673,-2.3239099185433654,0.5936329588014981,355,2.0635209283039773,1.5633814167136828,5.969191548432015,4.689567564706509,-3.1337694545363326,-2.7140479119924787,0.6619718309859155,0.5153061224489796,4.290322580645161,3.00187265917603,5.8,8,-0.054632531927007566,0.5878255486438869,7,0.12336034506697745,1.0498308404357015,7,0.13954328160641438,1.7191429660577995,6,0.997637523017846,3.071678083437008
M1B_V4_FILTER_EXTENDED_EXTREME,WAIT_FOR_TRIGGER,WAIT_FOR_TRIGGER,False,1503,0.2570109439124487,9,1503,1296,0.12125321875159413,-0.0096899224806157,1.5051119374430513,1.178299833283647,-1.2613330650167374,-1.0963056456005704,0.49691358024691357,1081,0.658240664649492,0.0967702915205093,3.03402816393175,2.025759659872461,-2.0953411683124767,-1.9079837618403368,0.5143385753931545,987,1.232623333456175,0.7534201308571742,4.258883103401689,2.7700831024930705,-2.5135728088433047,-2.272417751318123,0.5927051671732523,629,2.6378827409684806,2.150593626327857,6.157869719773739,4.883198256487087,-2.951163855558936,-2.585487906588824,0.724960254372019,0.6352583586626139,4.590717299578059,3.088145896656535,6.0651828298887125,8,-0.2600897753254734,0.5691297927605754,7,0.19748695199728425,1.3073999480721905,7,0.6676707107223335,1.5965593759726937,6,1.9030960975114302,3.291990509151324
M1C_V4_EXTENSION_SECONDARY,AVOID,AVOID,False,1775,0.30352257181942544,9,1775,1459,0.4127569850054043,0.2156781418498621,2.003663830196318,1.5008337965536356,-1.1447017568159776,-0.957510472770795,0.5592871830020562,1244,1.122394184640875,0.6079447619336653,3.7027908577451223,2.4879763226045126,-2.1671678139745625,-1.807701059338096,0.569935691318328,1152,1.676311472987121,0.842997970892545,4.807742665170175,3.5434111143423985,-2.5866595474237744,-2.16885923990795,0.6015625,795,3.161906949049548,2.300347222222232,7.017799594744101,5.409604519773992,-2.997646130642918,-2.6131545212503604,0.6867924528301886,0.656964656964657,4.096685082872928,3.140625,6.153459119496856,8,0.08843972327524481,0.7833955010575397,7,0.7902481653434192,1.5207728437264847,7,1.4779556809954977,1.938016714372933,6,2.9927031010827703,3.5235509071523965
M1C_V4_EXTENSION_SECONDARY,DEFENSIVE,DEFENSIVE,False,547,0.09353625170998632,10,547,456,-0.14376357291252995,-0.3645700371741278,1.4675922676583841,1.173088836705427,-1.5881763693978832,-1.3060500428595911,0.4342105263157895,394,-0.41515264702497806,-0.358122414369777,2.307160727374508,1.6241362424506356,-2.8858473804167475,-2.54716981132076,0.4517766497461929,373,-0.4278185906250568,-0.3820682628629557,2.8073605575886256,2.018093249826025,-3.2632085868780445,-2.861635220125791,0.44235924932975873,233,0.1504210311814677,0.3720508166969116,4.014584912063176,3.402903811252278,-4.059598661098626,-3.286852589641432,0.5107296137339056,0.375,5.25,2.8552278820375334,5.836909871244635,8,-0.4111142621179486,0.4313351379472506,7,-0.9484442013575691,0.2522156479232034,7,-1.105621924058815,0.23196041426384748,6,-0.7123681149855662,1.6316109701550292
M1C_V4_EXTENSION_SECONDARY,ENTER,ENTER,False,38,0.006497948016415869,6,38,36,-0.31032323025206154,-0.011811094236152703,1.148179611303701,0.9389269277752188,-1.0951874010412521,-0.91618394609293,0.5,31,-0.04372289176448894,0.4534679995877644,1.792733678737132,2.151554557276269,-1.8189964987416871,-1.193994562004974,0.5161290322580645,30,0.1861097324789122,-0.4100366599193605,2.356211070813058,2.256675675663799,-2.1736814962226236,-1.8406968404581558,0.43333333333333335,5,2.4068371502475694,5.0920485703094265,5.232036721991036,6.311901964075872,-2.1255130030019154,-1.079961949527175,0.6,0.6,4.75,2.966666666666667,5.6,5,-0.8859560787192906,0.5299184644678524,4,-1.1442057266831058,0.4505459511390602,4,-1.4002118518840867,0.8957617387968669,2,-1.6209799798452162,5.0920485703094265
M1C_V4_EXTENSION_SECONDARY,NO_TRADE,NO_TRADE,False,1296,0.2216142270861833,9,1296,1121,0.24108188147304765,0.2073934526465315,1.7376678714380949,1.4341590612777066,-1.1528455814924505,-0.9403546480386882,0.5584299732381802,964,0.8850281741574872,0.5126373305695875,3.371840875959661,2.4134638000202657,-2.07910944927569,-1.6267247639796478,0.5736514522821576,878,1.3691012251293362,1.127364930758712,4.279714399690873,3.2621828433346822,-2.5413832620756125,-2.043118918526737,0.6252847380410023,570,3.409264460124525,2.371856096784475,6.769698742840715,5.22449392178751,-2.959892783823115,-2.215705441511895,0.7350877192982456,0.659942363112392,4.053639846743295,3.1195899772209565,6.243859649122807,8,-0.10857974719100089,0.7168707425175389,7,0.23849813983926926,1.8350708607417678,7,0.8011441606618394,2.0543608123840023,6,2.767354887479808,4.007707137096624
M1C_V4_EXTENSION_SECONDARY,WAIT_FOR_TRIGGER,WAIT_FOR_TRIGGER,False,2192,0.3748290013679891,9,2192,1912,0.16733046775009366,0.00232590594035905,1.5626900078783197,1.206541357923829,-1.2864650491050567,-1.1291433953721453,0.5,1635,0.6312731752762976,0.2085766727849103,3.0511892653610255,2.093244529019977,-2.1843482575651443,-1.986044015029531,0.5278287461773701,1521,1.1679398911125793,0.7534201308571742,4.189778780254231,2.873359347286275,-2.575118147139134,-2.272417751318123,0.5930309007232084,984,2.4306688756271204,2.04297574475012,6.089799851047812,4.8200885126034265,-3.017042908035538,-2.623550945698594,0.7022357723577236,0.5904761904761905,4.487534626038781,3.0578566732412886,5.969512195121951,8,-0.048713346182763274,0.5341992766830369,7,0.3658858964573662,1.1536928068396308,7,0.6879515080785087,1.501248882478678,6,1.6827008354185304,3.1733412392649094
M2_V4_TRIGGER,AVOID,AVOID,False,167,0.028556771545827635,9,167,151,0.15042446399563614,0.05281225244258,1.826519171135635,1.425809569840486,-1.1620547200282865,-0.9930940014839408,0.5099337748344371,145,0.45886646346226834,-0.1535130879748103,3.229953752443446,2.351683591662201,-2.1447807155109,-1.7588238795309683,0.496551724137931,136,0.644010769580412,0.4791239508929124,4.079366507034765,3.4068181194326534,-2.474701769669168,-1.8444453156968352,0.5514705882352942,88,0.5022316981127205,0.20125912735070584,5.298677407763309,3.96326727887868,-3.332777421034281,-2.73128932922746,0.5,0.40425531914893614,4.379310344827586,3.0441176470588234,5.295454545454546,8,-0.3815400226924651,1.012214785251529,7,-0.28791954347294135,1.8763726099137685,7,0.04179366767471024,1.1003948366747272,6,-0.4170170247881839,1.8688739381086148
M2_V4_TRIGGER,AVOID,FILTERED,True,391,0.06686046511627906,8,391,332,0.26034105493837895,0.1176470588235334,1.8052728314828634,1.437282229965153,-1.3091922455788272,-0.9945094789184816,0.5421686746987951,299,0.8713125440437327,0.4789076829019745,3.4229235987364954,2.341748993779724,-2.2948648984221838,-1.944444444444437,0.5551839464882943,273,1.7373435961345753,1.1825472339268783,4.685428925522113,3.240775391063533,-2.6545773642963644,-2.1167132147581924,0.5824175824175825,222,2.082354968096396,1.3942932915477657,6.14253099495686,4.709419972612605,-3.1690819038720166,-2.89815198382265,0.6306306306306306,0.6304347826086957,4.175257731958763,3.0549450549450547,5.761261261261262,7,-0.02310226280738162,0.5869879494836518,6,0.10020069201361456,1.5990336618065337,6,1.140212302169651,2.1929352806695572,5,0.7922821940328617,3.2445694564959258
M2_V4_TRIGGER,AVOID,WAIT_FOR_TRIGGER,True,132,0.022571819425444596,8,132,98,0.38273473072525943,0.7207660333668708,1.650698282228177,1.459518013979788,-1.0145225803974696,-0.5730608526364533,0.6632653061224489,73,0.42164598291020805,1.1723329425556983,2.7320935106431254,2.639087018544939,-2.381850964210581,-1.4042242142115358,0.6164383561643836,72,-0.05040714935901542,-0.5812653699977632,4.021732524185784,3.8080297630161404,-3.3258187812537496,-3.019495958155028,0.4027777777777778,44,2.021132953361647,1.827565783907259,6.169708341333045,4.908048722235492,-4.625846445669871,-3.8191359281769586,0.7045454545454546,0.6153846153846154,4.166666666666667,3.0555555555555554,4.568181818181818,7,-0.23535692612289014,0.9428629155465086,6,-0.5005033337689301,1.56569750526132,6,-1.3233544629015659,2.3686562061958014,5,-0.23424949477652302,3.691698812224561
M2_V4_TRIGGER,AVOID,WATCH,True,1085,0.18553351573187415,9,1085,878,0.5188577599190507,0.26033094718777017,2.148544557749744,1.5745600493979772,-1.0940484761493363,-0.9358447353115862,0.5626423690205011,727,1.4283633027093505,0.6574523720582759,4.009672009121695,2.536585365853661,-2.0975568525717607,-1.807701059338096,0.5859697386519945,671,2.0459908572687597,1.1570462818512706,5.089476701803876,3.733986522229116,-2.502405045087934,-2.155246436544733,0.6408345752608048,441,4.349902453957276,3.4906892049749283,7.886072603263749,6.065433157701272,-2.6820200329728823,-2.428035043804766,0.7505668934240363,0.7185185185185186,4.018348623853211,3.204172876304024,6.680272108843537,8,0.13515138488536313,0.8454880366138781,7,1.2094954694225004,1.7662153361258706,7,1.7496762114964113,2.4229160646296224,6,3.6008255768280915,5.332873601791992
M2_V4_TRIGGER,DEFENSIVE,FILTERED,True,215,0.03676470588235294,9,215,183,-0.41755345355173995,-0.6119510439164921,1.4197215013731785,1.2210655773707613,-1.9223860182319716,-1.753333333333329,0.3825136612021858,164,-0.9823111681475096,-0.9159034138218058,2.1278300152522442,1.565762004175375,-3.2665076448204453,-2.6228747952547815,0.3597560975609756,162,-0.7512558853093513,-0.6513424404370138,2.525686616330636,1.7505997556263475,-3.6831866537628963,-3.1052616944652445,0.4382716049382716,105,-0.8255851376216256,-0.7117038863515224,3.477754499564389,3.1446540880503138,-4.441609977979498,-4.032258064516137,0.4,0.26666666666666666,5.333333333333333,2.8703703703703702,5.133333333333334,7,-0.7240698447352824,-0.17596623312313164,6,-1.8208124164744461,-0.27076919383344233,6,-1.3875220159188277,0.04336428900700282,5,-1.650070952163367,0.45062815521629274
M2_V4_TRIGGER,DEFENSIVE,WAIT_FOR_TRIGGER,True,115,0.01966484268125855,8,115,93,0.42377637833146253,0.2074526381712793,1.641899407219516,1.4044302352135274,-0.917696303203802,-0.8601739462869129,0.5376344086021505,78,0.4320383261733093,0.6376491972000187,2.6529093927857192,2.143887787734311,-1.805250565588866,-1.7545753927549534,0.6153846153846154,71,-0.10780246342105336,0.0955748829207792,3.0307257621909574,2.46631651061886,-2.1421887971438887,-1.9306126349995176,0.5492957746478874,46,0.8358814111804476,0.9237722302620988,4.254371858629411,4.074072669078566,-3.158471964809746,-2.836590662323568,0.6304347826086957,0.25,5.0,2.9295774647887325,5.5,7,-0.03964478486546619,1.0572519588861844,6,-0.3322518000654636,1.287276953723491,6,-1.0113692639072036,0.8437171385090233,5,-0.5091129007303908,2.145352673775217
M2_V4_TRIGGER,DEFENSIVE,WATCH,True,217,0.03710670314637483,9,217,180,-0.1586395024053959,-0.34052149474017573,1.4262021912750917,1.0129362948498866,-1.5948112606168352,-1.309856130556153,0.43333333333333335,152,-0.23796118942873604,-0.15400407653434756,2.323225470045408,1.5668887883668936,-3.029651776432329,-2.745844232670691,0.46710526315789475,140,-0.21584932842954627,-0.5325962381177218,3.0200194787102594,2.502982898051176,-3.3457511457050373,-3.0106666684611927,0.39285714285714285,82,1.0156584731860012,0.7823087239554161,4.567475079993981,3.383512176643455,-4.0759479264254175,-3.360886777240318,0.5853658536585366,0.5806451612903226,5.24,2.8,6.926829268292683,8,-0.5631426193723633,0.6675872138654668,7,-1.0290813246049202,1.0763093389112033,7,-1.0805860556289628,0.6793481212644158,6,-0.4893912409136679,3.1237216819724836
M2_V4_TRIGGER,ENTER,FILTERED,True,2,0.0003419972640218878,1,2,2,0.1430184161916648,0.1430184161916648,0.7699759788804439,0.7699759788804439,-0.5858077200548595,-0.5858077200548595,0.5,2,0.88827246133234,0.88827246133234,1.3042532444366817,1.3042532444366817,-0.7659407479050862,-0.7659407479050862,1.0,2,0.09656648617794586,0.09656648617794586,2.121798967805355,2.121798967805355,-0.7659407479050862,-0.7659407479050862,0.5,0,,,,,,,,,,4.5,,1,,,1,,,1,,,0,,
M2_V4_TRIGGER,ENTER,WAIT_FOR_TRIGGER,True,22,0.003761969904240766,5,22,20,-0.20377506583256086,0.3978824842522099,1.0163057442429462,0.9389269277752188,-1.1561716176315315,-0.45011448311148,0.75,18,0.4915231653060535,1.4307366440208582,2.022531320537231,2.827598952440624,-1.8211943396727568,-1.119851194285887,0.6111111111111112,17,1.1560495499856938,2.319480878089175,2.9342388474396146,3.283431878223686,-1.8772421674671254,-1.079961949527175,0.6470588235294118,5,2.4068371502475694,5.0920485703094265,5.232036721991036,6.311901964075872,-2.1255130030019154,-1.079961949527175,0.6,0.6,4.75,3.411764705882353,5.6,4,-0.9912234631220316,1.302285504150622,3,-0.3041920935115997,1.1938804190813743,3,-0.09080267948956995,2.529766656806672,2,-1.6209799798452162,5.0920485703094265
M2_V4_TRIGGER,ENTER,WATCH,True,14,0.0023939808481532147,5,14,14,-0.5272979860575947,-0.8748078969145423,1.3905999403081015,1.45009212492615,-1.080835617481767,-1.0511567207795225,0.14285714285714285,11,-1.0890337766247997,-1.2835062689148249,1.5055157983915988,0.9051942174063354,-2.0068647137338647,-1.8509511456982208,0.2727272727272727,11,-1.2966075770677563,-1.22354888284667,1.5055157983915988,0.9051942174063354,-2.887767867629766,-2.845330739299601,0.09090909090909091,0,,,,,,,,,,2.0,,5,-0.9512175243096536,0.12297718900334542,4,-2.74649832780414,-0.47380129261155485,4,-3.582560472541615,0.04883832727233478,0,,
M2_V4_TRIGGER,NO_TRADE,FILTERED,True,319,0.05454856361149111,9,319,284,0.09241369028057829,0.09882482769302256,1.5539894302321635,1.237566629037934,-1.1684890094402878,-1.0532228873025073,0.528169014084507,257,0.7524310274232912,0.3568445827955457,3.113005143723862,2.373649819976009,-2.1315289594662468,-1.657399486740796,0.5642023346303502,240,1.1866095297497303,0.8701472556894352,4.0759266271306736,3.3079215659748695,-2.6763913064475746,-2.1496771344997057,0.625,161,2.697107285561581,2.253735122815903,6.010435434120891,4.978292329956613,-3.186764075800741,-2.4883875248838727,0.7763975155279503,0.6625,4.725806451612903,3.2333333333333334,5.894409937888199,8,-0.26380144872150985,0.5857303724637611,7,-0.0010381925844866104,1.4528820463336896,7,0.2771940688662781,1.8636372123505864,6,1.5389967125924444,3.710104210059419
M2_V4_TRIGGER,NO_TRADE,NO_TRADE,False,233,0.03984268125854993,9,233,187,0.10678090579657312,0.2108116247553138,1.6503423604440262,1.1618664671778631,-1.2167803140830205,-0.8316430020283927,0.5668449197860963,156,1.132747017998857,0.12724983211422894,3.6294769774773137,2.239291758885553,-1.9619833112246938,-1.4977829471983006,0.5384615384615384,137,1.3432453290849522,0.9256677633413312,4.274115052796205,2.8014616321558883,-2.3195561313250455,-2.0502690552414604,0.635036496350365,80,2.0774985467389073,0.285632676378178,6.239456614759142,4.065037914902748,-2.8258903968569724,-2.0502690552414604,0.55,0.47368421052631576,3.2580645161290325,3.0948905109489053,5.975,8,-0.5363322189231994,0.9716778041421597,7,-0.5674280925364584,4.04042441197994,7,-0.5753106681991647,4.006171709947137,6,-0.6100206930928946,4.787292004851983
M2_V4_TRIGGER,NO_TRADE,WAIT_FOR_TRIGGER,True,199,0.03402872777017784,9,199,170,0.2368798636490711,0.2431366697596915,1.788890496959213,1.5797788309636518,-0.9483121035867491,-0.7515189386120058,0.5823529411764706,137,0.42173298408288856,1.0059171597633032,2.953167997544087,2.3993654570692025,-1.9727851798112446,-1.4154552410099552,0.6058394160583942,128,0.8089981788898801,1.2547324114424274,3.7231547847664492,3.348068948973637,-2.430059887497455,-1.471265880097278,0.609375,91,2.6833194940519682,2.392047219633442,5.962873580346395,5.116580310880825,-2.898076142889305,-1.6070345664038643,0.7362637362637363,0.7708333333333334,3.923076923076923,2.953125,6.1098901098901095,7,-0.4278403361015829,0.702071255237212,6,-0.8812055625072038,1.0809923769364858,6,0.16114777081785336,1.4438452821973418,5,1.5870901306913987,3.395406586953673
M2_V4_TRIGGER,NO_TRADE,WATCH,True,545,0.09319425444596444,9,545,480,0.38285353101521025,0.2623164771975772,1.8622234996043139,1.5374475865097326,-1.191120920476507,-0.9899683210137232,0.5645833333333333,414,1.0273102227363633,0.6405132734275787,3.5739851650678265,2.537602336324396,-2.1258879235114647,-1.7268445839874302,0.5821256038647343,373,1.6882257682066448,1.2018288700196056,4.603885463093937,3.496042216358841,-2.5741923189377056,-2.1180555555555536,0.6273458445040214,238,4.616237443687913,3.268952203821174,7.770042661905424,6.532761477209215,-2.8750996211082844,-2.215705441511895,0.7689075630252101,0.691358024691358,3.9612403100775193,3.1126005361930296,6.621848739495798,8,-0.053505214801737845,0.9250893906015869,7,0.04360863499477403,2.2505216974040425,7,0.6237648097485814,2.9659976681885096,6,3.5789695208043746,5.395244296214747
M2_V4_TRIGGER,WAIT_FOR_TRIGGER,FILTERED,True,651,0.11132010943912449,9,651,578,0.13136238203382553,-0.0678462874511454,1.5088802608571918,1.128410317038353,-1.2489420824558641,-1.1474920573794178,0.47923875432525953,508,0.43213690493460977,0.2333912288319473,2.941072762592645,2.0850175381295077,-2.1905321619835516,-1.878131974565212,0.5295275590551181,476,0.892844630367125,0.378000378000376,3.963337907245647,2.91385135135136,-2.6793151155540036,-2.325397628181131,0.5777310924369747,342,2.0039866667705732,1.397391529986125,5.636034398947965,4.318375206054947,-3.1478694670532414,-2.6965725806451624,0.652046783625731,0.5595238095238095,4.775862068965517,2.922268907563025,5.883040935672515,8,-0.18733755322391552,0.44462115552843007,7,0.13721802499785737,0.7318921010568127,7,0.07070376985316164,1.5933871960768087,6,1.2690777825926338,2.7565442603013532
M2_V4_TRIGGER,WAIT_FOR_TRIGGER,WAIT_FOR_TRIGGER,False,658,0.11251709986320109,8,658,570,0.16610827635676256,0.04270995568632635,1.383534506265742,1.149591698623964,-1.1791800718620105,-0.9831473740243456,0.5052631578947369,468,0.6106836840800159,0.2969121140142583,2.6401259347549613,2.0440494141189314,-1.996814387235029,-1.762265730804907,0.5598290598290598,443,1.2730112270528882,1.2282638697212356,3.691304635662248,2.6611830168138395,-2.27153508937724,-1.915301127899549,0.6388261851015802,255,2.1451768700501717,1.7513134851138368,5.826950861791507,4.670084707980382,-2.806766257651699,-2.444870565675928,0.7058823529411765,0.5629139072847682,4.793478260869565,3.2776523702031604,6.396078431372549,7,-0.06750389806089752,0.5185238070460635,6,0.25507872039287144,1.246559452707224,6,0.8461135274240824,1.6703361173555602,5,1.4196042972082217,2.860430501519502
M2_V4_TRIGGER,WAIT_FOR_TRIGGER,WATCH,True,883,0.1509917920656635,9,883,764,0.1954537696325566,0.0352292027622991,1.7370626121942634,1.2922311146105203,-1.3948953000890487,-1.1879916519505596,0.5117801047120419,659,0.7994023212754434,0.0583975706610617,3.427997796665995,2.118954304664289,-2.312761653422417,-2.1885702054794565,0.503793626707132,602,1.3081371374469304,0.6273493063287061,4.735642404185017,2.9255094275809634,-2.7161306681076405,-2.483900643974246,0.5714285714285714,387,2.995851761547174,2.5666683344173657,6.663996948925088,5.461010922021869,-3.03998312163715,-2.654867256637161,0.7441860465116279,0.6359223300970874,4.084967320261438,3.0033222591362128,5.764857881136951,8,-0.15465894715639655,0.7008608142228373,7,0.3729320762600362,1.9094516399446186,7,0.6030244507955463,2.0261735852683262,6,1.7472347830982238,4.036251827287268
M3_V4_EXTENSION_TRIGGER,AVOID,AVOID,False,164,0.0280437756497948,9,164,149,0.17653633198270313,0.05281225244258,1.857423848370042,1.425809569840486,-1.1435385100405562,-0.9930940014839408,0.5100671140939598,143,0.5045550705978656,-0.1535130879748103,3.277022839042776,2.3533103231879515,-2.1228793617187818,-1.7588238795309683,0.4965034965034965,134,0.6779243787628932,0.4791239508929124,4.142274752504069,3.447354355959376,-2.4558301651673085,-1.8444453156968352,0.5522388059701493,87,0.5795775178281604,0.4553305071439695,5.373999336892454,3.96326727887868,-3.285128902395738,-2.73128932922746,0.5057471264367817,0.40425531914893614,4.379310344827586,3.0597014925373136,5.344827586206897,8,-0.3744045936010273,1.0348700724600035,7,-0.21034757519782096,1.9149598114546607,7,0.05727272580530918,1.1775210786570307,6,-0.4170170247881839,2.0663566852630173
M3_V4_EXTENSION_TRIGGER,AVOID,FILTERED,True,411,0.07028043775649795,8,411,343,0.2511964245123333,0.1176470588235334,1.7715141559149905,1.4358974358974486,-1.3220943804875473,-1.0126813246966515,0.5422740524781341,308,0.8139853152453269,0.4957180783530357,3.3577752095858897,2.3133689430974043,-2.3230019405070745,-1.968108777753713,0.5551948051948052,282,1.6567146139824465,0.6668149170352189,4.580243651109184,3.164091243561451,-2.674029634823214,-2.1227670877284446,0.5780141843971631,223,2.04509393856623,1.2908696881183568,6.1093612127979835,4.689221952832279,-3.188405296870741,-2.987723709510426,0.6278026905829597,0.6304347826086957,4.175257731958763,3.0354609929078014,5.739910313901345,7,-0.04073253599564834,0.5760865272440276,6,0.05343774252837044,1.5239570700327028,6,1.025327244068186,2.184394572204772,5,0.7609255865578353,3.2235563129317324
M3_V4_EXTENSION_TRIGGER,AVOID,WAIT_FOR_TRIGGER,True,118,0.02017783857729138,8,118,90,0.4045253782785082,0.7580859134610596,1.728027505535504,1.4639639639639768,-0.9556024651642904,-0.42771769843232277,0.6777777777777778,66,0.529990794431739,1.1953953054889999,2.8550188767861973,2.6561015540789823,-2.302675490344259,-1.2631593953772113,0.6212121212121212,65,0.003316365485357873,-0.5812653699977632,4.258263952573942,3.9147865733826,-3.3470832957787477,-3.019495958155028,0.4,44,2.0211329533616476,1.827565783907259,6.169708341333044,4.908048722235492,-4.62584644566987,-3.8191359281769586,0.7045454545454546,0.6153846153846154,4.166666666666667,3.1076923076923078,4.568181818181818,7,-0.3166748814398554,0.9904567359439543,6,-0.4308926000948785,1.7934439504433144,6,-1.5786625814192534,2.768208690899345,5,-0.23424949477652302,3.691698812224561
M3_V4_EXTENSION_TRIGGER,AVOID,WATCH,True,1082,0.1850205198358413,9,1082,877,0.5169223147145565,0.2584896097313605,2.1475912700937907,1.5745600493979772,-1.0949259188443026,-0.9361864730607627,0.5621436716077537,727,1.4283633027093505,0.6574523720582759,4.009672009121695,2.536585365853661,-2.0975568525717607,-1.807701059338096,0.5859697386519945,671,2.0459908572687597,1.1570462818512706,5.089476701803876,3.733986522229116,-2.502405045087934,-2.155246436544733,0.6408345752608048,441,4.349902453957276,3.4906892049749283,7.886072603263749,6.065433157701272,-2.6820200329728823,-2.428035043804766,0.7505668934240363,0.7185185185185186,4.018348623853211,3.204172876304024,6.680272108843537,8,0.1327399227539898,0.8429847202398766,7,1.2094954694225004,1.7662153361258706,7,1.7496762114964113,2.4229160646296224,6,3.6008255768280915,5.332873601791992
M3_V4_EXTENSION_TRIGGER,DEFENSIVE,FILTERED,True,220,0.03761969904240766,9,220,187,-0.4029413124897575,-0.5643800546925037,1.4237258516099325,1.2533333333333283,-1.9082150961637612,-1.6976998904709828,0.3850267379679144,167,-0.9466403399693104,-0.9159034138218058,2.142964152993059,1.565762004175375,-3.2557582416898834,-2.6314909552947463,0.3652694610778443,164,-0.7069300097455546,-0.448055639148015,2.5574141592906297,1.7695735200509155,-3.670693070831372,-3.1052616944652445,0.4451219512195122,105,-0.8255851376216256,-0.7117038863515224,3.4777544995643894,3.1446540880503138,-4.441609977979498,-4.032258064516137,0.4,0.26666666666666666,5.333333333333333,2.8719512195121952,5.133333333333334,7,-0.6997186365166145,-0.1500215004971719,6,-1.8274604884445618,-0.16618021446543765,6,-1.322671374053046,0.06563839469803233,5,-1.650070952163367,0.45062815521629274
M3_V4_EXTENSION_TRIGGER,DEFENSIVE,WAIT_FOR_TRIGGER,True,111,0.018980848153214776,8,111,89,0.4308870406791265,0.2074526381712793,1.643471296310666,1.4044302352135274,-0.9023165679975399,-0.8601739462869129,0.5393258426966292,75,0.4091852618693517,0.5601613264620164,2.640213887850844,2.06595152959872,-1.7707356200569877,-1.7545753927549534,0.6133333333333333,69,-0.19450589456143105,0.0955748829207792,2.969954186050112,2.46631651061886,-2.12721708536899,-1.9306126349995176,0.5362318840579711,46,0.8358814111804476,0.9237722302620988,4.254371858629411,4.074072669078566,-3.158471964809746,-2.836590662323568,0.6304347826086957,0.25,5.0,2.927536231884058,5.5,7,-0.044417297637842114,1.111114711365226,6,-0.43735965703049134,1.3872832087930524,6,-1.1017525366972483,0.7838708022623587,5,-0.5091129007303908,2.145352673775217
M3_V4_EXTENSION_TRIGGER,DEFENSIVE,WATCH,True,216,0.036935704514363885,9,216,180,-0.1586395024053959,-0.34052149474017573,1.4262021912750917,1.0129362948498866,-1.5948112606168352,-1.309856130556153,0.43333333333333335,152,-0.23796118942873604,-0.15400407653434756,2.323225470045408,1.5668887883668936,-3.029651776432329,-2.745844232670691,0.46710526315789475,140,-0.21584932842954627,-0.5325962381177218,3.0200194787102594,2.502982898051176,-3.3457511457050373,-3.0106666684611927,0.39285714285714285,82,1.0156584731860012,0.7823087239554161,4.567475079993981,3.383512176643455,-4.0759479264254175,-3.360886777240318,0.5853658536585366,0.5806451612903226,5.24,2.8,6.926829268292683,8,-0.5631426193723633,0.6675872138654668,7,-1.0290813246049202,1.0763093389112033,7,-1.0805860556289628,0.6793481212644158,6,-0.4893912409136679,3.1237216819724836
M3_V4_EXTENSION_TRIGGER,ENTER,FILTERED,True,2,0.0003419972640218878,1,2,2,0.1430184161916648,0.1430184161916648,0.7699759788804439,0.7699759788804439,-0.5858077200548595,-0.5858077200548595,0.5,2,0.88827246133234,0.88827246133234,1.3042532444366817,1.3042532444366817,-0.7659407479050862,-0.7659407479050862,1.0,2,0.09656648617794586,0.09656648617794586,2.121798967805355,2.121798967805355,-0.7659407479050862,-0.7659407479050862,0.5,0,,,,,,,,,,4.5,,1,,,1,,,1,,,0,,
M3_V4_EXTENSION_TRIGGER,ENTER,WAIT_FOR_TRIGGER,True,22,0.003761969904240766,5,22,20,-0.20377506583256086,0.3978824842522099,1.0163057442429462,0.9389269277752188,-1.1561716176315315,-0.45011448311148,0.75,18,0.4915231653060535,1.4307366440208582,2.022531320537231,2.827598952440624,-1.8211943396727568,-1.119851194285887,0.6111111111111112,17,1.1560495499856938,2.319480878089175,2.9342388474396146,3.283431878223686,-1.8772421674671254,-1.079961949527175,0.6470588235294118,5,2.4068371502475694,5.0920485703094265,5.232036721991036,6.311901964075872,-2.1255130030019154,-1.079961949527175,0.6,0.6,4.75,3.411764705882353,5.6,4,-0.9912234631220316,1.302285504150622,3,-0.3041920935115997,1.1938804190813743,3,-0.09080267948956995,2.529766656806672,2,-1.6209799798452162,5.0920485703094265
M3_V4_EXTENSION_TRIGGER,ENTER,WATCH,True,14,0.0023939808481532147,5,14,14,-0.5272979860575947,-0.8748078969145423,1.3905999403081015,1.45009212492615,-1.080835617481767,-1.0511567207795225,0.14285714285714285,11,-1.0890337766247997,-1.2835062689148249,1.5055157983915988,0.9051942174063354,-2.0068647137338647,-1.8509511456982208,0.2727272727272727,11,-1.2966075770677563,-1.22354888284667,1.5055157983915988,0.9051942174063354,-2.887767867629766,-2.845330739299601,0.09090909090909091,0,,,,,,,,,,2.0,,5,-0.9512175243096536,0.12297718900334542,4,-2.74649832780414,-0.47380129261155485,4,-3.582560472541615,0.04883832727233478,0,,
M3_V4_EXTENSION_TRIGGER,NO_TRADE,FILTERED,True,330,0.056429548563611494,9,330,289,0.11109262038561375,0.1530729392555496,1.559655633050514,1.2509064539521386,-1.1522262212141352,-1.0032335627228273,0.5363321799307958,260,0.7235525463845449,0.33653294036364295,3.1047423866729194,2.373649819976009,-2.150533271969276,-1.657399486740796,0.5615384615384615,243,1.1838421699671864,0.8701472556894352,4.065536081135482,3.274280291047149,-2.689998443113597,-2.1496771344997057,0.6255144032921811,162,2.644712553610941,2.2528797071569295,5.992128699998058,4.978292329956613,-3.2093530272608466,-2.495259230285435,0.7716049382716049,0.6625,4.725806451612903,3.2386831275720165,5.888888888888889,8,-0.2208822563940271,0.5996315415129959,7,-0.058319988363933234,1.4094481110445383,7,0.282852449469568,1.8611491193988912,6,1.4880950736824823,3.6961821068314538
M3_V4_EXTENSION_TRIGGER,NO_TRADE,NO_TRADE,False,225,0.03847469220246238,9,225,184,0.09002946855150694,0.2044989775051187,1.649065764045774,1.1618664671778631,-1.2284487251208465,-0.836498203394026,0.5597826086956522,155,1.1329910700335692,0.0954328561690642,3.6337372182941166,2.239291758885553,-1.9722782240684091,-1.5477629987908137,0.535483870967742,136,1.3232966507250261,0.9103012165552204,4.265631805696515,2.796430552026641,-2.3339185159638407,-2.0959586390645493,0.6323529411764706,80,2.0774985467389073,0.285632676378178,6.239456614759142,4.065037914902748,-2.8258903968569724,-2.0502690552414604,0.55,0.47368421052631576,3.2580645161290325,3.0808823529411766,5.975,8,-0.5573296891116227,0.9737475722987784,7,-0.5783100287605043,4.063453074856558,7,-0.6165883400239449,4.005734788042868,6,-0.6100206930928946,4.787292004851983
M3_V4_EXTENSION_TRIGGER,NO_TRADE,WAIT_FOR_TRIGGER,True,197,0.03368673050615595,9,197,169,0.22760650597815188,0.2101392172314087,1.7817758673135924,1.5797788309636518,-0.9603810647629231,-0.7568590350047311,0.5798816568047337,136,0.4512360239232557,1.0539227672094698,2.9528878879152263,2.3993654570692025,-1.9396146149841706,-1.4066523516877703,0.6102941176470589,127,0.7938955500936791,1.2141280353200834,3.728496597983336,3.348068948973637,-2.398139240971503,-1.4193025141930329,0.6062992125984252,90,2.77747681387968,2.392047219633442,5.995297236725556,5.116580310880825,-2.8542083865620986,-1.6037380337538154,0.7444444444444445,0.7708333333333334,3.923076923076923,2.937007874015748,6.122222222222222,7,-0.4641692158716388,0.702071255237212,6,-0.815005644321213,1.0809923769364858,6,0.09856522776444941,1.4335445755618672,5,1.863529041840513,3.3997046586197843
M3_V4_EXTENSION_TRIGGER,NO_TRADE,WATCH,True,544,0.09302325581395349,9,544,479,0.38228830921933005,0.2603448803944808,1.8635427636118702,1.5406983561194076,-1.1920825752713622,-0.9899683210137232,0.5636743215031316,413,1.0364692075522275,0.6408470325996118,3.579659957138246,2.545968882602545,-2.120174687702912,-1.7268445839874302,0.5835351089588378,372,1.703236959680188,1.2018288700196056,4.612954251865737,3.496975083074816,-2.569054517879893,-2.1180555555555536,0.6290322580645161,238,4.616237443687913,3.268952203821174,7.770042661905424,6.532761477209215,-2.8750996211082844,-2.215705441511895,0.7689075630252101,0.691358024691358,3.9612403100775193,3.118279569892473,6.621848739495798,8,-0.05775423336338354,0.9256153487578066,7,0.05466831508596335,2.2566096362703703,7,0.6475289917492097,2.9903136189671384,6,3.5789695208043746,5.395244296214747
M3_V4_EXTENSION_TRIGGER,WAIT_FOR_TRIGGER,FILTERED,True,665,0.1137140902872777,9,665,589,0.1248163746945554,-0.0678462874511454,1.4985424551788835,1.1287171695246512,-1.253317083457897,-1.150509241795561,0.48047538200339557,518,0.411947588485826,0.1896878772202237,2.9232227576113865,2.099674247795713,-2.205744925725312,-1.9328982834444508,0.5231660231660231,483,0.9122713186033756,0.3897180762852503,3.9814147392821604,2.91385135135136,-2.6774891716535327,-2.3364274394385265,0.5838509316770186,347,1.997371877212302,1.4018691588784993,5.660320193052588,4.430697207824763,-3.1491649691682926,-2.707952468007313,0.6570605187319885,0.5672514619883041,4.781512605042017,2.94824016563147,5.881844380403458,8,-0.18461441645426474,0.44050573422866607,7,0.1373045268966809,0.7729182533694933,7,0.09911755497303797,1.6140158631933526,6,1.2689604744944476,2.7384131678179626
M3_V4_EXTENSION_TRIGGER,WAIT_FOR_TRIGGER,WAIT_FOR_TRIGGER,False,645,0.11029411764705882,8,645,559,0.1736893195774825,0.0413864459389401,1.3919605603695304,1.1391833972479226,-1.1731974999358388,-0.9797181161911306,0.5044722719141324,458,0.6374162904379287,0.3542003542003513,2.6537434768988812,2.0348473472675876,-1.9753790392749482,-1.745820965474154,0.5676855895196506,436,1.257593969618694,1.0840633015535062,3.6669116476468355,2.6595043501186355,-2.2670109396540523,-1.889168765743077,0.6330275229357798,250,2.157182002022644,1.8985863691131755,5.79706050883116,4.658445879819939,-2.798146036527978,-2.4252153804423973,0.7,0.5540540540540541,4.786516853932584,3.2545871559633026,6.408,7,-0.056483325589717505,0.5160545225486388,6,0.29615236380659365,1.2607778631530757,6,0.8314047732684647,1.6615501086344888,5,1.41529638567698,2.8731763842694935
M3_V4_EXTENSION_TRIGGER,WAIT_FOR_TRIGGER,WATCH,True,882,0.15082079343365254,9,882,764,0.1954537696325566,0.0352292027622991,1.7370626121942634,1.2922311146105203,-1.3948953000890487,-1.1879916519505596,0.5117801047120419,659,0.7994023212754434,0.0583975706610617,3.427997796665995,2.118954304664289,-2.312761653422417,-2.1885702054794565,0.503793626707132,602,1.3081371374469304,0.6273493063287061,4.735642404185017,2.9255094275809634,-2.7161306681076405,-2.483900643974246,0.5714285714285714,387,2.995851761547174,2.5666683344173657,6.663996948925088,5.461010922021869,-3.03998312163715,-2.654867256637161,0.7441860465116279,0.6359223300970874,4.084967320261438,3.0033222591362128,5.764857881136951,8,-0.15465894715639655,0.7008608142228373,7,0.3729320762600362,1.9094516399446186,7,0.6030244507955463,2.0261735852683262,6,1.7472347830982238,4.036251827287268
