dimension,value,observations,runs,independent_dates,N,N_1d,mean_return_1d,median_return_1d,mean_MFE_1d,median_MFE_1d,mean_MAE_1d,median_MAE_1d,hit_rate_1d,N_3d,mean_return_3d,median_return_3d,mean_MFE_3d,median_MFE_3d,mean_MAE_3d,median_MAE_3d,hit_rate_3d,N_5d,mean_return_5d,median_return_5d,mean_MFE_5d,median_MFE_5d,mean_MAE_5d,median_MAE_5d,hit_rate_5d,N_10d,mean_return_10d,median_return_10d,mean_MFE_10d,median_MFE_10d,mean_MAE_10d,median_MAE_10d,hit_rate_10d,target_before_stop_rate_10d,mean_time_to_target,mean_time_to_MFE_5d,mean_time_to_MFE_10d
TOTAL,ALL,5848,17,10,5848,4984,0.22385097493081108,0.09651385752231785,1.7194404187923427,1.332458114528634,-1.241134852491841,-1.0497424433345115,0.5244783306581059,4268,0.7302323370630908,0.3047972435727519,3.2357115630158693,2.205151249349735,-2.2176758271205066,-1.8782249742002155,0.5433458294283037,3954,1.2027377907430892,0.7280657510193134,4.245471456266126,3.025153363116506,-2.632854894366562,-2.2514816398851223,0.5872534142640364,2587,2.665580682798213,1.9768983147131047,6.336219745957669,4.881706097967342,-3.0906655721678598,-2.625,0.6872825666795516,0.6161825726141079,4.270428015564202,3.0758725341426403,6.073830691921144
decision_date,2026-07-17,12,12,1,12,0,,,,,,,,0,,,,,,,,0,,,,,,,,0,,,,,,,,,,,
decision_date,2026-07-31,817,4,1,817,796,0.8277177375230387,0.8037050736453333,2.2486534858720773,2.007135675469862,-0.8926718300810996,-0.5730659025787954,0.7010050251256281,757,1.7793373507626926,1.7142857142857126,4.511461033659699,3.548098741662664,-1.901599030041671,-1.124585960038471,0.7001321003963011,710,1.7741151702034579,1.097801556555733,5.6990279160051145,4.190544412607444,-2.5540247304426438,-1.499065625753676,0.6591549295774648,626,3.770540660902691,2.7268106316113983,7.221317889022741,5.539742331269348,-3.0728380620593594,-1.8941393875396064,0.7779552715654952,0.6766595289079229,3.7427745664739884,3.035211267605634,5.805111821086262
decision_date,2026-08-03,101,5,1,101,87,1.5290430237067536,1.312500000000005,2.773266754358823,2.578125000000009,-0.7319381494362238,-0.4712012861023296,0.7816091954022989,80,2.144050178029585,0.8699772987040388,5.544671251255995,4.358536254500589,-1.5920233583065493,-1.0940406859726304,0.575,78,1.3158525740524278,0.584513438227785,6.773847746509416,4.680609422942251,-2.256630331007062,-1.935357588510178,0.5897435897435898,64,4.4737282522414095,3.587521184772358,8.486442903788213,7.412222464083584,-1.9992415507824695,-1.7006802721088343,0.9375,0.875,3.4,3.0,6.71875
decision_date,2026-08-04,871,2,1,871,812,-0.1919596267459508,-0.21734346434991725,1.6182132293152909,1.311061845424666,-1.4347620438197772,-1.1140534343113073,0.43349753694581283,736,0.28498670492285266,-0.2953918865695182,3.2007796142703806,2.025258846285128,-2.7217979922348943,-2.3791087703890046,0.45108695652173914,681,0.7062574713946619,0.0581751649776585,4.086912050937563,2.50231191862047,-3.2304042504327968,-2.769489710045137,0.5036710719530103,486,1.9777522454565857,1.246955843296771,6.195191925248759,4.83929216323582,-3.4847186131065655,-3.161026403867617,0.6213991769547325,0.6666666666666666,4.9714285714285715,2.814977973568282,5.845679012345679
decision_date,2026-08-05,936,2,1,936,860,-0.1637849501749816,-0.5439070662835443,1.8906628622605357,1.1336577240366186,-1.5167197425131749,-1.3133642792698463,0.37209302325581395,796,0.32471320957217803,-0.38716251038675153,3.2163585976000024,1.820764119564311,-2.4032051025788257,-2.289223054877665,0.4271356783919598,764,0.8746538320261682,0.22191132696429688,3.979715352332733,2.4323291893541876,-2.8478618203290127,-2.6171093691254983,0.5340314136125655,540,2.0760853208510928,1.6276347636679511,6.185487456800291,4.5307740808509305,-3.0203203802995815,-2.8663084112034776,0.5925925925925926,0.5371428571428571,4.103448275862069,2.764397905759162,6.007407407407407
decision_date,2026-08-06,424,1,1,424,406,0.45131815685648824,0.2777542651890119,1.7306305468006085,1.3324593431288,-1.16342880717253,-1.059292271236556,0.5689655172413793,376,0.900450145447536,0.6026602197745978,3.1824980067164006,2.224447225832915,-1.91120098520328,-1.6406158932677664,0.6117021276595744,353,1.8249673181633177,1.4316560664745517,4.244031940294256,3.2403094495524254,-2.2374379134082156,-1.874205844980936,0.6487252124645893,247,2.380650303919578,1.49253731343284,6.550041072941002,5.073962144106892,-2.8361833988044793,-2.3320237735468874,0.6680161943319838,0.5757575757575758,4.696428571428571,3.3994334277620397,6.348178137651822
decision_date,2026-08-07,1293,3,1,1293,1212,-0.011368252532497732,-0.2702087619491367,1.2226508555079074,0.78865581073988,-1.4643139035944528,-1.3361594102524577,0.4430693069306931,1164,0.37453731116440264,0.18943723341494628,2.3795248009024217,1.8220201689426951,-2.230257216533149,-1.9749408119816514,0.5309278350515464,1041,1.2936700216018486,0.9514092590230838,3.5256497448696007,3.013623228292284,-2.4343677440381164,-2.1496771344997057,0.6138328530259366,624,2.530265825177587,1.7822397231889608,5.3833918125998865,4.424586222165027,-3.0751926254210664,-2.7151534308365255,0.7115384615384616,0.6046511627906976,4.912087912087912,3.371757925072046,6.403846153846154
decision_date,2026-08-10,401,1,1,401,385,0.3060059431694902,0.3774494057179556,1.6107254871021357,1.461632155907422,-0.9904883448529626,-0.789117691267105,0.5974025974025974,359,0.9899627055410446,0.7606787595084707,2.9773980217338987,2.525832376578641,-1.8588928727732787,-1.5298738887740249,0.6211699164345403,327,0.7744530015006037,0.5864164623094137,3.7305501476485605,3.1208401124094065,-2.2057168123537627,-1.8402013211701875,0.5779816513761468,0,,,,,,,,,,3.162079510703364,
decision_date,2026-08-20,483,2,1,483,426,0.7822543034223749,0.7185263917095397,1.8636415721094246,1.6263755308704275,-0.7364469279200138,-0.6088293810416312,0.7464788732394366,0,,,,,,,,0,,,,,,,,0,,,,,,,,,,,
decision_date,2026-08-21,510,2,1,510,0,,,,,,,,0,,,,,,,,0,,,,,,,,0,,,,,,,,,,,
market_regime,Bull trend,912,3,3,912,385,0.3060059431694902,0.3774494057179556,1.6107254871021357,1.461632155907422,-0.9904883448529627,-0.789117691267105,0.5974025974025974,359,0.9899627055410446,0.7606787595084707,2.9773980217338987,2.525832376578641,-1.8588928727732787,-1.5298738887740249,0.6211699164345403,327,0.7744530015006037,0.5864164623094137,3.7305501476485605,3.1208401124094065,-2.2057168123537627,-1.8402013211701875,0.5779816513761468,0,,,,,,,,,,3.162079510703364,
market_regime,Choppy,483,2,1,483,426,0.7822543034223749,0.7185263917095397,1.8636415721094246,1.6263755308704275,-0.7364469279200138,-0.6088293810416312,0.7464788732394366,0,,,,,,,,0,,,,,,,,0,,,,,,,,,,,
market_regime,Distribution,4453,12,7,4453,4173,0.1592668674040204,-0.0196972255050886,1.714749682484567,1.2778860732077124,-1.3157804219403355,-1.136485472284765,0.4950874670500839,3909,0.7063788701192214,0.2419784155253346,3.259434909477938,2.1739130434782705,-2.2506262186811754,-1.9328982834444508,0.5361985162445638,3627,1.241350728731039,0.7472423200094891,4.291895296331729,3.014606857971613,-2.67136444849344,-2.272417751318123,0.5880893300248139,2587,2.6655806827982125,1.9768983147131047,6.33621974595767,4.881706097967342,-3.0906655721678598,-2.625,0.6872825666795516,0.6161825726141079,4.270428015564202,3.068100358422939,6.073830691921144
setup_type,breakout,116,17,9,116,104,0.5170582148880418,0.45128629678794496,2.2793619885213228,1.6330524702221516,-1.4905975754958012,-1.348737014437662,0.6057692307692307,99,0.6025702727462011,0.7110208227526504,3.4892100448720016,2.859493931289858,-2.4766741493054565,-1.98491950275117,0.6060606060606061,95,1.3923214322337483,1.2369033760186277,4.3359507056204425,3.7599072105161335,-2.6141356855653566,-2.0289310539169603,0.7157894736842105,75,1.6061082504579054,1.2073649260488928,5.692496935368317,4.361120051496603,-3.229751203935912,-2.6510721247563374,0.6133333333333333,0.7407407407407407,3.608695652173913,2.957894736842105,5.466666666666667
setup_type,extended_momentum,211,16,8,211,195,-0.00695564121472384,-0.2049705354855158,1.3967917457390446,1.0455635491606774,-1.2399355610161609,-0.9683098591549256,0.4358974358974359,155,-0.23165522764794982,-0.0950703240779504,2.1329225783125887,1.5539568345323884,-2.343242382886438,-2.3147295388960543,0.4838709677419355,148,0.09662196115181648,0.08362735595986434,2.7800531192739455,2.375829257712747,-2.758897474661906,-2.508276051265029,0.5,72,-0.2602429408473676,-0.540450553329902,4.227468309682338,3.421421549796011,-3.5568690881678413,-3.7409339610637415,0.4305555555555556,0.25,4.071428571428571,2.9054054054054053,5.486111111111111
setup_type,momentum_continuation,121,15,9,121,97,-0.7838670988887531,-1.1117752540346748,1.2015108677001776,0.921452336178219,-1.7420048686551717,-1.5667841754798406,0.25773195876288657,88,-1.1276930948424528,-1.0946853699496162,1.6246307530597164,0.9437845466305994,-3.0846353387204073,-2.788938785157169,0.29545454545454547,81,-1.4508917958863363,-1.6823376247649402,2.096070332270618,1.3600714782090684,-3.8660449277520486,-3.493661085841482,0.2962962962962963,39,-0.00659923140754697,-0.274375961988893,4.042398732404659,2.512168315277141,-4.169670263250336,-4.223968565815328,0.4358974358974359,0.4,3.625,2.493827160493827,5.923076923076923
setup_type,none,421,17,9,421,357,0.21489225085680738,0.1520372998175645,1.77393793154249,1.2732138512691726,-1.1864237305373724,-0.9484536082474238,0.5406162464985994,318,0.9001075401046416,0.12724983211422894,3.4671018357288577,2.2259983007646422,-2.0246783295596815,-1.6485690935710062,0.5251572327044025,285,1.1442826449293984,0.6972616632860085,4.256830002571962,3.093172387778176,-2.372253836787828,-1.916300921060776,0.6070175438596491,176,1.2569649224031005,0.285632676378178,5.885519580134711,4.0473610896146095,-3.051123077998123,-2.4534096934348715,0.5227272727272727,0.44642857142857145,3.75,3.101754385964912,5.5852272727272725
setup_type,pullback,3588,17,9,3588,3051,0.3241527856890714,0.1540832049306439,1.867447727457163,1.4371257485029876,-1.245348520154537,-1.080308205576297,0.5362176335627663,2632,0.865576059070027,0.36815253329842695,3.5093046520673656,2.304134213475917,-2.2754037930062783,-1.9831848151955045,0.5448328267477204,2445,1.335499985643666,0.6640248953365901,4.521140395924603,3.0812711104983848,-2.720332723352559,-2.3054417788180293,0.5815950920245399,1630,3.1999045197521596,2.50248121366794,6.780478876506539,5.188444848769924,-3.116579458297747,-2.6576019777503124,0.7134969325153374,0.6477516059957173,4.189111747851003,3.042944785276074,6.160736196319019
setup_type,trend_repair,176,17,9,176,149,-0.11991605989073525,-0.2987506789788097,1.4013178463054272,1.0781671159029615,-1.4557579213711962,-1.469842878864669,0.3959731543624161,129,0.9139689051833485,0.6289112363398575,3.1946372209607965,2.1496598639455744,-2.199453180997474,-1.9079837618403368,0.5271317829457365,121,2.3227085697956977,1.7413817562774936,5.09502749941367,3.454623697045056,-2.280499243719064,-1.9328982834444508,0.7024793388429752,95,2.0978907588315767,1.195457262402866,6.322873767933005,5.086336668732838,-2.4409114739240945,-2.3239099185433654,0.6421052631578947,0.45614035087719296,3.7,3.553719008264463,5.778947368421052
setup_type,vcp,1215,17,9,1215,1031,0.08870172023896093,0.0990262419541032,1.3618246738475313,1.202773454082351,-1.1445320205940135,-0.9478021978021944,0.5363724539282251,847,0.6018752493751198,0.4737496116806516,2.6444843224258188,2.138040677594444,-1.9701998321996586,-1.5469233413544117,0.577331759149941,779,1.0964199205434815,0.9478118417973302,3.73500143296295,2.966123216008953,-2.3584757846306244,-1.8782249742002155,0.6110397946084724,500,2.3160483075051443,1.9495958155016704,5.628253842031911,4.7530288909599205,-2.971400023024852,-2.4883875248838727,0.736,0.6854838709677419,5.0220994475138125,3.202824133504493,6.206
sector,Basic Materials,247,16,9,247,211,0.466020339905795,0.29827519128518,1.5195362625379614,1.1725648089284446,-1.0537316629684161,-1.1293380595169489,0.5687203791469194,189,1.0975632616985305,-0.0863259668508309,3.2452745016240976,1.8590831918505968,-1.9165365597332402,-1.745820965474154,0.4973544973544973,182,1.0325535499012672,0.2849191624701763,3.556718875082105,2.018093249826025,-2.348814685258568,-2.29245128541018,0.532967032967033,123,1.5077198239800231,0.1367031208322044,4.6273028102354665,2.592435189120268,-3.0802182460504905,-3.2845625559868696,0.5121951219512195,0.44642857142857145,4.12,2.879120879120879,5.5772357723577235
sector,Communication Services,27,15,8,27,23,-0.5465709075565255,-0.1240438288195089,0.9760021818501875,0.4233017536787065,-2.4814718178054482,-1.915301127899549,0.34782608695652173,21,-0.7818191870417159,-0.1699957501062554,1.5580951467736146,1.2798634812286602,-3.21232052582102,-2.623673142399363,0.42857142857142855,21,1.0764991420821377,1.696690406367818,4.35353420718699,3.293667658308541,-3.2575154804206337,-2.623673142399363,0.9047619047619048,19,0.5775096466448618,0.2897950734837451,5.854248882878127,5.506106396191268,-4.151667915743347,-3.839590443686014,0.5263157894736842,0.5,6.222222222222222,3.0952380952380953,7.2631578947368425
sector,Consumer Cyclical,708,16,9,708,608,0.11995042065059056,-0.0602113899168199,1.6955895050030114,1.399801844605253,-1.2892302722231443,-1.1067597226151304,0.4901315789473684,514,0.6450383542881308,0.0,3.4278782004404103,2.062081025939944,-2.4330603507223016,-2.103894116747007,0.49221789883268485,453,1.0811000193314115,0.086029728050474,4.819477128158964,2.884195193007999,-2.898663532817436,-2.503194056688596,0.5121412803532008,271,1.7651367465813979,0.9907592645517882,6.718796357899695,4.387520525451572,-3.8613587605910156,-3.339834227206251,0.5867158671586716,0.4861878453038674,4.5049504950495045,2.947019867549669,5.265682656826568
sector,Consumer Staples,219,16,8,219,184,0.15031315142478982,0.0582920431360989,1.6407287818661003,1.2617297960133222,-1.3702335390418419,-1.1470974044029358,0.5163043478260869,152,0.22446053378663247,-0.28261053977171047,2.504455679498285,1.7206780731563676,-2.4372304665434377,-2.0875972165370404,0.4342105263157895,131,0.1465879009039522,-0.1844709039074299,3.1664137380362587,2.237878159966855,-2.904603656892662,-2.7955271565495154,0.48854961832061067,96,1.2832744111125416,1.790757773484597,4.3900049097193135,4.254747659432079,-3.423160052958797,-2.8322832593635994,0.6770833333333334,0.4473684210526316,3.3684210526315788,2.7938931297709924,5.770833333333333
sector,Energy,177,16,8,177,148,-0.036201147911370794,-0.2444673185795109,1.693623932870937,1.0135315743974416,-1.9517104594069432,-1.7969530380689713,0.4391891891891892,121,-0.5915318196253648,-1.2340867757859253,3.0729295578926763,1.534526854219953,-3.721960937974709,-3.555695405915682,0.39669421487603307,115,2.3108782571998834,4.092883394587377,4.790685969712237,4.631372228131903,-4.172197838848058,-3.769841269841268,0.6956521739130435,86,7.256644124910096,7.328136632673332,9.011846399758225,7.901785714285725,-4.844359574557821,-4.354908216134068,0.9302325581395349,0.6857142857142857,3.32,3.3130434782608695,8.627906976744185
sector,Financial Services,1398,16,10,1398,1179,0.1278587003712579,0.0824931255728689,1.356679138612165,1.143147466023109,-1.033016335073516,-0.8691873098652936,0.5318066157760815,1024,0.31542668178729133,0.3661456132938889,2.402105479734305,1.9501955963974527,-1.8524593554404785,-1.551614946168456,0.5380859375,927,0.6365821455920346,0.5715918833952394,3.1861517115018114,2.6567944250871056,-2.235916061777755,-1.8746041798606727,0.5771305285868392,541,1.4506216814166026,1.1989630589760214,4.581508106548912,4.0473610896146095,-2.638181743926101,-2.2657807308970046,0.6598890942698706,0.579136690647482,4.351351351351352,3.0765911542610573,5.99815157116451
sector,Health Care,667,16,9,667,560,0.6150147815156298,0.4340276692675449,2.0930487923581045,1.623563218390811,-1.228276198073384,-1.0443424432559856,0.6142857142857143,459,1.9044094031210772,1.397428731134709,3.98829953962787,2.8886976477337845,-2.25648336081089,-1.852678571428568,0.7015250544662309,442,2.1851311488842557,1.5867946607984629,5.135955232807352,4.128000904081275,-2.72680106923689,-2.2623062411141257,0.6628959276018099,322,4.430486976010719,3.8019492893734297,7.619119722598769,6.838046272493581,-2.8399241696353443,-2.4920466595970248,0.8105590062111802,0.7605633802816901,4.709497206703911,3.323529411764706,6.611801242236025
sector,Industrials,1159,16,9,1159,983,0.15169330381594603,0.1055647715276553,1.7593192541154523,1.4581044641965637,-1.2849270126607966,-1.0459739179369154,0.5178026449643948,834,0.654346237710307,0.2564732067682928,3.3918998531933546,2.3781902552204137,-2.3299152104945176,-1.808659971925275,0.539568345323741,786,1.2142172597790026,0.5328596802841812,4.468063625806977,3.369788342784763,-2.770701055536914,-2.286000333722671,0.583969465648855,531,3.2826665098774894,2.6982637259502784,6.902749565119208,5.852417302798973,-3.157075074673406,-2.5771680548750564,0.7288135593220338,0.6644518272425249,4.352697095435684,3.118320610687023,6.365348399246704
sector,Miscellaneous / Other,29,15,9,29,20,1.8700738186068506,2.051835853131756,3.006098177163218,2.134900893290159,-0.8387128320625485,-0.7178210330131995,0.7,14,3.3030353156855745,1.8832621517185344,5.854114096500674,4.249102316539988,-1.9568981011379907,-1.2723845428840752,0.7857142857142857,14,3.3944612500028173,3.7574663603544445,6.917927972828385,4.276911716442411,-2.1749366217245227,-1.2723845428840752,0.7857142857142857,12,6.957511290711075,4.388111888111879,8.537202343477048,8.049533799533794,-2.2396522591813093,-1.2723845428840752,0.9166666666666666,,,3.4285714285714284,8.75
sector,Technology,671,16,9,671,571,0.6413686664897357,0.5498021875727233,2.150373905288627,1.677681748856119,-1.0891760197159155,-1.0183591508892589,0.6147110332749562,480,1.5287613503962902,1.1868520907989066,4.358943695823981,3.0812711104983848,-1.9861568240296277,-1.705164824550498,0.64375,439,2.0216800787400953,1.6047297297297147,5.542780474950351,4.343790607016906,-2.235751840420385,-1.949822743386964,0.6514806378132119,284,3.0048165911007434,2.1065942448508457,7.826998286136128,6.413092890009297,-2.6625594094997482,-2.092308670653958,0.704225352112676,0.7986111111111112,3.4603174603174605,3.214123006833713,5.070422535211268
sector,Unknown,469,1,2,469,430,-0.16378495017498157,-0.5439070662835443,1.890662862260535,1.1336577240366186,-1.5167197425131749,-1.3133642792698463,0.37209302325581395,398,0.32471320957217814,-0.38716251038675153,3.2163585976000024,1.820764119564311,-2.4032051025788252,-2.289223054877665,0.4271356783919598,382,0.8746538320261682,0.22191132696429688,3.9797153523327324,2.4323291893541876,-2.8478618203290123,-2.6171093691254983,0.5340314136125655,270,2.0760853208510928,1.6276347636679511,6.18548745680029,4.5307740808509305,-3.0203203802995815,-2.8663084112034776,0.5925925925925926,0.5371428571428571,4.103448275862069,2.764397905759162,6.007407407407407
sector,Utilities,77,16,8,77,67,-0.6384965211652589,-0.6552419354838634,0.6140095453434119,0.4091653027823216,-1.818646430415526,-1.957397812320083,0.34328358208955223,62,-0.3324420075092544,0.43689854974248155,1.2244784928339425,1.3472277739132288,-2.4342896246046983,-2.3859065057566964,0.5806451612903226,62,-0.14629815611298932,0.8058442536526433,1.8219212119920076,2.1416234887737584,-2.991565582188018,-2.3859065057566964,0.6774193548387096,32,0.6849084866509396,2.0495106505469263,3.170325735538688,3.4938763242918336,-4.046525471611448,-2.614346850845539,0.78125,0.0,10.0,3.2903225806451615,7.65625
stage,Stage 1,1148,17,9,1148,1015,0.35049988664032133,0.2745576571079988,1.72672528995263,1.2732138512691726,-1.166960358155955,-1.0443424432559856,0.5704433497536946,893,0.8185493488375718,0.4843232220239635,3.1906619580452356,2.233143022331441,-2.0365537947638983,-1.7212508275244454,0.5666293393057111,832,1.3523722571773402,1.0454002389486128,4.251496189241847,3.0812711104983848,-2.3913001862389818,-2.10115009633875,0.6069711538461539,558,2.7226549258687522,2.2220601436189313,6.0707219406661395,5.054827940710583,-2.5569072740559795,-2.3045639403524665,0.7706093189964157,0.5993485342019544,4.246636771300448,3.094951923076923,6.173835125448028
stage,Stage 2,3483,17,10,3483,2960,0.12837807557017994,-0.0155908949173722,1.6720690120472577,1.2991781286186388,-1.2413767974822112,-1.0172756275206196,0.4956081081081081,2530,0.5943480175421711,0.1323401972053717,3.1547233427750108,2.0900110164985053,-2.262536021764949,-1.8796414833215591,0.5181818181818182,2319,0.9966029701148176,0.4281746644036577,4.094022643841617,2.8863577530416684,-2.74106270768462,-2.353663528448624,0.5653298835705045,1479,2.49457085874925,1.6027075408368896,6.17293219949955,4.658445879819939,-3.3259612605175346,-2.769489710045137,0.6544962812711291,0.6065375302663438,4.269565217391304,3.030616645105649,6.033806626098715
stage,Stage 3,122,17,9,122,109,1.3173596626604385,1.1190015063481829,2.957022118845812,2.4547909336388285,-0.7284772003524014,-0.8967173738991141,0.6605504587155964,97,2.102757275979464,1.4845360824742304,4.470036904274761,3.741596024554217,-1.3318523213112312,-1.0307259150446724,0.6597938144329897,92,3.2066714493492094,2.850845698000004,5.318236691715665,4.592586591480575,-1.3775948198809942,-1.2555720898614786,0.8478260869565217,68,5.261704839930614,4.1985683555349596,8.772502384368188,7.9720359377575045,-2.23398416726842,-1.935357588510178,0.7058823529411765,0.725,3.838709677419355,3.4782608695652173,7.5
stage,Stage 4,11,9,5,11,4,0.9302739899968882,0.642653355298739,1.7186872730868663,1.3265950726468745,-0.1940568573486095,-0.5685407454200986,1.0,2,-3.173015470211304,-3.173015470211304,2.110779473526858,2.110779473526858,-5.484718154368645,-5.484718154368645,0.0,2,-0.5844527119719445,-0.5844527119719445,2.137520273103244,2.137520273103244,-5.484718154368645,-5.484718154368645,0.5,1,-5.79083929044214,-5.79083929044214,3.0447445062218748,3.0447445062218748,-6.84617421233783,-6.84617421233783,0.0,,,3.0,5.0
stage,Unknown,1084,17,9,1084,896,0.25960208843474136,0.2196997436836323,1.7171321900141658,1.4680527461430115,-1.3914015384775567,-1.216637518059449,0.5491071428571429,746,0.9173527303780717,0.5892134376883407,3.4068238961593162,2.3833352151401477,-2.3887703014543096,-2.1167132147581924,0.5871313672922251,709,1.4463813131370695,0.6873871202522919,4.600504910259926,3.288271830471312,-2.7172269654670402,-2.2578295702840534,0.6022566995768688,481,2.7757596420981954,1.9339957416607545,6.808723513924516,5.134820239680438,-3.0996752066174507,-2.7337342810278886,0.6902286902286903,0.6483516483516484,4.366834170854271,3.14950634696756,5.881496881496881
trigger_state_canonical,APPROACHING,528,17,8,528,451,0.13084779330660068,0.1622740753175477,1.3982995888266856,1.222556305667433,-1.2084327967190398,-0.9307558555794126,0.5565410199556541,370,0.6260976781910599,0.8181054605294502,2.6787638245828207,2.3103712860266024,-1.9955489170210625,-1.371689845684887,0.6189189189189189,348,1.1411741169222924,1.621316237559034,3.76767333512545,3.111730924351319,-2.3270893613935453,-1.5327065242703553,0.6494252873563219,223,2.5397386969930715,1.9996537396121727,5.997352201955001,5.116580310880825,-2.9954263399885876,-2.06119847003825,0.7757847533632287,0.628099173553719,4.7176470588235295,3.3045977011494254,6.071748878923767
trigger_state_canonical,AT_TRIGGER,126,16,9,126,98,0.1303942089684562,-0.00955584435440855,1.3599432987857425,1.433628318584068,-1.0381947505266858,-0.8624844783364116,0.4897959183673469,73,-0.32733665640105314,-0.1074755194649945,2.168956607061519,2.038816491890061,-2.5154351590373634,-2.528752763494546,0.4246575342465753,72,-1.1201165105228639,-0.9364820846905708,2.877290783739886,2.246928028086592,-3.405725774522408,-3.111936832326989,0.3611111111111111,46,1.076315470744923,1.5252820727120753,4.2737171932742255,3.5221238938053068,-4.329916132605158,-3.8166749615094755,0.6739130434782609,0.4444444444444444,3.357142857142857,2.6944444444444446,5.326086956521739
trigger_state_canonical,BEYOND_TRIGGER,1850,17,9,1850,1608,0.26461618294680594,0.0830871491875884,1.8644081309172151,1.4104338337322164,-1.292978042635548,-1.1506148700520025,0.5155472636815921,1405,0.8283333512376786,0.2271380604384587,3.496316459502467,2.292579090308533,-2.329980658239165,-2.095557418273264,0.5245551601423487,1294,1.2884603466612603,0.4458431681090946,4.5469521698196615,3.190213480450965,-2.7521729091711964,-2.418829789912402,0.5571870170015456,815,3.1576703522179583,2.619327910958913,6.848810218593055,5.461010922021869,-3.0509788707208783,-2.769489710045137,0.698159509202454,0.6638830897703549,4.030470914127424,2.989180834621329,6.094478527607362
trigger_state_canonical,EXTENDED_BEYOND_TRIGGER,866,17,10,866,759,0.015515984514984517,-0.1389403482771278,1.5995076961929613,1.2533333333333283,-1.5648243880132566,-1.3470908569790718,0.461133069828722,692,0.20526187401021423,0.0580460796570703,3.010705252806536,2.11014533420687,-2.671043169154425,-2.1496771344997057,0.5101156069364162,670,0.6138368500588804,0.16722244631834915,3.9123391079610204,2.8248784980205777,-3.077870573351006,-2.4820091055955285,0.5343283582089552,455,1.4274069552675908,0.9355587156649968,5.785186478487578,4.430697207824763,-3.698565365951953,-3.187819674081116,0.5956043956043956,0.5256410256410257,4.4605263157894735,2.9985074626865673,5.578021978021978
trigger_state_canonical,FRESHLY_TRIGGERED,894,17,9,894,708,0.4621657961571457,0.21664114272863516,1.9570928761436592,1.5004815590234366,-1.1597480877876944,-0.9548748614411906,0.5748587570621468,558,1.3952954340109152,0.6574523720582759,3.7832944025101907,2.2616599935072035,-2.039625660934677,-1.7212508275244454,0.6021505376344086,503,2.143772078735419,1.2696078431372548,5.047221004013761,3.1441942088329844,-2.412041838754815,-2.130681818181812,0.6819085487077535,333,5.063509859625387,3.2723611344185333,8.104347204843783,6.89424364123159,-2.676270158461737,-2.3039088791095064,0.8438438438438438,0.7210526315789474,4.195121951219512,3.3101391650099403,7.069069069069069
trigger_state_canonical,INVALIDATED,513,17,9,513,465,0.17774824080279433,0.0241080038573038,1.6043612574280424,1.2277624655474773,-1.0463082177620053,-0.9727626459143934,0.5032258064516129,423,0.6433977812096037,0.2342704149933094,2.9779447028475294,2.027551416375628,-1.9667319744972682,-1.6079965232507654,0.5366430260047281,383,1.362929416309062,0.8701472556894352,3.9205837950111198,2.9127829560585905,-2.402599661540018,-2.042270244597477,0.6370757180156658,304,1.9680098774366481,1.5277633520097256,5.062371340607625,3.7991251103286827,-2.8496881809142574,-2.5175360285677906,0.6743421052631579,0.5921052631578947,4.372549019607843,2.989556135770235,5.875
trigger_state_canonical,NEAR,469,17,8,469,399,0.2615711351874862,0.1216545012165504,1.5785741630482228,1.3084565059365172,-0.975545746431523,-0.9347069659548346,0.5388471177944862,328,0.544989116561312,0.29147485376327387,2.7143328383380068,2.1206646328821632,-1.904676336458495,-1.8046413776831471,0.5670731707317073,308,1.0383587364066773,0.7123180945491026,3.5847789289120855,2.857688999330988,-2.2085476270974387,-1.9437390115256803,0.6006493506493507,169,1.818212170384804,1.7513134851138368,5.583116697343564,4.37547217325609,-2.7426371382906454,-2.5737448720453138,0.6153846153846154,0.5934065934065934,4.6,3.1266233766233764,6.272189349112426
trigger_state_canonical,NOT_APPLICABLE,403,17,9,403,341,0.21794502366643578,0.1558379285542921,1.8128358117759806,1.2941897690893045,-1.197235342405706,-0.9307320565598688,0.5454545454545454,304,0.9001023779690807,0.0954328561690642,3.5450735526892307,2.314050940040957,-2.0480123733939912,-1.5828705531321041,0.5230263157894737,276,1.1274662071679467,0.6307390567888094,4.29116136718785,2.9947319857516863,-2.3908398256455747,-2.021532470105969,0.5978260869565217,171,1.2740522323348094,0.285632676378178,5.904767888772975,4.0473610896146095,-3.085371907725177,-2.4920466595970248,0.5263157894736842,0.4485981308411215,3.7096774193548385,3.068840579710145,5.578947368421052
trigger_state_canonical,TOO_FAR_BELOW,199,17,9,199,155,0.11645397230335167,0.2356780275561965,1.3813614813435937,1.210378494048414,-1.078222276695922,-0.9976525821596248,0.6064516129032258,115,0.8687113695946626,0.046067027525054,2.835264574781933,2.075926138318618,-1.7713697606770393,-1.6147635524798254,0.5304347826086957,100,1.292921565058462,0.5111412826451556,4.344473649858582,3.149339654588545,-2.582266938944299,-1.8782249742002155,0.54,71,3.485195902684296,2.3905354311501537,6.377313202982883,4.810267857142869,-2.963283884190001,-2.464819765563031,0.7605633802816901,0.7333333333333333,5.818181818181818,3.21,6.408450704225352
extension_state,EXTENDED,1528,17,9,1528,1344,0.22754896458983828,0.0413740691473707,1.7927410504938268,1.4216405821429356,-1.3939965008466473,-1.1911614040117535,0.5052083333333334,1207,0.430451441713669,0.2586652871184647,3.0638792568448827,2.203355569031751,-2.4766567116945697,-2.027089284068928,0.5426677713338857,1161,0.8291813068335958,0.5111412826451556,3.9517907883407606,2.928893436955504,-2.8501219721093616,-2.40047222404407,0.5693367786391043,773,1.7508288820096012,1.1173184357541777,5.861266589953814,4.27409586433638,-3.478313649885583,-3.1386224934612184,0.592496765847348,0.5023474178403756,4.169354838709677,3.0155038759689923,5.930142302716688
extension_state,EXTREME,181,17,9,181,124,0.33679273531232956,0.4812584810657716,1.4055818965309712,1.3080993194789836,-1.2980033594083904,-1.3163598038208546,0.5887096774193549,98,0.7225942289272139,0.6487922878221419,2.69698715337815,2.1115451493563198,-2.24905702193257,-2.1794221996958907,0.5612244897959183,94,1.3360083299336474,0.9951820044407755,3.933233525949874,3.1162722328384573,-2.439645604101921,-2.3563126890622565,0.6170212765957447,65,0.6241041440383199,0.1537557093112651,5.391713321015163,5.14083617531893,-3.3593669586743284,-2.802101576182148,0.5692307692307692,0.4864864864864865,4.379310344827586,3.393617021276596,5.046153846153846
extension_state,HEALTHY,1111,17,9,1111,879,0.3910128876548827,0.2640845070422726,1.7513789707533498,1.4970541837030282,-1.1021449075258762,-0.8756567425569184,0.602957906712173,738,1.407161063727073,0.9768915952020452,3.672888743811389,2.4080560420315367,-1.8186519046394738,-1.516108654453563,0.6260162601626016,658,1.7011670829277146,1.265925505152965,4.815528027984411,3.5073405785016165,-2.298577718437378,-1.9585772174696148,0.648936170212766,419,4.085088372868551,2.9084633086167377,7.531843706537878,6.655417464386537,-2.564359459078593,-2.163805436337629,0.8162291169451074,0.8181818181818182,3.8623853211009176,3.2507598784194527,6.20763723150358
extension_state,MODERATE,3028,17,9,3028,2637,0.16093470732614676,0.0323289796974046,1.6861937068393238,1.2461576804851715,-1.2068816903297526,-1.010681061215113,0.5051194539249146,2225,0.6686641011107534,0.142086737494762,3.20764856358476,2.1357985336308616,-2.2081541956681585,-1.8509511456982208,0.5155056179775281,2041,1.2484042154748511,0.5757196495619343,4.243127701597063,2.93514281205618,-2.6259313166041367,-2.270644942835509,0.576188143067124,1330,2.849810303015895,2.1127582584335336,6.281757541242735,4.90759738072798,-3.018037532457847,-2.519913016630204,0.7075187969924812,0.6221322537112011,4.478424015009381,3.0391964723174913,6.165413533834586
